0,1,274.23,138.705,18.9298,24.5582,274.23,138.705,18.9298,24.5582,0,0.807972,nan,nan
0,2,254.558,138.88,20.9598,24.1956,254.558,138.88,20.9598,24.1956,0,0.798035,nan,nan
0,3,525.561,140.093,19.0701,25.6455,525.561,140.093,19.0701,25.6455,0,0.797185,nan,nan
0,4,504.087,139.372,21.8247,24.9663,504.087,139.372,21.8247,24.9663,0,0.781047,nan,nan
0,5,195.184,138.836,21.5359,23.8961,195.184,138.836,21.5359,23.8961,0,0.779344,nan,nan
0,6,547.958,139.311,21.9541,23.9439,547.958,139.311,21.9541,23.9439,0,0.772259,nan,nan
0,7,372.053,138.406,21.3799,25.3283,372.053,138.406,21.3799,25.3283,0,0.770446,nan,nan
0,8,328.703,138.347,21.8757,25.2744,328.703,138.347,21.8757,25.2744,0,0.765255,nan,nan
0,9,295.819,138.299,19.4919,26.4464,295.819,138.299,19.4919,26.4464,0,0.763103,nan,nan
0,10,111.966,138.1,23.2705,24.4787,111.966,138.1,23.2705,24.4787,0,0.753689,nan,nan
0,11,351.057,138.465,18.5757,25.7564,351.057,138.465,18.5757,25.7564,0,0.739211,nan,nan
0,12,738.012,139.108,20.9812,23.741,738.012,139.108,20.9812,23.741,0,0.727409,nan,nan
0,13,596.054,138.321,26.1982,24.6951,596.054,138.321,26.1982,24.6951,0,0.726879,nan,nan
0,14,154.073,139.02,23.6932,23.8093,154.073,139.02,23.6932,23.8093,0,0.726131,nan,nan
0,15,417.443,138.358,19.4249,25.4965,417.443,138.358,19.4249,25.4965,0,0.682376,nan,nan
0,16,706.99,138.921,19.6754,24.6675,706.99,138.921,19.6754,24.6675,0,0.664896,nan,nan
0,17,232.317,139.053,18.0817,25.0435,232.317,139.053,18.0817,25.0435,0,0.621792,nan,nan
0,18,215.514,138.681,16.458,24.8241,215.514,138.681,16.458,24.8241,0,0.60198,nan,nan
0,19,628.726,139.445,21.8948,22.925,628.726,139.445,21.8948,22.925,0,0.542128,nan,nan
0,20,391.768,137.458,16.7084,27.8789,391.768,137.458,16.7084,27.8789,0,0.530695,nan,nan
0,21,468.919,135.88,20.7733,33.0706,468.919,135.88,20.7733,33.0706,0,0.489863,nan,nan
0,22,770.271,138.652,22.3439,24.2817,770.271,138.652,22.3439,24.2817,0,0.484887,nan,nan
0,23,650.169,139.237,20.677,22.3664,650.169,139.237,20.677,22.3664,0,0.482756,nan,nan
0,24,61.7008,135.218,25.9564,30.5793,61.7008,135.218,25.9564,30.5793,0,0.470663,nan,nan
0,25,441.001,136.871,18.6862,28.853,441.001,136.871,18.6862,28.853,0,0.436181,nan,nan
0,26,172.176,138.869,21.4402,24.2589,172.176,138.869,21.4402,24.2589,0,0.435967,nan,nan
0,27,570.338,138.925,19.5039,24.7017,570.338,138.925,19.5039,24.7017,0,0.435835,nan,nan
0,28,846.16,137.773,24.8181,26.2679,846.16,137.773,24.8181,26.2679,0,0.343811,nan,nan
0,29,815.79,138.663,24.0542,24.6613,815.79,138.663,24.0542,24.6613,0,0.261846,nan,nan
1,1,274.223,138.73,18.9258,24.5793,275.906,127.498,19.4058,24.659,0,0.807627,nan,nan
1,2,254.555,138.907,20.9906,24.2046,256.056,127.504,21.4927,24.3062,0,0.797854,nan,nan
1,3,525.578,140.009,19.0386,25.3559,529.167,130.947,19.4297,25.3993,0,0.795951,nan,nan
1,4,504.082,139.347,21.8056,24.7116,507.541,130.102,22.2161,24.7848,0,0.781166,nan,nan
1,5,195.19,138.853,21.5568,23.8633,196.123,126.935,22.0844,23.9788,0,0.77911,nan,nan
1,6,547.959,139.312,21.8931,23.9256,551.692,130.447,22.2772,23.9974,0,0.764554,nan,nan
1,7,372.056,138.428,21.355,25.2783,374.572,128.044,21.8243,25.363,0,0.769425,nan,nan
1,8,328.7,138.364,21.8772,25.2165,330.862,127.605,22.3684,25.3121,0,0.76187,nan,nan
1,9,295.822,138.313,19.5045,26.4438,297.702,127.269,20.0042,26.519,0,0.761889,nan,nan
1,10,111.965,138.113,23.2617,24.4847,112.044,125.474,23.8508,24.6243,0,0.753716,nan,nan
1,11,351.02,138.474,18.5925,25.7207,353.367,127.908,19.0535,25.7827,0,0.737328,nan,nan
1,12,738.013,139.12,21.0176,23.6684,742.689,131.896,21.3168,23.7092,0,0.726461,nan,nan
1,13,596.045,138.398,26.2937,24.7964,600.063,129.953,26.6906,24.8953,0,0.708643,nan,nan
1,14,154.062,139.034,23.6936,23.7913,154.575,126.758,24.2596,23.931,0,0.725472,nan,nan
1,15,417.423,138.392,19.3419,25.2977,420.289,128.402,19.7773,25.3586,0,0.681156,nan,nan
1,16,707.01,138.921,19.6847,24.5096,711.562,131.431,19.9987,24.5381,0,0.6671,nan,nan
1,17,232.3,139.094,18.1063,25.0101,233.59,127.497,18.6005,25.0872,0,0.621175,nan,nan
1,18,215.53,138.711,16.5008,24.7855,216.664,126.97,16.9829,24.8516,0,0.597992,nan,nan
1,19,628.708,139.474,21.7563,22.9329,632.888,131.305,22.0963,22.9983,0,0.540161,nan,nan
1,20,391.813,137.496,16.7278,27.7758,394.495,127.288,17.1821,27.8073,0,0.531932,nan,nan
1,21,468.901,135.869,20.6754,32.8864,472.163,126.336,21.1835,32.9168,0,0.476799,nan,nan
1,22,770.247,138.674,22.306,24.2442,775.047,131.731,22.6019,24.2884,0,0.501159,nan,nan
1,23,650.307,139.254,20.1531,22.2854,654.597,131.273,20.47,22.3377,0,0.491227,nan,nan
1,24,61.6975,135.237,25.9895,30.5732,61.2575,122.168,26.7174,30.7285,0,0.472445,nan,nan
1,25,440.898,136.885,18.6072,28.6224,443.953,127.105,19.0654,28.6589,0,0.431227,nan,nan
1,26,172.179,138.874,21.4881,24.2221,172.88,126.756,22.0293,24.339,0,0.435035,nan,nan
1,27,570.334,138.955,19.4528,24.7561,574.203,130.284,19.8221,24.7996,0,0.404511,nan,nan
1,28,846.201,137.803,24.6981,26.1891,851.245,131.52,24.9845,26.2308,0,0.364244,nan,nan
1,29,815.792,138.684,23.9905,24.6179,820.742,132.133,24.2755,24.6682,0,0.286178,nan,nan
2,1,274.225,138.719,18.9249,24.5928,276.139,127.86,19.3705,24.6683,0,0.807523,nan,nan
2,2,254.558,138.896,20.9926,24.2135,256.307,127.876,21.4579,24.3094,0,0.79797,nan,nan
2,3,525.585,139.981,19.0347,25.3098,529.219,131.155,19.399,25.3527,0,0.795953,nan,nan
2,4,504.088,139.327,21.8027,24.6699,507.605,130.329,22.1844,24.7404,0,0.781108,nan,nan
2,5,195.195,138.838,21.5594,23.8609,196.432,127.336,22.0476,23.9696,0,0.77911,nan,nan
2,6,547.964,139.295,21.8853,23.9198,551.729,130.653,22.243,23.989,0,0.764606,nan,nan
2,7,372.061,138.415,21.356,25.2792,374.728,128.351,21.7918,25.3599,0,0.769361,nan,nan
2,8,328.703,138.35,21.8788,25.2188,331.051,127.934,22.3346,25.3094,0,0.76227,nan,nan
2,9,295.826,138.298,19.5086,26.4492,297.919,127.615,19.9727,26.5206,0,0.761855,nan,nan
2,10,111.968,138.097,23.26,24.4875,112.434,125.92,23.8043,24.6183,0,0.753785,nan,nan
2,11,351.018,138.458,18.5999,25.7262,353.531,128.223,19.0286,25.7856,0,0.73738,nan,nan
2,12,738.019,139.104,21.0248,23.6544,742.634,132,21.3051,23.6955,0,0.72616,nan,nan
2,13,596.045,138.394,26.3187,24.8126,600.067,130.146,26.6884,24.9076,0,0.708587,nan,nan
2,14,154.064,139.019,23.6933,23.7888,154.922,127.182,24.2162,23.92,0,0.725449,nan,nan
2,15,417.425,138.38,19.3267,25.2745,420.407,128.684,19.7314,25.333,0,0.681309,nan,nan
2,16,707.018,138.903,19.6888,24.4821,711.521,131.55,19.9828,24.5116,0,0.666887,nan,nan
2,17,232.304,139.085,18.1088,25.0108,233.863,127.884,18.5674,25.0837,0,0.621315,nan,nan
2,18,215.54,138.698,16.5138,24.7847,216.959,127.362,16.9615,24.8472,0,0.598162,nan,nan
2,19,628.709,139.461,21.7307,22.9355,632.876,131.472,22.0478,22.9987,0,0.540114,nan,nan
2,20,391.824,137.486,16.7313,27.7659,394.641,127.585,17.1547,27.797,0,0.531201,nan,nan
2,21,468.9,135.85,20.6573,32.8605,472.241,126.583,21.1311,32.8912,0,0.477554,nan,nan
2,22,770.249,138.66,22.3022,24.238,774.976,131.819,22.5797,24.2823,0,0.500535,nan,nan
2,23,650.335,139.24,20.064,22.2715,654.602,131.426,20.3595,22.3221,0,0.491377,nan,nan
2,24,61.6999,135.222,25.9963,30.5734,61.6996,122.642,26.6692,30.7188,0,0.472564,nan,nan
2,25,440.889,136.868,18.5954,28.5952,444.042,127.368,19.0222,28.6311,0,0.431782,nan,nan
2,26,172.183,138.857,21.4958,24.2184,173.211,127.168,21.9967,24.3283,0,0.435245,nan,nan
2,27,570.341,138.943,19.4474,24.7583,574.228,130.484,19.7923,24.8012,0,0.40354,nan,nan
2,28,846.216,137.791,24.6771,26.173,851.163,131.569,24.9465,26.2155,0,0.364208,nan,nan
2,29,815.801,138.671,23.9816,24.608,820.663,132.198,24.2492,24.6582,0,0.286055,nan,nan
3,1,274.214,138.751,18.946,24.5801,278.154,115.374,19.8351,24.7116,0,0.806071,nan,nan
3,2,254.555,138.93,21.0182,24.1823,258.174,115.196,21.9444,24.359,0,0.797433,nan,nan
3,3,525.589,139.982,18.9706,25.0672,532.918,121.121,19.7055,25.1391,0,0.796825,nan,nan
3,4,504.077,139.355,21.7376,24.4696,511.171,120.114,22.5063,24.602,0,0.785155,nan,nan
3,5,195.188,138.862,21.6055,23.783,197.813,114.056,22.573,23.9864,0,0.776716,nan,nan
3,6,547.937,139.34,21.774,23.7725,555.526,120.887,22.498,23.9036,0,0.762076,nan,nan
3,7,372.049,138.455,21.2627,25.1838,377.461,116.846,22.1337,25.3296,0,0.768964,nan,nan
3,8,328.682,138.388,21.8628,25.1415,333.467,115.997,22.7724,25.3083,0,0.760463,nan,nan
3,9,295.821,138.336,19.5144,26.404,300.109,115.353,20.4412,26.5248,0,0.75803,nan,nan
3,10,111.962,138.129,23.293,24.504,113.098,111.822,24.3692,24.7505,0,0.751593,nan,nan
3,11,351.007,138.511,18.5741,25.6099,356.118,116.522,19.4309,25.7081,0,0.736187,nan,nan
3,12,738.033,139.106,20.9714,23.6235,747.367,124.065,21.5549,23.7014,0,0.728214,nan,nan
3,13,596.39,138.463,25.3351,24.5743,604.502,120.89,26.0767,24.7495,0,0.685897,nan,nan
3,14,154.074,139.048,23.7519,23.7617,155.965,113.496,24.7865,24.013,0,0.719702,nan,nan
3,15,417.412,138.449,19.2378,25.1019,423.445,117.658,20.0481,25.2018,0,0.688595,nan,nan
3,16,707.07,138.956,19.5331,24.327,716.169,123.363,20.1389,24.377,0,0.671334,nan,nan
3,17,232.281,139.122,18.1585,24.913,235.53,114.984,19.0704,25.037,0,0.621101,nan,nan
3,18,215.548,138.736,16.5685,24.6848,218.525,114.299,17.4586,24.7855,0,0.593993,nan,nan
3,19,628.995,139.25,22.6797,22.7323,637.409,122.253,23.3356,22.8744,0,0.58387,nan,nan
3,20,391.81,137.535,16.6857,27.6809,397.519,116.292,17.5357,27.7153,0,0.547025,nan,nan
3,21,468.846,135.866,20.5904,32.7538,475.591,116.028,21.5467,32.7863,0,0.474639,nan,nan
3,22,770.27,138.68,22.3028,24.1743,779.842,124.222,22.8832,24.262,0,0.512568,nan,nan
3,23,650.001,139.152,20.9802,22.753,658.61,122.533,21.6065,22.8601,0,0.557508,nan,nan
3,24,61.6896,135.254,26.0162,30.5713,61.9299,108.055,27.3442,30.836,0,0.473548,nan,nan
3,25,440.748,136.964,18.4465,28.3545,447.118,116.609,19.3017,28.4015,0,0.443424,nan,nan
3,26,172.1,138.879,21.6421,24.152,174.319,113.655,22.6358,24.3582,0,0.420907,nan,nan
3,27,570.32,138.993,19.4809,24.5699,578.156,120.946,20.1813,24.646,0,0.415364,nan,nan
3,28,846.207,137.804,24.6775,26.2341,856.26,124.716,25.2518,26.3196,0,0.357498,nan,nan
3,29,815.829,138.706,23.8793,24.6045,825.693,125.062,24.4446,24.7048,0,0.284517,nan,nan
4,1,274.222,138.716,18.9536,24.5764,278.115,115.438,19.8614,24.7047,0,0.805977,nan,nan
4,2,254.566,138.896,21.0275,24.1726,258.133,115.26,21.973,24.3464,0,0.797387,nan,nan
4,3,525.605,139.938,18.9513,24.9836,532.948,121.182,19.6974,25.0509,0,0.796762,nan,nan
4,4,504.087,139.322,21.7162,24.4015,511.191,120.185,22.4972,24.5295,0,0.785294,nan,nan
4,5,195.198,138.826,21.6218,23.7596,197.749,114.116,22.6098,23.9608,0,0.776744,nan,nan
4,6,547.943,139.31,21.7429,23.7225,555.55,120.963,22.4782,23.8487,0,0.762194,nan,nan
4,7,372.058,138.423,21.236,25.1516,377.451,116.915,22.1232,25.2932,0,0.768873,nan,nan
4,8,328.686,138.355,21.859,25.1166,333.442,116.064,22.7865,25.2798,0,0.760541,nan,nan
4,9,295.831,138.305,19.5181,26.3899,300.08,115.421,20.4637,26.507,0,0.757849,nan,nan
4,10,111.971,138.094,23.3043,24.5095,113.004,111.881,24.4047,24.7539,0,0.751636,nan,nan
4,11,351.017,138.484,18.5675,25.5695,356.104,116.596,19.4406,25.6638,0,0.736071,nan,nan
4,12,738.054,139.064,20.9562,23.615,747.426,124.135,21.5477,23.6867,0,0.727824,nan,nan
4,13,596.516,138.44,25.0178,24.4945,604.654,120.976,25.7668,24.6596,0,0.685604,nan,nan
4,14,154.089,139.013,23.7724,23.7586,155.892,113.557,24.8299,24.0079,0,0.720104,nan,nan
4,15,417.421,138.428,19.2117,25.0482,423.446,117.739,20.0362,25.1437,0,0.68845,nan,nan
4,16,707.099,138.93,19.4907,24.2793,716.233,123.447,20.1045,24.3231,0,0.670972,nan,nan
4,17,232.285,139.089,18.176,24.883,235.474,115.049,19.1069,25.0044,0,0.620902,nan,nan
4,18,215.562,138.703,16.5875,24.6542,218.474,114.364,17.4963,24.7523,0,0.593766,nan,nan
4,19,629.106,139.14,22.9926,22.6683,637.551,122.254,23.6608,22.8116,0,0.582054,nan,nan
4,20,391.819,137.507,16.6724,27.6536,397.514,116.366,17.5386,27.6832,0,0.546674,nan,nan
4,21,468.843,135.827,20.573,32.7216,475.593,116.094,21.5465,32.7477,0,0.474121,nan,nan
4,22,770.294,138.644,22.3102,24.1561,779.905,124.297,22.8983,24.2377,0,0.512034,nan,nan
4,23,649.907,139.081,21.2858,22.9081,658.547,122.569,21.928,23.0134,0,0.555493,nan,nan
4,24,61.6966,135.218,26.0233,30.5713,61.8141,108.113,27.3813,30.8336,0,0.473942,nan,nan
4,25,440.716,136.953,18.4015,28.2787,447.083,116.7,19.2709,28.3204,0,0.443048,nan,nan
4,26,172.083,138.841,21.6912,24.1327,174.22,113.712,22.7068,24.3373,0,0.42102,nan,nan
4,27,570.333,138.962,19.4934,24.5077,578.19,121.022,20.2048,24.5794,0,0.415544,nan,nan
4,28,846.222,137.767,24.6791,26.2541,856.316,124.793,25.2603,26.3318,0,0.357396,nan,nan
4,29,815.857,138.675,23.8488,24.606,825.761,125.145,24.4208,24.6989,0,0.284121,nan,nan
5,1,274.209,138.732,18.9254,24.5548,280.309,103.681,20.3229,24.7066,0,0.808059,nan,nan
5,2,254.553,138.909,21.0041,24.1317,260.158,103.29,22.4584,24.3568,0,0.799552,nan,nan
5,3,525.616,139.847,18.9335,24.9265,536.923,111.975,20.0787,24.9859,0,0.79734,nan,nan
5,4,504.079,139.289,21.7384,24.3461,515.026,110.813,22.937,24.5037,0,0.788152,nan,nan
5,5,195.187,138.844,21.5799,23.6863,199.255,101.517,23.0981,23.9548,0,0.778599,nan,nan
5,6,547.945,139.286,21.7485,23.8188,559.647,112.062,22.8809,23.9721,0,0.767592,nan,nan
5,7,372.046,138.433,21.2045,25.1648,380.414,106.196,22.5697,25.3375,0,0.771959,nan,nan
5,8,328.453,138.187,21.9317,25.5555,335.858,104.703,23.3773,25.7578,0,0.763806,nan,nan
5,9,295.819,138.322,19.4695,26.3785,302.457,103.899,20.9254,26.5085,0,0.762136,nan,nan
5,10,111.968,138.117,23.2628,24.5102,113.735,98.3995,24.9577,24.8434,0,0.753265,nan,nan
5,11,351.004,138.493,18.5292,25.5587,358.908,105.651,19.8731,25.6554,0,0.738859,nan,nan
5,12,738.16,139.03,21.1678,23.8719,752.509,117.221,22.0845,23.944,0,0.742138,nan,nan
5,13,596.171,138.498,25.5554,24.6074,608.664,112.665,26.7164,24.8365,0,0.660677,nan,nan
5,14,154.062,139.035,23.7271,23.7248,156.996,100.519,25.3534,24.0686,0,0.723271,nan,nan
5,15,417.406,138.444,19.2176,25.0184,426.727,107.506,20.4858,25.1209,0,0.700069,nan,nan
5,16,707.022,138.896,19.5785,24.358,721.014,116.207,20.5239,24.3847,0,0.688567,nan,nan
5,17,232.29,139.106,18.1486,24.8182,237.323,102.843,19.5811,24.9582,0,0.629195,nan,nan
5,18,215.513,138.724,16.541,24.5903,220.126,101.984,17.9397,24.6931,0,0.602906,nan,nan
5,19,629.137,139.133,23.1859,22.6484,642.097,114.225,24.2126,22.8395,0,0.565325,nan,nan
5,20,391.792,137.517,16.6366,27.6396,400.616,105.862,17.9708,27.6302,0,0.554646,nan,nan
5,21,468.86,135.832,20.6048,32.5198,479.276,106.416,22.0981,32.5019,0,0.469003,nan,nan
5,22,770.327,138.648,22.3693,24.2175,785.03,117.76,23.2728,24.3049,0,0.528367,nan,nan
5,23,649.836,139.077,21.3652,22.9608,663.088,114.758,22.3531,23.087,0,0.551606,nan,nan
5,24,61.665,135.237,26.0032,30.5763,62.0456,94.1043,28.0983,30.9241,0,0.477523,nan,nan
5,25,440.756,136.993,18.4018,28.1635,450.594,106.75,19.7372,28.176,0,0.455096,nan,nan
5,26,172.109,138.855,21.5921,24.0808,175.55,100.863,23.1525,24.3516,0,0.437234,nan,nan
5,27,570.471,138.998,19.5927,24.4563,582.55,112.422,20.6859,24.5277,0,0.414793,nan,nan
5,28,846.221,137.743,24.6996,26.4144,861.643,119.026,25.5938,26.4897,0,0.382042,nan,nan
5,29,815.859,138.658,23.9346,24.7081,830.998,119.06,24.814,24.8131,0,0.293826,nan,nan
5,31,670.446,138.563,16.3892,24.1221,683.99,114.842,17.3242,24.0752,0,0.327757,nan,nan
6,1,274.225,138.706,18.9141,24.5452,280.575,103.755,20.2798,24.6884,0,0.807649,nan,nan
6,2,254.57,138.883,21.0041,24.1215,260.444,103.372,22.4238,24.3372,0,0.799255,nan,nan
6,3,525.638,139.791,18.9321,24.92,537.022,111.928,20.0626,24.977,0,0.79727,nan,nan
6,4,504.098,139.251,21.7507,24.335,515.131,110.791,22.9319,24.4891,0,0.787811,nan,nan
6,5,195.2,138.82,21.5713,23.6719,199.599,101.624,23.0499,23.9292,0,0.778307,nan,nan
6,6,547.966,139.248,21.7568,23.8578,559.735,112.024,22.8766,24.0074,0,0.767699,nan,nan
6,7,372.062,138.405,21.1976,25.1714,380.597,106.231,22.5363,25.337,0,0.771967,nan,nan
6,8,328.391,138.095,21.9596,25.7044,335.998,104.69,23.3808,25.8968,0,0.76349,nan,nan
6,9,295.835,138.296,19.4538,26.3718,302.702,103.965,20.878,26.4934,0,0.761477,nan,nan
6,10,111.984,138.091,23.2553,24.5161,114.179,98.5362,24.9026,24.8351,0,0.752945,nan,nan
6,11,351.015,138.461,18.5217,25.5579,359.102,105.691,19.8392,25.6481,0,0.738586,nan,nan
6,12,738.218,138.989,21.2444,23.9622,752.594,117.114,22.1636,24.0359,0,0.741785,nan,nan
6,13,596.073,138.488,25.7454,24.6527,608.613,112.632,26.8989,24.8832,0,0.660299,nan,nan
6,14,154.073,139.01,23.7188,23.7212,157.383,100.641,25.3003,24.0518,0,0.722658,nan,nan
6,15,417.423,138.417,19.2265,25.0224,426.879,107.526,20.473,25.12,0,0.699827,nan,nan
6,16,707.016,138.855,19.6115,24.389,721.036,116.109,20.5555,24.4174,0,0.688218,nan,nan
6,17,232.311,139.08,18.1399,24.8047,237.635,102.934,19.5383,24.9356,0,0.628312,nan,nan
6,18,215.521,138.7,16.5268,24.5764,220.442,102.084,17.8921,24.6701,0,0.601866,nan,nan
6,19,629.162,139.107,23.2352,22.6501,642.163,114.169,24.2541,22.8406,0,0.566753,nan,nan
6,20,391.804,137.488,16.6282,27.6419,400.779,105.89,17.9394,27.6277,0,0.554601,nan,nan
6,21,468.886,135.805,20.6212,32.4595,479.406,106.417,22.0911,32.4401,0,0.469062,nan,nan
6,22,770.357,138.621,22.3875,24.2402,785.087,117.654,23.2932,24.3295,0,0.528076,nan,nan
6,23,649.838,139.048,21.3803,22.9758,663.126,114.692,22.3622,23.1012,0,0.551049,nan,nan
6,24,61.6736,135.212,26.0016,30.5771,62.546,94.2623,28.0368,30.9074,0,0.477833,nan,nan
6,25,440.801,136.975,18.4143,28.1413,450.759,106.772,19.7282,28.1507,0,0.455104,nan,nan
6,26,172.127,138.83,21.5705,24.0726,175.925,100.977,23.0892,24.3312,0,0.434547,nan,nan
6,27,570.542,138.98,19.6322,24.4455,582.679,112.397,20.7138,24.5165,0,0.414702,nan,nan
6,28,846.242,137.707,24.7058,26.4717,861.697,118.884,25.6091,26.5497,0,0.382093,nan,nan
6,29,815.883,138.624,23.965,24.7437,831.052,118.931,24.8505,24.8513,0,0.293908,nan,nan
6,31,670.475,138.539,16.4072,24.133,684.051,114.774,17.3383,24.0881,0,0.326586,nan,nan
7,1,274.214,138.723,18.9433,24.4934,298.446,79.1596,20.188,25.3117,0,0.806185,nan,nan
7,2,254.57,138.902,21.0407,24.0537,278.874,78.3608,22.2536,24.9758,0,0.797849,nan,nan
7,3,525.613,139.805,18.9506,24.9342,549.079,92.7576,20.2062,25.7873,0,0.797344,nan,nan
7,4,504.087,139.269,21.7521,24.3912,527.617,91.1501,22.9755,25.3826,0,0.786179,nan,nan
7,5,195.18,138.84,21.6117,23.6255,219.756,75.3469,22.7997,24.5701,0,0.776601,nan,nan
7,6,547.953,139.268,21.8062,23.8467,571.413,93.3371,23.0007,24.849,0,0.7642,nan,nan
7,7,372.049,138.422,21.2257,25.1579,395.946,83.7289,22.4937,26.1004,0,0.770388,nan,nan
7,8,328.354,138.086,22.0134,25.7287,352.414,81.2202,23.3105,26.7011,0,0.760081,nan,nan
7,9,295.832,138.317,19.481,26.3227,319.999,79.832,20.8207,27.1614,0,0.757572,nan,nan
7,10,111.98,138.109,23.2799,24.55,137.032,70.4864,24.5107,25.5601,0,0.750134,nan,nan
7,11,351.006,138.483,18.5335,25.5348,374.967,82.7416,19.8311,26.3385,0,0.736241,nan,nan
7,12,738.149,139.037,20.877,23.826,761.54,102.601,22.0674,24.8084,0,0.745234,nan,nan
7,13,595.903,138.488,25.9758,24.6244,619.349,94.9514,27.2054,25.8385,0,0.662389,nan,nan
7,14,154.072,139.034,23.766,23.719,178.844,73.4971,24.9485,24.7645,0,0.715951,nan,nan
7,15,417.421,138.433,19.2374,25.0108,441.187,85.9988,20.5015,25.8615,0,0.691955,nan,nan
7,16,707.016,138.852,19.5302,24.402,730.405,100.862,20.7497,25.3111,0,0.69264,nan,nan
7,17,232.317,139.081,18.1599,24.7036,256.708,77.4323,19.4214,25.4761,0,0.625193,nan,nan
7,18,215.509,138.716,16.5465,24.5097,239.996,76.2335,17.8059,25.2004,0,0.598787,nan,nan
7,19,629.215,139.092,23.1351,22.5968,652.606,97.2161,24.2645,23.6806,0,0.564624,nan,nan
7,20,391.779,137.504,16.6474,27.612,415.666,83.7976,18.0576,28.3179,0,0.549532,nan,nan
7,21,468.905,135.821,20.6216,32.5527,492.683,85.9637,22.2726,33.4475,0,0.465496,nan,nan
7,22,770.33,138.66,22.2988,24.1848,793.761,103.834,23.5073,25.2416,0,0.541709,nan,nan
7,23,649.842,139.041,21.2253,22.9072,673.226,98.1946,22.3714,23.8975,0,0.561196,nan,nan
7,24,61.659,135.234,25.9945,30.5813,87.1687,65.1324,27.5456,31.6793,0,0.471335,nan,nan
7,25,440.784,137.004,18.3892,28.111,464.565,85.74,19.8163,28.909,0,0.449079,nan,nan
7,26,172.048,138.854,21.6584,24.0496,196.738,74.211,22.8697,24.9909,0,0.420763,nan,nan
7,27,570.59,139.114,19.6934,24.3676,594.03,94.3126,20.9167,25.2658,0,0.357997,nan,nan
7,28,846.253,137.707,24.6517,26.3971,869.821,106.679,25.9698,27.5774,0,0.396005,nan,nan
7,29,815.896,138.666,23.961,24.6583,839.374,106.118,25.194,25.8038,0,0.319391,nan,nan
7,31,670.438,138.527,16.3607,24.0169,693.843,98.7108,17.5628,24.7634,0,0.359357,nan,nan
8,1,274.226,138.695,18.9567,24.4844,298.973,79.1761,20.2,25.2306,0,0.806327,nan,nan
8,2,254.585,138.874,21.0482,24.0375,279.442,78.3684,22.2555,24.889,0,0.798126,nan,nan
8,3,525.619,139.783,18.9634,24.9469,549.183,92.8802,20.2062,25.7367,0,0.797695,nan,nan
8,4,504.103,139.244,21.7539,24.4113,527.76,91.2626,22.962,25.3406,0,0.786129,nan,nan
8,5,195.19,138.813,21.6267,23.6142,220.445,75.332,22.8099,24.4877,0,0.776786,nan,nan
8,6,547.969,139.244,21.8281,23.8447,571.499,93.4689,23.0038,24.7894,0,0.764728,nan,nan
8,7,372.063,138.394,21.2363,25.1545,396.294,83.7857,22.4952,26.0275,0,0.770661,nan,nan
8,8,328.361,138.051,22.0336,25.7379,352.833,81.252,23.3234,26.6377,0,0.760226,nan,nan
8,9,295.847,138.291,19.4922,26.3144,320.488,79.8599,20.8311,27.0761,0,0.757928,nan,nan
8,10,111.994,138.079,23.287,24.5644,137.917,70.441,24.5158,25.4968,0,0.750446,nan,nan
8,11,351.019,138.455,18.5413,25.5304,375.352,82.7901,19.836,26.2613,0,0.736476,nan,nan
8,12,738.141,139.023,20.7417,23.7734,761.407,102.828,21.9036,24.6975,0,0.745495,nan,nan
8,13,595.861,138.454,26.0653,24.6169,619.32,95.094,27.2689,25.778,0,0.662615,nan,nan
8,14,154.086,139.008,23.7758,23.721,179.628,73.4669,24.9512,24.6941,0,0.716718,nan,nan
8,15,417.441,138.404,19.2484,25.008,441.465,86.0732,20.5043,25.7906,0,0.691709,nan,nan
8,16,707.035,138.82,19.5048,24.4076,730.326,101.058,20.701,25.2602,0,0.693449,nan,nan
8,17,232.339,139.047,18.1644,24.676,257.329,77.4256,19.4279,25.3736,0,0.625495,nan,nan
8,18,215.524,138.687,16.5561,24.4934,240.647,76.2257,17.8219,25.1087,0,0.599055,nan,nan
8,19,629.257,139.056,23.0957,22.5792,652.624,97.3735,24.2008,23.6095,0,0.561747,nan,nan
8,20,391.788,137.475,16.6573,27.602,415.976,83.8637,18.0671,28.2294,0,0.549957,nan,nan
8,21,468.929,135.797,20.6375,32.601,492.887,86.0734,22.2831,33.407,0,0.466551,nan,nan
8,22,770.34,138.644,22.2661,24.1645,793.622,104.074,23.4449,25.169,0,0.542254,nan,nan
8,23,649.864,139.006,21.1716,22.8763,673.203,98.3614,22.2939,23.8114,0,0.558626,nan,nan
8,24,61.6698,135.206,25.9887,30.5819,88.1806,65.081,27.5462,31.5782,0,0.47249,nan,nan
8,25,440.806,136.981,18.3913,28.1059,464.81,85.8352,19.8124,28.8262,0,0.449654,nan,nan
8,26,172.041,138.828,21.6809,24.044,197.461,74.1875,22.8893,24.9124,0,0.422009,nan,nan
8,27,570.625,139.131,19.7259,24.3397,594.105,94.4966,20.9307,25.1794,0,0.35873,nan,nan
8,28,846.279,137.677,24.6321,26.3661,869.653,106.945,25.9138,27.4933,0,0.396535,nan,nan
8,29,815.92,138.651,23.9614,24.6258,839.222,106.382,25.1612,25.7219,0,0.319918,nan,nan
8,31,670.447,138.494,16.3503,23.9777,693.786,98.8895,17.5318,24.6669,0,0.360459,nan,nan
9,1,274.231,138.716,18.9555,24.4959,306.624,65.497,20.4478,25.4073,0,0.806902,nan,nan
9,2,254.587,138.893,21.0414,24.0329,287.168,64.4892,22.4793,25.0691,0,0.799678,nan,nan
9,3,525.61,139.813,18.9835,24.9446,556.017,81.7598,20.5165,25.9246,0,0.799355,nan,nan
9,4,504.073,139.262,21.7523,24.409,534.633,79.9092,23.2335,25.5537,0,0.788346,nan,nan
9,5,195.187,138.806,21.6174,23.6302,228.423,60.8302,23.0152,24.689,0,0.777395,nan,nan
9,6,547.962,139.281,21.8582,23.9101,578.292,82.584,23.3107,25.0766,0,0.762655,nan,nan
9,7,372.057,138.421,21.2932,25.2289,403.583,71.1002,22.8201,26.3018,0,0.769733,nan,nan
9,8,328.56,138.269,21.9483,25.3554,360.469,68.327,23.4745,26.4542,0,0.759885,nan,nan
9,9,295.85,138.322,19.493,26.3362,328.059,66.4091,21.1068,27.2687,0,0.758372,nan,nan
9,10,111.99,138.087,23.2663,24.6021,146.297,55.1209,24.7023,25.7263,0,0.749863,nan,nan
9,11,351.001,138.492,18.5664,25.6072,382.697,69.901,20.1406,26.5065,0,0.735237,nan,nan
9,12,738.197,139.012,20.9168,23.9554,767.979,93.8536,22.3936,25.1163,0,0.755129,nan,nan
9,13,596.214,138.434,25.2745,24.6303,626.39,84.6654,26.765,26.0119,0,0.671567,nan,nan
9,14,154.079,139,23.7756,23.7495,187.789,58.5512,25.1511,24.9259,0,0.71785,nan,nan
9,15,417.454,138.393,19.3153,25.1332,448.632,73.8126,20.8539,26.1003,0,0.691167,nan,nan
9,16,707.021,138.833,19.4464,24.4392,736.859,91.7814,20.9533,25.4997,0,0.70576,nan,nan
9,17,232.351,139.058,18.1368,24.6634,265.155,63.315,19.6477,25.5128,0,0.629409,nan,nan
9,18,215.5,138.687,16.5421,24.5127,248.514,61.9338,18.0597,25.2627,0,0.60224,nan,nan
9,19,629.133,139.059,22.7029,22.5282,659.152,87.2808,24.0728,23.7759,0,0.638303,nan,nan
9,20,391.796,137.481,16.7189,27.6988,423.228,71.36,18.4485,28.4802,0,0.540775,nan,nan
9,21,468.928,135.813,20.6309,32.6514,499.925,74.3627,22.6599,33.6541,0,0.460004,nan,nan
9,22,770.279,138.656,22.073,24.1526,800.056,95.449,23.5641,25.3914,0,0.556031,nan,nan
9,23,649.871,139.021,20.9714,22.924,679.83,88.5006,22.3745,24.0698,0,0.674684,nan,nan
9,24,61.6627,135.222,25.9788,30.5813,96.8553,49.2719,27.7961,31.7817,0,0.467838,nan,nan
9,25,440.836,136.946,18.433,28.2502,471.944,73.7893,20.1855,29.1452,0,0.442059,nan,nan
9,26,172.08,138.812,21.5592,24.0537,205.586,59.4471,22.9849,25.0984,0,0.428513,nan,nan
9,27,570.8,139.251,19.2585,24.6835,601.028,83.9369,20.775,25.694,0,0.451589,nan,nan
9,28,846.323,137.626,24.4998,26.3652,876.176,99.0488,26.1365,27.764,0,0.455343,nan,nan
9,29,815.913,138.623,23.8033,24.6362,845.686,98.1912,25.3297,25.991,0,0.33627,nan,nan
9,31,670.429,138.509,16.307,24.0503,700.365,89.2383,17.795,24.9121,0,0.403326,nan,nan
10,1,274.242,138.692,18.9561,24.5079,305.201,64.3708,20.4843,25.5626,0,0.806861,nan,nan
10,2,254.596,138.867,21.0388,24.0362,285.653,63.3344,22.5228,25.2179,0,0.79981,nan,nan
10,3,525.627,139.789,18.9792,24.9321,555.561,80.9861,20.5478,26.0349,0,0.799229,nan,nan
10,4,504.073,139.234,21.7591,24.4051,534.093,79.0999,23.2856,25.677,0,0.788287,nan,nan
10,5,195.196,138.771,21.6138,23.6364,226.62,59.5794,23.0623,24.8445,0,0.777536,nan,nan
10,6,547.97,139.263,21.8693,23.9344,577.894,81.8429,23.3693,25.2227,0,0.763256,nan,nan
10,7,372.065,138.399,21.3171,25.2667,402.574,70.1131,22.8904,26.4823,0,0.769805,nan,nan
10,8,328.645,138.32,21.9158,25.2175,359.353,67.3555,23.4796,26.4618,0,0.759804,nan,nan
10,9,295.863,138.302,19.4968,26.3516,326.734,65.3155,21.1457,27.4352,0,0.758334,nan,nan
10,10,111.998,138.055,23.2628,24.6155,144.054,53.7475,24.7574,25.9036,0,0.74966,nan,nan
10,11,351.003,138.473,18.5792,25.6475,381.598,68.887,20.1881,26.6886,0,0.735279,nan,nan
10,12,738.229,138.978,20.9808,24.0195,768.055,93.3441,22.5032,25.2881,0,0.755098,nan,nan
10,13,596.359,138.396,24.9823,24.6344,626.264,83.973,26.5276,26.1223,0,0.67161,nan,nan
10,14,154.083,138.964,23.7737,23.7586,185.771,57.2407,25.2115,25.0915,0,0.717686,nan,nan
10,15,417.467,138.358,19.3418,25.183,447.804,72.8749,20.92,26.2858,0,0.691381,nan,nan
10,16,707.029,138.807,19.4229,24.4484,736.852,91.2391,20.9695,25.6137,0,0.706317,nan,nan
10,17,232.362,139.03,18.129,24.6629,263.538,62.126,19.6705,25.6582,0,0.629706,nan,nan
10,18,215.5,138.655,16.5402,24.5205,246.803,60.714,18.0812,25.4153,0,0.602728,nan,nan
10,19,629.099,139.031,22.5542,22.5125,658.93,86.6339,23.9706,23.8613,0,0.637555,nan,nan
10,20,391.809,137.453,16.7424,27.7425,422.3,70.389,18.4973,28.6696,0,0.540583,nan,nan
10,21,468.945,135.785,20.6326,32.6658,499.281,73.4917,22.6956,33.832,0,0.460202,nan,nan
10,22,770.269,138.63,22.0001,24.1461,800.143,94.9838,23.5341,25.4836,0,0.555808,nan,nan
10,23,649.888,138.997,20.8901,22.9385,679.707,87.8868,22.3369,24.187,0,0.672788,nan,nan
10,24,61.6685,135.194,25.9727,30.5783,94.3161,47.8108,27.846,31.9847,0,0.467007,nan,nan
10,25,440.854,136.901,18.4489,28.305,471.205,72.8676,20.2346,29.3454,0,0.44248,nan,nan
10,26,172.103,138.774,21.5163,24.0578,203.68,58.1604,22.9917,25.2533,0,0.429319,nan,nan
10,27,570.872,139.262,19.0847,24.8122,600.757,83.259,20.6475,25.9303,0,0.451773,nan,nan
10,28,846.351,137.577,24.4539,26.3657,876.409,98.6553,26.1374,27.868,0,0.454298,nan,nan
10,29,815.923,138.583,23.7463,24.6396,845.862,97.7704,25.3182,26.0937,0,0.334883,nan,nan
10,31,670.429,138.485,16.2884,24.0763,700.273,88.6491,17.81,25.041,0,0.40227,nan,nan
11,1,274.228,138.711,19.0006,24.4657,310.45,48.3714,20.8134,25.8909,0,0.805323,nan,nan
11,2,254.586,138.887,21.0944,24.0093,290.852,47.0588,22.8637,25.5906,0,0.798129,nan,nan
11,3,525.602,139.848,18.9542,25.0839,561.347,68.5837,20.8425,26.5436,0,0.799498,nan,nan
11,4,504.062,139.276,21.7348,24.537,539.857,66.3755,23.5779,26.2041,0,0.790918,nan,nan
11,5,195.181,138.792,21.6527,23.5786,231.654,42.4639,23.3788,25.194,0,0.776345,nan,nan
11,6,547.972,139.281,21.8844,24.0292,583.756,69.7168,23.6954,25.7138,0,0.767423,nan,nan
11,7,372.054,138.416,21.3188,25.3022,408.068,55.4939,23.2021,26.9176,0,0.770315,nan,nan
11,8,328.662,138.358,21.9469,25.1491,364.771,52.1448,23.8111,26.8055,0,0.756727,nan,nan
11,9,295.863,138.328,19.5339,26.3058,332.055,49.6279,21.488,27.7737,0,0.754232,nan,nan
11,10,111.996,138.071,23.3394,24.6477,148.864,35.4473,25.1281,26.3769,0,0.746045,nan,nan
11,11,350.987,138.488,18.5912,25.6503,387.037,53.9676,20.5037,27.0555,0,0.734129,nan,nan
11,12,738.149,139.044,20.7103,23.8518,774.13,83.9473,22.5335,25.4747,0,0.752691,nan,nan
11,13,596.553,138.324,24.6318,24.7144,632.42,72.4525,26.5027,26.6156,0,0.674099,nan,nan
11,14,154.106,138.983,23.8928,23.7495,190.724,39.5452,25.6171,25.5283,0,0.709515,nan,nan
11,15,417.467,138.367,19.351,25.2627,453.412,58.89,21.2401,26.7357,0,0.701068,nan,nan
11,16,707.017,138.83,19.3912,24.5081,742.96,81.3623,21.2571,26.0272,0,0.699169,nan,nan
11,17,232.367,139.038,18.1747,24.6243,268.692,45.5256,19.9976,25.9808,0,0.626229,nan,nan
11,18,215.497,138.674,16.6087,24.4623,251.907,43.8845,18.4228,25.6977,0,0.602686,nan,nan
11,19,629.031,139.059,22.4772,22.5639,664.863,75.658,24.1905,24.3036,0,0.640707,nan,nan
11,20,391.817,137.457,16.7377,27.7983,427.87,56.0344,18.8205,29.069,0,0.554595,nan,nan
11,21,468.955,135.837,20.5976,32.704,505.034,60.2686,23.0544,34.2819,0,0.487729,nan,nan
11,22,770.254,138.648,21.9852,24.1599,806.332,85.996,23.8384,25.8852,0,0.562417,nan,nan
11,23,649.86,139.019,21.0079,23.0421,685.714,77.2022,22.7589,24.6736,0,0.663878,nan,nan
11,24,61.6722,135.23,26.0114,30.5901,98.9996,28.8053,28.2361,32.5022,0,0.466622,nan,nan
11,25,440.928,136.882,18.4454,28.4341,476.956,59.1857,20.5783,29.8424,0,0.463004,nan,nan
11,26,172.069,138.793,21.6296,23.9997,208.629,40.715,23.3848,25.6095,0,0.410214,nan,nan
11,27,571.211,139.239,18.8066,24.9156,607,71.4409,20.6872,26.3706,0,0.488204,nan,nan
11,28,846.387,137.563,24.3901,26.3489,882.749,90.7104,26.4247,28.2741,0,0.494716,nan,nan
11,29,815.919,138.578,23.6588,24.6608,852.117,89.4054,25.5607,26.5216,0,0.358264,nan,nan
11,31,670.419,138.495,16.2383,24.1852,706.335,78.2415,18.0718,25.4584,0,0.376143,nan,nan
12,1,274.236,138.682,19.0203,24.4548,310.037,47.9526,20.8288,25.9431,0,0.805207,nan,nan
12,2,254.594,138.857,21.1153,23.9996,290.411,46.6316,22.8837,25.6445,0,0.798166,nan,nan
12,3,525.611,139.836,18.9415,25.1459,561.239,68.2845,20.8365,26.6593,0,0.799531,nan,nan
12,4,504.074,139.255,21.7352,24.5893,539.732,66.0573,23.5872,26.3119,0,0.790645,nan,nan
12,5,195.187,138.763,21.6681,23.5548,231.118,42.0126,23.3926,25.2344,0,0.776148,nan,nan
12,6,547.988,139.252,21.8927,24.0677,583.677,69.4083,23.7129,25.8062,0,0.76809,nan,nan
12,7,372.063,138.386,21.318,25.3153,407.79,55.1139,23.2032,26.9919,0,0.770357,nan,nan
12,8,328.681,138.335,21.9582,25.1294,364.445,51.7552,23.8221,26.8491,0,0.757044,nan,nan
12,9,295.875,138.301,19.5452,26.2952,331.677,49.22,21.4942,27.8291,0,0.754413,nan,nan
12,10,112.009,138.039,23.3688,24.654,148.193,34.956,25.1579,26.4545,0,0.745399,nan,nan
12,11,350.994,138.456,18.5947,25.6543,386.73,53.5774,20.5042,27.1213,0,0.734264,nan,nan
12,12,738.133,139.033,20.6085,23.7878,774.157,83.7225,22.4357,25.4491,0,0.752831,nan,nan
12,13,596.636,138.261,24.5104,24.7411,632.453,72.1301,26.3923,26.6871,0,0.674825,nan,nan
12,14,154.125,138.954,23.934,23.7448,190.132,39.0766,25.6608,25.5925,0,0.70905,nan,nan
12,15,417.479,138.333,19.353,25.292,453.192,58.5249,21.244,26.8241,0,0.700851,nan,nan
12,16,707.028,138.803,19.3806,24.5288,742.997,81.1127,21.2557,26.0952,0,0.699462,nan,nan
12,17,232.38,139.003,18.1968,24.6088,268.222,45.0855,20.0125,26.0298,0,0.62642,nan,nan
12,18,215.504,138.644,16.6351,24.437,251.403,43.4402,18.4386,25.7368,0,0.602538,nan,nan
12,19,629.022,139.034,22.4524,22.5821,664.827,75.3801,24.1757,24.3681,0,0.640282,nan,nan
12,20,391.831,137.423,16.7332,27.8171,427.62,55.6556,18.811,29.1514,0,0.554123,nan,nan
12,21,468.973,135.822,20.5904,32.7209,504.875,59.9365,23.0453,34.3712,0,0.48752,nan,nan
12,22,770.264,138.62,21.9825,24.1664,806.403,85.7663,23.8466,25.9379,0,0.563007,nan,nan
12,23,649.866,138.992,21.0523,23.0771,685.708,76.931,22.8136,24.76,0,0.663004,nan,nan
12,24,61.6806,135.205,26.0124,30.5923,98.226,28.2907,28.2308,32.5915,0,0.467133,nan,nan
12,25,440.967,136.84,18.4456,28.479,476.79,58.8205,20.5786,29.9518,0,0.463437,nan,nan
12,26,172.068,138.764,21.6734,23.9793,208.048,40.2527,23.4261,25.6572,0,0.410247,nan,nan
12,27,571.347,139.192,18.7119,24.9519,607.064,71.1317,20.5986,26.4526,0,0.488668,nan,nan
12,28,846.419,137.524,24.3643,26.341,882.873,90.4942,26.4112,28.3123,0,0.495778,nan,nan
12,29,815.936,138.542,23.6259,24.6691,852.215,89.1831,25.5403,26.5737,0,0.358914,nan,nan
12,31,670.432,138.465,16.2231,24.223,706.351,77.9746,18.0641,25.5427,0,0.3771,nan,nan
12,40,693.688,137.489,16.8128,26.9553,729.727,78.7742,18.8618,28.3318,0,0.301124,nan,nan
13,1,274.218,138.706,19.0237,24.5445,318.749,34.2625,21.2177,26.0457,0,0.804144,nan,nan
13,2,254.567,138.88,21.1086,24.0821,299.21,32.7054,23.2467,25.7662,0,0.797704,nan,nan
13,3,525.588,139.837,18.9567,25.068,568.788,57.546,21.1763,26.6124,0,0.796621,nan,nan
13,4,504.042,139.279,21.7455,24.4847,547.367,55.0894,23.9039,26.2735,0,0.788988,nan,nan
13,5,195.167,138.797,21.6723,23.6005,240.236,27.398,23.7636,25.3259,0,0.777746,nan,nan
13,6,547.901,139.304,21.8121,24.156,591.079,58.9866,23.938,25.9613,0,0.761883,nan,nan
13,7,372.063,138.394,21.3174,25.3676,416.051,42.5693,23.5672,27.0851,0,0.772524,nan,nan
13,8,328.671,138.35,21.9659,25.221,372.903,38.7027,24.2013,26.9875,0,0.75716,nan,nan
13,9,295.855,138.309,19.5591,26.4069,340.287,35.7725,21.923,27.9464,0,0.754379,nan,nan
13,10,111.99,138.053,23.3534,24.6775,157.79,19.3506,25.5378,26.5245,0,0.751933,nan,nan
13,11,350.971,138.45,18.63,25.7448,395.068,40.7668,20.9313,27.2187,0,0.735451,nan,nan
13,12,738.102,139.058,20.5355,23.7159,780.948,75.5598,22.6136,25.4483,0,0.748965,nan,nan
13,13,596.489,138.292,24.8558,24.4945,639.625,62.2719,27.002,26.5763,0,0.677618,nan,nan
13,14,154.099,138.975,23.9402,23.7448,199.467,23.9651,26.0293,25.6604,0,0.70764,nan,nan
13,15,417.476,138.319,19.3734,25.3999,461.247,46.4973,21.632,26.9554,0,0.709381,nan,nan
13,16,707.019,138.841,19.3147,24.4994,749.911,72.5928,21.4655,26.1144,0,0.693865,nan,nan
13,17,232.342,139.054,18.2243,24.7021,277.12,30.9228,20.4426,26.1235,0,0.624599,nan,nan
13,18,215.501,138.691,16.682,24.487,260.432,29.0807,18.8925,25.7707,0,0.600868,nan,nan
13,19,629.094,139.064,22.6852,22.4843,672.087,65.9219,24.6553,24.3905,0,0.593726,nan,nan
13,20,391.826,137.419,16.7543,27.898,435.804,43.3425,19.26,29.201,0,0.564331,nan,nan
13,21,468.951,135.847,20.5834,32.7139,512.724,48.5817,23.5027,34.3432,0,0.496335,nan,nan
13,22,770.263,138.631,21.9859,24.1307,813.131,77.9819,24.098,25.9962,0,0.574905,nan,nan
13,23,649.783,139.021,21.3939,23.0252,692.74,67.7079,23.4142,24.8189,0,0.595517,nan,nan
13,24,61.672,135.23,26.0216,30.6051,108.187,12.1358,28.7585,32.6217,0,0.485673,nan,nan
13,25,440.985,136.814,18.4664,28.6175,484.788,47.0752,21.0228,30.0778,0,0.478049,nan,nan
13,26,171.974,138.804,21.7792,24.0027,217.218,25.3665,23.9092,25.7297,0,0.419839,nan,nan
13,27,571.37,139.102,18.9606,24.7762,614.497,60.8587,21.1493,26.3312,0,0.361077,nan,nan
13,28,846.429,137.525,24.3371,26.2386,889.406,83.6277,26.6296,28.3211,0,0.529242,nan,nan
13,29,815.913,138.554,23.6047,24.6397,858.787,81.9488,25.7595,26.6563,0,0.394524,nan,nan
13,31,670.409,138.505,16.3392,24.209,713.379,69.0181,18.4717,25.5543,0,0.339198,nan,nan
13,40,693.641,137.563,16.7952,26.8927,736.662,70.1356,19.1624,28.2714,0,0.289921,nan,nan
14,1,274.225,138.696,19.0244,24.5787,317.007,32.9841,21.2338,26.2756,0,0.804211,nan,nan
14,2,254.57,138.868,21.1009,24.1171,297.358,31.3992,23.2665,25.998,0,0.797713,nan,nan
14,3,525.598,139.812,18.9641,25.0213,568.185,56.5934,21.2047,26.7361,0,0.796829,nan,nan
14,4,504.046,139.27,21.7525,24.4404,546.676,54.1219,23.9424,26.4023,0,0.78928,nan,nan
14,5,195.173,138.79,21.6728,23.6311,238.047,26.0115,23.7944,25.558,0,0.777814,nan,nan
14,6,547.886,139.307,21.7822,24.1847,590.527,58.0837,23.9486,26.1531,0,0.762174,nan,nan
14,7,372.078,138.378,21.3178,25.3808,414.81,41.4181,23.595,27.2917,0,0.772488,nan,nan
14,8,328.683,138.335,21.9686,25.2545,371.447,37.4941,24.2349,27.2194,0,0.757301,nan,nan
14,9,295.861,138.293,19.567,26.447,338.657,34.516,21.9444,28.194,0,0.754265,nan,nan
14,10,111.995,138.038,23.3507,24.6867,155.083,17.8273,25.5667,26.7552,0,0.751571,nan,nan
14,11,350.977,138.428,18.6439,25.7763,393.717,39.5806,20.9591,27.446,0,0.735641,nan,nan
14,12,738.109,139.053,20.5084,23.6882,780.956,74.8732,22.626,25.5588,0,0.7491,nan,nan
14,13,596.451,138.288,24.9861,24.3999,639.21,61.4142,27.1729,26.6595,0,0.67741,nan,nan
14,14,154.104,138.964,23.9435,23.7497,197.029,22.515,26.0726,25.8759,0,0.707286,nan,nan
14,15,417.49,138.297,19.3789,25.4337,460.211,45.4003,21.6602,27.1753,0,0.709336,nan,nan
14,16,707.036,138.841,19.287,24.4865,749.858,71.8762,21.4741,26.2458,0,0.693994,nan,nan
14,17,232.344,139.053,18.2277,24.7491,275.143,29.5971,20.455,26.3711,0,0.624078,nan,nan
14,18,215.516,138.687,16.697,24.5213,258.37,27.727,18.9063,26.0048,0,0.600351,nan,nan
14,19,629.134,139.061,22.7671,22.4468,671.851,65.1149,24.7788,24.509,0,0.594962,nan,nan
14,20,391.84,137.401,16.7611,27.9193,434.651,42.2094,19.2682,29.4245,0,0.564493,nan,nan
14,21,468.954,135.836,20.5806,32.7054,511.888,47.5451,23.5114,34.5616,0,0.495959,nan,nan
14,22,770.281,138.62,21.9858,24.1165,813.216,77.3241,24.1428,26.1228,0,0.574769,nan,nan
14,23,649.771,139.016,21.5105,23.0016,692.51,66.9195,23.5701,24.9535,0,0.597591,nan,nan
14,24,61.6823,135.219,26.0271,30.611,105.134,10.5174,28.7817,32.9075,0,0.484597,nan,nan
14,25,441.005,136.788,18.4716,28.6631,483.856,45.9956,21.0419,30.3263,0,0.478141,nan,nan
14,26,171.955,138.801,21.8148,24.0212,214.865,23.9473,23.9721,25.9586,0,0.419396,nan,nan
14,27,571.39,139.052,19.0517,24.704,614.065,59.9341,21.2625,26.4303,0,0.361376,nan,nan
14,28,846.45,137.512,24.3325,26.2015,889.625,83.0451,26.6756,28.4283,0,0.528157,nan,nan
14,29,815.924,138.545,23.599,24.6268,858.947,81.3418,25.8032,26.7827,0,0.393811,nan,nan
14,31,670.42,138.505,16.3803,24.2013,713.227,68.2575,18.5402,25.6965,0,0.339623,nan,nan
14,40,693.63,137.571,16.7703,26.8723,736.547,69.4035,19.1653,28.4072,0,0.290269,nan,nan
15,1,274.227,138.728,19.0129,24.6247,326.434,20.6181,21.337,26.2827,0,0.806171,nan,nan
15,2,254.562,138.898,21.0663,24.1563,306.99,18.8523,23.31,26.013,0,0.799624,nan,nan
15,3,525.614,139.69,18.98,24.7464,575.539,46.3827,21.4005,26.4954,0,0.793755,nan,nan
15,4,504.013,139.275,21.8002,24.2234,554.106,43.8314,24.1429,26.246,0,0.789201,nan,nan
15,5,195.181,138.821,21.603,23.6535,248.393,12.942,23.7641,25.5456,0,0.780541,nan,nan
15,6,547.86,139.312,21.736,24.2384,597.707,48.2098,24.0984,26.2711,0,0.766347,nan,nan
15,7,372.092,138.388,21.3323,25.3938,423.295,29.9194,23.7462,27.3112,0,0.778018,nan,nan
15,8,328.692,138.356,21.9654,25.3148,380.33,25.6104,24.3477,27.2782,0,0.76091,nan,nan
15,9,295.857,138.32,19.552,26.4921,347.856,22.342,22.0702,28.1953,0,0.757231,nan,nan
15,10,111.989,138.077,23.3086,24.6447,166.514,4.04811,25.5126,26.6623,0,0.754213,nan,nan
15,11,350.98,138.429,18.6519,25.8238,402.383,27.8787,21.1286,27.4656,0,0.738972,nan,nan
15,12,738.089,139.106,20.535,23.6847,787.472,66.8944,22.9191,25.6713,0,0.746903,nan,nan
15,13,596.475,138.325,24.9693,24.3499,646.212,52.0464,27.3505,26.7206,0,0.701033,nan,nan
15,14,154.097,138.99,23.9008,23.7452,207.881,9.07807,26.0209,25.8468,0,0.713297,nan,nan
15,15,417.499,138.295,19.4609,25.3845,468.311,34.3071,21.9069,27.1349,0,0.723061,nan,nan
15,16,706.947,138.877,19.4135,24.5116,756.37,63.5671,21.8702,26.3727,0,0.698347,nan,nan
15,17,232.369,139.101,18.1951,24.8002,285.056,16.8721,20.5341,26.3607,0,0.629998,nan,nan
15,18,215.502,138.722,16.6724,24.5469,268.448,14.8391,19.0001,25.9537,0,0.608673,nan,nan
15,19,629.239,139.122,23.0069,22.4818,678.786,56.0897,25.2205,24.6783,0,0.59046,nan,nan
15,20,391.847,137.411,16.803,27.8964,442.97,30.8981,19.522,29.3564,0,0.583282,nan,nan
15,21,468.944,135.833,20.6162,32.3994,519.616,36.9432,23.7894,34.2398,0,0.489596,nan,nan
15,22,770.518,138.734,22.2659,24.0044,819.949,69.7523,24.6957,26.1746,0,0.561942,nan,nan
15,23,649.721,139.079,21.8169,23.0119,699.219,58.0805,24.0962,25.0956,0,0.566225,nan,nan
15,24,61.6928,135.253,26.0203,30.6175,117.345,-3.66636,28.7811,32.8105,0,0.488655,nan,nan
15,25,441.033,136.809,18.5633,28.5528,491.81,35.1548,21.3487,30.2024,0,0.489368,nan,nan
15,26,172.013,138.836,21.7372,24.042,225.55,10.6836,23.9275,25.9349,0,0.432964,nan,nan
15,27,571.629,138.951,19.2872,24.7556,621.402,50.2057,21.7225,26.5519,0,0.356211,nan,nan
15,28,846.449,137.519,24.3793,26.1032,896.127,76.1104,27.0568,28.5102,0,0.534256,nan,nan
15,29,815.897,138.58,23.6288,24.5862,865.401,74.1224,26.1388,26.9086,0,0.386496,nan,nan
15,31,670.485,138.541,16.593,24.2969,719.992,59.6075,19.0206,25.8644,0,0.336851,nan,nan
15,40,693.962,137.633,17.2955,26.8643,743.524,61.0358,19.988,28.502,0,0.27476,nan,nan
16,1,274.235,138.715,19.0086,24.64,326.957,20.9866,21.337,26.244,0,0.806019,nan,nan
16,2,254.566,138.883,21.0531,24.1697,307.534,19.2265,23.2983,25.9713,0,0.799604,nan,nan
16,3,525.626,139.617,18.9908,24.6391,575.782,46.5964,21.3954,26.3422,0,0.793931,nan,nan
16,4,504.007,139.251,21.8196,24.1397,554.348,44.1004,24.1462,26.1163,0,0.789316,nan,nan
16,5,195.19,138.807,21.5771,23.663,249.025,13.3406,23.7397,25.4982,0,0.780498,nan,nan
16,6,547.859,139.289,21.7208,24.2565,597.91,48.4639,24.0767,26.2402,0,0.766529,nan,nan
16,7,372.103,138.367,21.3364,25.3968,423.7,30.2434,23.7482,27.2612,0,0.777911,nan,nan
16,8,328.5,138.163,22.0879,25.7799,380.605,25.761,24.5152,27.6961,0,0.760687,nan,nan
16,9,295.861,138.305,19.5466,26.5052,348.348,22.7009,22.0695,28.1512,0,0.756995,nan,nan
16,10,111.99,138.066,23.2929,24.6314,167.26,4.48429,25.4968,26.5886,0,0.754397,nan,nan
16,11,350.988,138.404,18.6562,25.8388,402.811,28.2065,21.1362,27.4272,0,0.738845,nan,nan
16,12,738.089,139.102,20.5463,23.6836,787.515,67.1019,22.9178,25.6296,0,0.746922,nan,nan
16,13,596.491,138.314,24.965,24.3321,646.386,52.2992,27.332,26.6548,0,0.700984,nan,nan
16,14,154.1,138.973,23.8858,23.7454,208.565,9.49016,26.0041,25.7892,0,0.713176,nan,nan
16,15,417.51,138.27,19.4927,25.3682,468.664,34.6097,21.9351,27.0703,0,0.722802,nan,nan
16,16,706.922,138.865,19.4622,24.5213,756.411,63.776,21.9091,26.3438,0,0.698353,nan,nan
16,17,232.385,139.094,18.1832,24.82,285.641,17.2627,20.5297,26.3249,0,0.630018,nan,nan
16,18,215.503,138.709,16.6647,24.5581,269.043,15.2306,19.0012,25.9104,0,0.608593,nan,nan
16,19,629.286,139.12,23.0966,22.496,678.961,56.3421,25.299,24.658,0,0.590185,nan,nan
16,20,391.857,137.389,16.8214,27.8894,443.352,31.2155,19.544,29.2955,0,0.583274,nan,nan
16,21,468.948,135.807,20.6306,32.2859,519.907,37.2302,23.7922,34.0653,0,0.490415,nan,nan
16,22,770.616,138.752,22.371,23.9626,820.063,69.9821,24.7819,26.1014,0,0.562208,nan,nan
16,23,649.711,139.077,21.9321,23.0146,699.319,58.3205,24.1998,25.0665,0,0.565796,nan,nan
16,24,61.7018,135.24,26.0178,30.6204,118.181,-3.20512,28.7862,32.7393,0,0.48909,nan,nan
16,25,441.051,136.792,18.6002,28.5137,492.144,35.4608,21.3822,30.1108,0,0.489341,nan,nan
16,26,172.04,138.824,21.7098,24.0506,226.232,11.0945,23.9025,25.8851,0,0.43276,nan,nan
16,27,571.724,138.888,19.3802,24.7743,621.683,50.422,21.8105,26.533,0,0.355968,nan,nan
16,28,846.456,137.499,24.3978,26.0677,896.107,76.2697,27.0535,28.4326,0,0.534734,nan,nan
16,29,815.896,138.57,23.6418,24.5726,865.39,74.2989,26.1337,26.8541,0,0.386901,nan,nan
16,31,670.518,138.53,16.6727,24.3322,720.12,59.8354,19.0961,25.8645,0,0.336578,nan,nan
16,40,694.079,137.629,17.4684,26.8634,743.717,61.2731,20.152,28.4716,0,0.274698,nan,nan
17,1,274.234,138.764,18.9666,24.7569,329.926,2.88457,21.8024,26.9859,0,0.805139,nan,nan
17,2,254.547,138.926,20.9843,24.2746,310.213,0.765429,23.7654,26.7357,0,0.801906,nan,nan
17,3,525.605,139.775,18.9907,24.9909,581.404,33.044,21.8569,27.2388,0,0.791988,nan,nan
17,4,503.984,139.3,21.7647,24.2663,559.81,30.0603,24.5517,26.8332,0,0.786188,nan,nan
17,5,195.196,138.844,21.4461,23.7425,250.857,-6.19349,24.165,26.253,0,0.785192,nan,nan
17,6,547.939,139.419,21.637,24.5959,603.81,35.2787,24.4623,27.1514,0,0.760268,nan,nan
17,7,372.115,138.404,21.2842,25.4733,427.906,13.8708,24.2049,27.978,0,0.780546,nan,nan
17,8,328.637,138.312,21.9866,25.6036,384.409,8.73799,24.9216,28.1872,0,0.764079,nan,nan
17,9,295.852,138.336,19.517,26.6272,351.603,4.96178,22.5668,28.9237,0,0.761424,nan,nan
17,10,111.976,138.098,23.1615,24.6222,167.725,-16.5814,25.9786,27.3269,0,0.766736,nan,nan
17,11,350.987,138.435,18.6747,25.9534,406.759,11.4515,21.6479,28.1549,0,0.740964,nan,nan
17,12,738.115,139.109,20.4916,23.5701,794.362,57.0389,23.2032,26.002,0,0.7545,nan,nan
17,13,596.573,138.362,24.7048,24.4066,652.639,39.8624,27.5148,27.3205,0,0.715028,nan,nan
17,14,154.05,139.003,23.7581,23.786,209.691,-10.8012,26.4809,26.5618,0,0.727929,nan,nan
17,15,417.527,138.269,19.5165,25.4946,473.374,19.0004,22.4388,27.7973,0,0.725105,nan,nan
17,16,706.943,138.899,19.4116,24.4864,763.149,53.2097,22.224,26.7931,0,0.705499,nan,nan
17,17,232.391,139.162,18.117,24.9668,288.023,-1.56603,20.9759,27.0952,0,0.637367,nan,nan
17,18,215.485,138.754,16.6178,24.6631,271.16,-3.93331,19.4415,26.6163,0,0.617311,nan,nan
17,19,629.321,139.15,23.0198,22.5102,685.352,44.4515,25.613,25.227,0,0.580886,nan,nan
17,20,391.86,137.407,16.814,27.9904,447.782,15.161,20.018,29.9817,0,0.590226,nan,nan
17,21,468.948,135.846,20.6121,32.4238,525.124,22.5368,24.3248,34.8678,0,0.488961,nan,nan
17,22,770.584,138.793,22.2842,23.8727,826.938,60.4924,25.0347,26.5153,0,0.598795,nan,nan
17,23,649.73,139.122,21.8679,23.0376,705.8,46.7923,24.5195,25.6229,0,0.577375,nan,nan
17,24,61.687,135.272,25.9546,30.6502,117.774,-25.2329,29.4604,33.6795,0,0.510083,nan,nan
17,25,441.072,136.802,18.5793,28.634,497.108,20.2613,21.8584,30.8343,0,0.493624,nan,nan
17,26,172.141,138.866,21.5013,24.1342,227.798,-8.84304,24.2645,26.6501,0,0.466437,nan,nan
17,27,571.66,138.918,19.1608,25.342,627.623,37.5283,22.0676,27.6129,0,0.32928,nan,nan
17,28,846.467,137.538,24.2819,25.921,903.145,68.0463,27.271,28.8051,0,0.572892,nan,nan
17,29,815.889,138.588,23.4773,24.4954,872.373,65.5468,26.3024,27.2808,0,0.437377,nan,nan
17,31,670.553,138.573,16.7174,24.3842,726.724,48.6588,19.5125,26.3757,0,0.35998,nan,nan
17,40,693.783,137.566,17.0108,27.0162,750.113,50.3459,20.1046,29.0486,0,0.300436,nan,nan
18,1,274.238,138.751,18.9504,24.8003,329.852,2.8371,21.7852,27.0342,0,0.805191,nan,nan
18,2,254.543,138.911,20.958,24.3133,310.13,0.714679,23.7376,26.778,0,0.801929,nan,nan
18,3,525.602,139.804,18.9903,25.1227,581.347,33.0419,21.8688,27.3773,0,0.792014,nan,nan
18,4,503.981,139.288,21.7434,24.3141,559.753,30.0167,24.5334,26.8851,0,0.786216,nan,nan
18,5,195.201,138.827,21.3973,23.773,250.777,-6.24631,24.1132,26.2843,0,0.785142,nan,nan
18,6,547.974,139.438,21.6055,24.7222,603.795,35.2708,24.4432,27.2807,0,0.760334,nan,nan
18,7,372.123,138.389,21.2643,25.504,427.847,13.8222,24.184,28.0133,0,0.780542,nan,nan
18,8,328.693,138.34,21.9474,25.5374,384.389,8.73767,24.8697,28.1233,0,0.764144,nan,nan
18,9,295.853,138.316,19.5049,26.674,351.529,4.90746,22.5539,28.9764,0,0.761502,nan,nan
18,10,111.973,138.078,23.112,24.6198,167.63,-16.6386,25.9211,27.3256,0,0.766426,nan,nan
18,11,350.991,138.416,18.6819,25.9998,406.695,11.3996,21.6551,28.2092,0,0.74101,nan,nan
18,12,738.132,139.081,20.4711,23.5271,794.356,56.9852,23.1785,25.9626,0,0.75468,nan,nan
18,13,596.609,138.35,24.6074,24.436,652.632,39.8243,27.4198,27.3452,0,0.715054,nan,nan
18,14,154.034,138.984,23.7084,23.8028,209.587,-10.8594,26.4263,26.5795,0,0.727609,nan,nan
18,15,417.538,138.238,19.525,25.5425,473.324,18.9382,22.4488,27.8531,0,0.725045,nan,nan
18,16,706.958,138.882,19.391,24.4728,763.136,53.166,22.2019,26.7833,0,0.705634,nan,nan
18,17,232.396,139.156,18.0914,25.0214,287.946,-1.60702,20.9498,27.1536,0,0.637353,nan,nan
18,18,215.483,138.739,16.5992,24.7032,271.074,-3.98453,19.4205,26.6609,0,0.61723,nan,nan
18,19,629.338,139.131,22.9844,22.516,685.332,44.4053,25.5779,25.2346,0,0.581372,nan,nan
18,20,391.865,137.383,16.8107,28.0294,447.722,15.1042,20.0138,30.0278,0,0.590052,nan,nan
18,21,468.953,135.83,20.6054,32.4772,525.072,22.4882,24.3194,34.9292,0,0.488711,nan,nan
18,22,770.575,138.778,22.246,23.8371,826.909,60.4487,24.9938,26.4815,0,0.599448,nan,nan
18,23,649.745,139.109,21.8345,23.0447,705.78,46.7517,24.4866,25.6322,0,0.578132,nan,nan
18,24,61.6841,135.254,25.9316,30.6613,117.672,-25.2911,29.4279,33.6965,0,0.509549,nan,nan
18,25,441.083,136.775,18.5713,28.6792,497.061,20.2029,21.851,30.8862,0,0.49334,nan,nan
18,26,172.183,138.851,21.4203,24.1664,227.752,-8.8902,24.1802,26.6796,0,0.466322,nan,nan
18,27,571.636,138.899,19.0762,25.5542,627.555,37.4765,22.0051,27.8224,0,0.329398,nan,nan
18,28,846.478,137.524,24.2388,25.8672,903.146,68.007,27.2243,28.7529,0,0.573207,nan,nan
18,29,815.893,138.564,23.416,24.467,872.364,65.4969,26.2399,27.2516,0,0.437848,nan,nan
18,31,670.572,138.559,16.7324,24.4025,726.71,48.6183,19.5289,26.402,0,0.360466,nan,nan
18,40,693.669,137.513,16.8279,27.0717,749.974,50.2513,19.927,29.09,0,0.300895,nan,nan
19,1,274.231,138.764,18.9468,24.8212,337.358,-11.0778,22.0423,27.2006,0,0.806674,nan,nan
19,2,254.537,138.924,20.9499,24.3308,317.696,-13.4297,23.9745,26.9634,0,0.802487,nan,nan
19,3,525.545,140.068,18.9627,25.9386,588.191,22.3204,22.2416,28.3599,0,0.786746,nan,nan
19,4,503.964,139.363,21.7564,24.7527,566.701,18.8568,24.8812,27.5278,0,0.778094,nan,nan
19,5,195.203,138.835,21.3616,23.7671,258.554,-21.0825,24.3022,26.4437,0,0.785502,nan,nan
19,6,547.923,139.579,21.529,25.2983,610.635,24.6934,24.7314,28.0514,0,0.757544,nan,nan
19,7,372.127,138.4,21.2615,25.5383,435.1,1.05057,24.4606,28.2279,0,0.782086,nan,nan
19,8,328.72,138.358,21.9368,25.4891,391.775,-4.5324,25.1201,28.2578,0,0.76546,nan,nan
19,9,295.844,138.324,19.5118,26.6902,358.974,-8.76094,22.8463,29.1424,0,0.762129,nan,nan
19,10,111.968,138.096,23.0908,24.6078,175.729,-32.4232,26.1147,27.4896,0,0.765627,nan,nan
19,11,350.993,138.42,18.7053,26.0097,413.998,-1.62779,21.9646,28.369,0,0.742731,nan,nan
19,12,738.126,139.08,20.4938,23.4461,801.139,48.5463,23.4972,26.0959,0,0.748185,nan,nan
19,13,596.687,138.455,24.5092,24.7521,659.566,29.8083,27.6544,27.8942,0,0.708983,nan,nan
19,14,154.024,138.996,23.6808,23.7998,217.502,-26.1693,26.6089,26.7654,0,0.726023,nan,nan
19,15,417.54,138.248,19.5409,25.6273,480.472,6.69822,22.7618,28.1046,0,0.725908,nan,nan
19,16,706.999,138.901,19.3674,24.4278,769.97,44.3787,22.4868,26.9293,0,0.692814,nan,nan
19,17,232.402,139.171,18.0786,25.033,295.593,-16.0056,21.1966,27.2948,0,0.638281,nan,nan
19,18,215.473,138.749,16.5847,24.7092,278.769,-18.5851,19.6637,26.7784,0,0.617838,nan,nan
19,19,629.206,139.184,22.7314,22.6278,692.024,34.6996,25.6138,25.5471,0,0.629071,nan,nan
19,20,391.864,137.389,16.8292,28.0748,454.936,2.56034,20.3589,30.1993,0,0.586531,nan,nan
19,21,469.027,135.878,20.7075,32.6346,532.217,10.9077,24.8226,35.2656,0,0.478051,nan,nan
19,22,770.572,138.793,22.2164,23.7273,833.699,52.4185,25.2657,26.6032,0,0.581876,nan,nan
19,23,649.813,139.139,21.6169,23.0352,712.661,37.2934,24.5535,25.8151,0,0.596466,nan,nan
19,24,61.6784,135.262,25.9342,30.6743,126.023,-41.6507,29.7038,33.8931,0,0.505957,nan,nan
19,25,441.15,136.773,18.6158,28.8273,504.247,8.23969,22.2462,31.188,0,0.486703,nan,nan
19,26,172.198,138.863,21.388,24.1747,235.626,-23.9868,24.3757,26.8504,0,0.466069,nan,nan
19,27,571.643,139.138,19.0623,26.4126,634.419,27.2872,22.4088,28.854,0,0.306362,nan,nan
19,28,846.532,137.564,24.1418,25.707,910.038,60.9298,27.4625,28.8448,0,0.56215,nan,nan
19,29,815.903,138.59,23.3776,24.3776,879.182,58.0282,26.5217,27.4105,0,0.424054,nan,nan
19,31,670.536,138.59,16.6114,24.3716,733.483,39.3974,19.713,26.5143,0,0.348983,nan,nan
19,40,693.587,137.467,16.73,27.1576,756.714,41.2254,20.1868,29.321,0,0.293423,nan,nan
20,1,274.233,138.754,18.9423,24.8427,337.886,-10.5296,22.0278,27.1546,0,0.806678,nan,nan
20,2,254.539,138.914,20.9454,24.3514,318.258,-12.8656,23.956,26.9149,0,0.8025,nan,nan
20,3,525.529,140.148,18.9521,26.2387,588.328,22.7523,22.256,28.6001,0,0.786842,nan,nan
20,4,503.962,139.375,21.7604,24.9154,566.887,19.2396,24.8892,27.6315,0,0.778215,nan,nan
20,5,195.209,138.824,21.347,23.7779,259.231,-20.4673,24.2709,26.3827,0,0.785772,nan,nan
20,6,547.909,139.613,21.5009,25.5086,610.755,25.0634,24.7139,28.1998,0,0.758052,nan,nan
20,7,372.136,138.388,21.2586,25.5577,435.476,1.5173,24.4441,28.1808,0,0.782358,nan,nan
20,8,328.733,138.352,21.9302,25.4896,392.222,-4.02261,25.0963,28.189,0,0.76598,nan,nan
20,9,295.844,138.311,19.5114,26.711,359.464,-8.2323,22.8362,29.0928,0,0.762468,nan,nan
20,10,111.967,138.085,23.0795,24.6006,176.568,-31.7338,26.0811,27.404,0,0.766728,nan,nan
20,11,350.998,138.405,18.7156,26.0256,414.403,-1.14653,21.965,28.3204,0,0.743031,nan,nan
20,12,738.13,139.062,20.5069,23.4187,801.122,48.7275,23.4919,26.0236,0,0.747992,nan,nan
20,13,596.723,138.477,24.4714,24.8632,659.689,30.1371,27.6116,27.943,0,0.709234,nan,nan
20,14,154.021,138.983,23.666,23.8048,218.251,-25.521,26.5717,26.6949,0,0.727494,nan,nan
20,15,417.545,138.235,19.5487,25.6648,480.78,7.12739,22.7607,28.08,0,0.7269,nan,nan
20,16,707.022,138.89,19.3594,24.4116,769.992,44.5915,22.4624,26.8637,0,0.692494,nan,nan
20,17,232.406,139.168,18.0708,25.057,296.196,-15.4155,21.1811,27.2494,0,0.638169,nan,nan
20,18,215.474,138.74,16.5826,24.7281,279.402,-17.9854,19.6557,26.7299,0,0.617405,nan,nan
20,19,629.158,139.187,22.6306,22.6678,692.034,34.9736,25.5006,25.5228,0,0.629673,nan,nan
20,20,391.872,137.374,16.8411,28.0995,455.284,3.01006,20.3658,30.1589,0,0.587529,nan,nan
20,21,469.058,135.882,20.748,32.6941,532.481,11.3203,24.8582,35.2558,0,0.478373,nan,nan
20,22,770.578,138.781,22.2103,23.6898,833.665,52.5829,25.2392,26.5182,0,0.582032,nan,nan
20,23,649.844,139.134,21.5305,23.0279,712.735,37.5535,24.45,25.7465,0,0.597503,nan,nan
20,24,61.6783,135.246,25.9314,30.678,126.977,-40.9133,29.6805,33.8,0,0.508577,nan,nan
20,25,441.183,136.757,18.635,28.8818,504.55,8.6535,22.2614,31.1777,0,0.487926,nan,nan
20,26,172.214,138.852,21.3663,24.1874,236.358,-23.3493,24.3379,26.7884,0,0.468403,nan,nan
20,27,571.639,139.212,19.0521,26.7222,634.52,27.6804,22.4245,29.1049,0,0.307977,nan,nan
20,28,846.557,137.562,24.1083,25.6559,909.988,61.0563,27.4059,28.7419,0,0.562718,nan,nan
20,29,815.911,138.582,23.3697,24.3501,879.128,58.1658,26.4941,27.3354,0,0.424566,nan,nan
20,31,670.535,138.584,16.5745,24.358,733.508,39.6386,19.6624,26.4482,0,0.349921,nan,nan
20,40,693.57,137.434,16.7079,27.1857,756.709,41.4232,20.1558,29.2951,0,0.292913,nan,nan
21,1,274.233,138.765,18.9472,24.8685,346.411,-24.8876,22.2882,27.3308,0,0.805912,nan,nan
21,2,254.547,138.93,20.9671,24.3868,326.879,-27.4581,24.2165,27.1272,0,0.800568,nan,nan
21,3,525.562,140.023,18.864,26.2221,595.938,11.3594,22.4596,28.7421,0,0.783405,nan,nan
21,4,503.945,139.293,21.7541,24.9241,574.516,7.61613,25.149,27.8462,0,0.781874,nan,nan
21,5,195.203,138.83,21.4086,23.7614,268.125,-35.7931,24.5476,26.5501,0,0.781338,nan,nan
21,6,547.853,139.547,21.3966,25.5424,618.207,13.997,24.8931,28.4256,0,0.745105,nan,nan
21,7,372.144,138.382,21.2049,25.4379,443.604,-11.6548,24.6353,28.2399,0,0.78789,nan,nan
21,8,328.548,138.177,22.0457,25.8721,400.359,-17.9232,25.5177,28.7748,0,0.769181,nan,nan
21,9,295.836,138.311,19.5378,26.718,367.892,-22.3369,23.14,29.2563,0,0.758865,nan,nan
21,10,111.959,138.092,23.1186,24.6302,185.902,-48.0624,26.3351,27.6239,0,0.763597,nan,nan
21,11,351.032,138.394,18.719,25.9194,422.642,-14.5804,22.2292,28.3662,0,0.74664,nan,nan
21,12,738.144,139.087,20.476,23.4244,808.19,40.1557,23.7349,26.2423,0,0.759823,nan,nan
21,13,596.939,138.5,24.0141,24.6374,667.279,19.8113,27.3914,27.9044,0,0.735631,nan,nan
21,14,154.017,139.001,23.653,23.8087,227.352,-41.3346,26.7615,26.8962,0,0.724743,nan,nan
21,15,417.517,138.296,19.4171,25.2602,488.691,-5.42406,22.8469,27.8281,0,0.743136,nan,nan
21,16,707.053,138.949,19.3041,24.3466,777.133,35.6629,22.6833,26.9891,0,0.707071,nan,nan
21,17,232.397,139.185,18.0713,25.0911,304.899,-30.2806,21.4414,27.418,0,0.631479,nan,nan
21,18,215.515,138.75,16.6061,24.739,288.243,-33.0549,19.9368,26.86,0,0.604814,nan,nan
21,19,629.04,139.197,22.3005,22.4537,699.202,24.9932,25.3879,25.4985,0,0.697333,nan,nan
21,20,391.879,137.402,16.8066,27.8719,463.342,-9.88207,20.614,30.0535,0,0.617492,nan,nan
21,21,470.069,135.85,20.6379,31.9114,541.288,-0.534217,25.0082,34.6316,0,0.481316,nan,nan
21,22,770.469,138.811,21.918,23.6588,840.557,44.4113,25.2195,26.6877,0,0.609406,nan,nan
21,23,649.91,139.193,21.1447,22.9399,720.031,27.9079,24.309,25.8275,0,0.732868,nan,nan
21,24,61.6858,135.266,25.9627,30.6742,136.645,-57.8209,29.9832,33.9904,0,0.50827,nan,nan
21,25,441.005,136.849,18.451,28.3728,512.242,-3.59051,22.3293,30.7964,0,0.512103,nan,nan
21,26,172.184,138.863,21.3982,24.1847,245.342,-38.9529,24.5902,26.962,0,0.458369,nan,nan
21,27,571.651,139.186,18.9989,26.5629,641.972,16.9615,22.6532,29.1145,0,0.373584,nan,nan
21,28,846.598,137.607,24.0922,25.5484,916.94,53.8903,27.6844,28.9023,0,0.575451,nan,nan
21,29,815.939,138.606,23.3129,24.3067,886.094,50.5846,26.7208,27.5438,0,0.465939,nan,nan
21,31,670.587,138.671,16.56,24.2561,740.746,30.2804,19.9209,26.5039,0,0.41385,nan,nan
21,40,693.273,137.495,16.3864,27.1436,763.568,32.2835,20.155,29.3655,0,0.296612,nan,nan
22,1,274.235,138.749,18.9497,24.8604,346.234,-25.2382,22.2947,27.3566,0,0.806378,nan,nan
22,2,254.553,138.916,20.9773,24.3828,326.693,-27.815,24.2327,27.1589,0,0.800746,nan,nan
22,3,525.577,139.953,18.8297,26.2128,595.915,11.0689,22.4305,28.7588,0,0.78331,nan,nan
22,4,503.942,139.24,21.7462,24.9196,574.464,7.33034,25.1483,27.8717,0,0.781999,nan,nan
22,5,195.2,138.813,21.4333,23.7359,267.89,-36.1818,24.5754,26.563,0,0.781157,nan,nan
22,6,547.835,139.502,21.3589,25.5563,618.157,13.7354,24.8651,28.465,0,0.745572,nan,nan
22,7,372.149,138.361,21.1808,25.3759,443.488,-11.9671,24.6094,28.2084,0,0.787852,nan,nan
22,8,328.48,138.089,22.088,25.994,400.155,-18.331,25.5839,28.937,0,0.769252,nan,nan
22,9,295.834,138.292,19.5474,26.6962,367.725,-22.6817,23.1517,29.2713,0,0.758958,nan,nan
22,10,111.954,138.078,23.1316,24.6372,185.603,-48.488,26.3566,27.6704,0,0.763393,nan,nan
22,11,351.048,138.372,18.7129,25.8587,422.526,-14.901,22.2199,28.3382,0,0.746575,nan,nan
22,12,738.152,139.079,20.4647,23.4266,808.223,40.0129,23.7318,26.2688,0,0.75988,nan,nan
22,13,597.025,138.494,23.8378,24.561,667.347,19.6227,27.2137,27.8341,0,0.736774,nan,nan
22,14,154.016,138.99,23.6481,23.8012,227.09,-41.7358,26.7641,26.9245,0,0.723647,nan,nan
22,15,417.508,138.302,19.362,25.0877,488.582,-5.69042,22.7741,27.6806,0,0.742957,nan,nan
22,16,707.073,138.953,19.2767,24.3201,777.168,35.5215,22.6599,26.9853,0,0.707015,nan,nan
22,17,232.397,139.171,18.0739,25.077,304.694,-30.6482,21.4463,27.4383,0,0.631502,nan,nan
22,18,215.525,138.734,16.6163,24.7219,288.035,-33.4318,19.9479,26.8777,0,0.605235,nan,nan
22,19,628.993,139.184,22.1753,22.3727,699.149,24.7927,25.2597,25.4276,0,0.698423,nan,nan
22,20,391.879,137.395,16.7869,27.7652,463.23,-10.1729,20.5836,29.9782,0,0.617061,nan,nan
22,21,470.45,135.815,20.5893,31.6044,541.599,-0.765954,24.9233,34.357,0,0.476953,nan,nan
22,22,770.43,138.805,21.8076,23.6441,840.551,44.2771,25.1154,26.6836,0,0.609399,nan,nan
22,23,649.936,139.197,20.9964,22.906,720.054,27.7442,24.1639,25.7999,0,0.733386,nan,nan
22,24,61.69,135.255,25.9774,30.6715,136.314,-58.2696,30.0046,34.0367,0,0.507428,nan,nan
22,25,440.921,136.867,18.3622,28.1565,512.069,-3.84725,22.2161,30.6026,0,0.510038,nan,nan
22,26,172.174,138.847,21.4156,24.1698,245.084,-39.3516,24.6121,26.9852,0,0.457845,nan,nan
22,27,571.64,139.16,18.9795,26.5021,641.936,16.7299,22.6321,29.0814,0,0.377465,nan,nan
22,28,846.617,137.607,24.0861,25.5097,917.005,53.7988,27.682,28.8899,0,0.57613,nan,nan
22,29,815.953,138.598,23.2922,24.2917,886.15,50.4733,26.7068,27.5523,0,0.466268,nan,nan
22,31,670.601,138.685,16.553,24.2158,740.763,30.1328,19.9147,26.4887,0,0.413259,nan,nan
22,40,693.155,137.499,16.2613,27.1268,763.462,32.1151,20.0344,29.3589,0,0.297143,nan,nan
23,1,274.232,138.76,18.9373,24.8518,354.04,-40.1209,22.6114,27.5949,0,0.806796,nan,nan
23,2,254.557,138.925,20.9902,24.3864,334.507,-42.9571,24.5705,27.4403,0,0.800873,nan,nan
23,3,525.725,139.912,18.7019,26.0522,603.725,-0.550227,22.6132,28.8185,0,0.777909,nan,nan
23,4,503.903,139.213,21.7048,24.8141,582.114,-4.58647,25.407,28.0387,0,0.78251,nan,nan
23,5,195.186,138.819,21.4793,23.7552,275.696,-52.1091,24.9433,26.8727,0,0.779863,nan,nan
23,6,547.844,139.476,21.2131,25.3565,625.813,2.40242,25.0115,28.5154,0,0.741648,nan,nan
23,7,372.139,138.386,21.1073,25.2731,451.254,-25.5526,24.8513,28.3699,0,0.790247,nan,nan
23,8,328.449,138.093,22.063,26.0177,407.926,-32.5134,25.9041,29.2449,0,0.771199,nan,nan
23,9,295.83,138.301,19.5416,26.7028,375.53,-37.284,23.5005,29.5328,0,0.761119,nan,nan
23,10,111.955,138.09,23.1805,24.6737,193.43,-65.5008,26.7474,28.0225,0,0.762256,nan,nan
23,11,351.062,138.402,18.643,25.7808,430.324,-28.7549,22.4781,28.4933,0,0.749121,nan,nan
23,12,738.174,139.088,20.7153,23.5741,815.677,31.2043,24.288,26.7097,0,0.765792,nan,nan
23,13,597.049,138.502,23.7271,24.5534,674.979,8.96925,27.4055,28.1125,0,0.731601,nan,nan
23,14,154.004,139.013,23.6319,23.8233,234.892,-58.186,27.0741,27.2579,0,0.727581,nan,nan
23,15,417.486,138.369,19.2213,24.7912,496.306,-18.6422,22.9138,27.6138,0,0.748112,nan,nan
23,16,707.1,138.966,19.1978,24.1436,784.67,26.3106,22.8527,27.0373,0,0.708182,nan,nan
23,17,232.365,139.147,18.0208,25.0916,312.477,-46.1185,21.7316,27.6832,0,0.62928,nan,nan
23,18,215.575,138.714,16.6217,24.7614,295.908,-49.1076,20.2912,27.1375,0,0.604262,nan,nan
23,19,628.974,139.212,22.1248,22.3726,706.693,14.5711,25.4832,25.7009,0,0.705584,nan,nan
23,20,391.873,137.445,16.724,27.589,471,-23.4749,20.8579,30.0097,0,0.630093,nan,nan
23,21,469.386,135.75,20.3481,31.8248,548.306,-13.3147,25.1253,34.802,0,0.468817,nan,nan
23,22,770.36,138.858,21.6869,23.5614,847.864,35.9186,25.2645,26.8542,0,0.589065,nan,nan
23,23,649.902,139.202,20.828,22.9772,727.563,17.7703,24.288,26.11,0,0.737141,nan,nan
23,24,61.6891,135.277,25.9767,30.6589,144.165,-75.9345,30.4245,34.3729,0,0.511249,nan,nan
23,25,440.746,136.995,18.1808,27.7849,519.637,-16.4543,22.3443,30.4405,0,0.516747,nan,nan
23,26,172.183,138.862,21.3726,24.1954,252.912,-55.5692,24.9,27.2881,0,0.455751,nan,nan
23,27,571.449,139.166,18.6678,26.4051,649.371,5.70887,22.6423,29.1766,0,0.408256,nan,nan
23,28,846.573,137.647,24.1188,25.4002,924.245,46.4273,27.9968,29.0836,0,0.561357,nan,nan
23,29,815.99,138.658,23.2928,24.174,893.504,42.7335,26.9752,27.7242,0,0.441396,nan,nan
23,31,670.432,138.737,16.3408,24.1901,748.112,20.4555,20.0016,26.6362,0,0.421104,nan,nan
23,40,692.869,137.482,15.9217,27.0941,770.692,22.6464,20.0309,29.474,0,0.296033,nan,nan
24,1,274.235,138.74,18.9266,24.8419,354.533,-39.7782,22.5511,27.5493,0,0.806732,nan,nan
24,2,254.56,138.903,20.9895,24.3825,335.043,-42.5969,24.5147,27.3993,0,0.800833,nan,nan
24,3,525.782,139.872,18.6505,25.9981,603.892,-0.430799,22.533,28.7384,0,0.778474,nan,nan
24,4,503.893,139.177,21.6815,24.7769,582.236,-4.45635,25.3518,27.9763,0,0.782732,nan,nan
24,5,195.184,138.799,21.4919,23.7537,276.361,-51.6906,24.8932,26.8324,0,0.779743,nan,nan
24,6,547.85,139.44,21.1563,25.2817,625.909,2.50138,24.9228,28.4135,0,0.743254,nan,nan
24,7,372.138,138.376,21.0739,25.2481,451.562,-25.2874,24.7731,28.3099,0,0.790286,nan,nan
24,8,328.443,138.073,22.0507,26.0222,408.305,-32.2205,25.8441,29.2132,0,0.771096,nan,nan
24,9,295.83,138.281,19.5379,26.699,375.977,-36.9601,23.4486,29.494,0,0.761378,nan,nan
24,10,111.957,138.071,23.2016,24.6812,194.313,-64.9969,26.6922,27.9846,0,0.762223,nan,nan
24,11,351.07,138.393,18.6175,25.7619,430.675,-28.4686,22.4102,28.4411,0,0.74911,nan,nan
24,12,738.189,139.069,20.8105,23.6365,815.688,31.1904,24.3945,26.7804,0,0.765202,nan,nan
24,13,597.059,138.48,23.689,24.5523,675.038,9.04597,27.3509,28.0884,0,0.73211,nan,nan
24,14,153.999,139,23.6209,23.8318,235.657,-57.7214,26.9919,27.2192,0,0.727539,nan,nan
24,15,417.479,138.374,19.1627,24.6912,496.535,-18.4012,22.8072,27.48,0,0.748283,nan,nan
24,16,707.116,138.945,19.1665,24.0788,784.686,26.3144,22.8102,26.9608,0,0.707859,nan,nan
24,17,232.359,139.114,17.996,25.0836,313.055,-45.7507,21.655,27.6354,0,0.62874,nan,nan
24,18,215.594,138.685,16.6298,24.7626,296.548,-48.7154,20.2503,27.1044,0,0.604758,nan,nan
24,19,628.972,139.198,22.1103,22.3734,706.718,14.6307,25.4575,25.6854,0,0.706217,nan,nan
24,20,391.878,137.442,16.7035,27.541,471.28,-23.218,20.7975,29.9329,0,0.631255,nan,nan
24,21,468.976,135.703,20.2498,31.9254,548.073,-13.2289,25.0132,34.8622,0,0.470533,nan,nan
24,22,770.337,138.853,21.6354,23.53,847.836,35.8927,25.2139,26.8102,0,0.588174,nan,nan
24,23,649.892,139.179,20.7599,23.0053,727.572,17.8058,24.216,26.1158,0,0.737593,nan,nan
24,24,61.6933,135.26,25.9788,30.654,145.192,-75.3721,30.3306,34.307,0,0.511787,nan,nan
24,25,440.674,137.022,18.1059,27.6572,519.764,-16.2209,22.2206,30.2779,0,0.517086,nan,nan
24,26,172.193,138.846,21.3529,24.2049,253.644,-55.1226,24.817,27.2521,0,0.456807,nan,nan
24,27,571.374,139.144,18.5518,26.3654,649.363,5.79092,22.5049,29.104,0,0.41018,nan,nan
24,28,846.563,137.639,24.1256,25.3588,924.248,46.3553,28.0136,29.0429,0,0.561374,nan,nan
24,29,816.009,138.657,23.289,24.1289,893.525,42.6911,26.9764,27.676,0,0.440537,nan,nan
24,31,670.371,138.733,16.2573,24.1827,748.059,20.4878,19.913,26.6087,0,0.421711,nan,nan
24,40,692.77,137.451,15.7988,27.0839,770.599,22.6315,19.905,29.4398,0,0.296249,nan,nan
24,47,472.191,136.197,19.9291,30.7166,551.19,-12.2486,24.5103,33.6115,0,0.328728,nan,nan
25,1,274.228,138.742,18.9447,24.8035,361.249,-54.917,22.8072,27.7693,0,0.804636,nan,nan
25,2,254.558,138.901,21.0236,24.3462,341.776,-57.9974,24.7779,27.6502,0,0.798601,nan,nan
25,3,525.829,139.77,18.6089,25.9824,610.605,-12.3312,22.7839,28.9791,0,0.778567,nan,nan
25,4,503.889,139.155,21.697,24.959,588.891,-16.5779,25.6755,28.4623,0,0.788288,nan,nan
25,5,195.179,138.802,21.5659,23.6957,283.14,-67.8646,25.1762,27.0721,0,0.775361,nan,nan
25,6,547.574,139.426,20.9775,24.9621,632.296,-9.07054,24.9832,28.3625,0,0.727359,nan,nan
25,7,372.13,138.38,21.0471,25.2701,458.232,-39.1327,25.013,28.6155,0,0.789345,nan,nan
25,8,328.442,138.07,22.0463,25.9917,415.005,-46.6496,26.0985,29.4815,0,0.771947,nan,nan
25,9,295.843,138.28,19.5636,26.6716,382.706,-51.8146,23.7364,29.7358,0,0.756108,nan,nan
25,10,111.968,138.073,23.2805,24.7214,201.201,-82.2555,26.9906,28.3412,0,0.756229,nan,nan
25,11,351.076,138.39,18.5782,25.757,437.368,-42.5985,22.6364,28.6846,0,0.748965,nan,nan
25,12,738.184,139.046,20.9663,23.6012,822.457,22.2139,24.8458,27.0714,0,0.766845,nan,nan
25,13,596.976,138.455,23.8677,24.6605,681.645,-1.84587,27.8383,28.5592,0,0.727143,nan,nan
25,14,154.027,139.01,23.6937,23.8271,242.505,-74.4214,27.2748,27.5375,0,0.723337,nan,nan
25,15,417.467,138.375,19.1295,24.6992,503.19,-31.6504,23.0398,27.7472,0,0.748311,nan,nan
25,16,707.06,138.86,19.3603,24.1506,791.39,16.8488,23.3163,27.3419,0,0.694018,nan,nan
25,17,232.334,139.082,18.0045,25.0354,319.785,-61.4758,21.897,27.83,0,0.619977,nan,nan
25,18,215.604,138.674,16.6486,24.7096,303.327,-64.6336,20.4972,27.2774,0,0.59651,nan,nan
25,19,628.935,139.223,22.3973,22.677,713.371,4.22524,26.0641,26.348,0,0.666255,nan,nan
25,20,391.882,137.441,16.6721,27.5771,477.966,-36.8063,21.0642,30.1958,0,0.629576,nan,nan
25,21,470.062,135.768,20.3684,31.6388,555.833,-25.55,25.4365,34.8823,0,0.478135,nan,nan
25,22,770.258,138.785,21.836,23.6782,854.57,27.2949,25.7449,27.3046,0,0.576128,nan,nan
25,23,649.87,139.172,20.9886,23.0819,734.256,7.65179,24.7372,26.5255,0,0.674,nan,nan
25,24,61.7281,135.267,26.0155,30.6503,152.194,-93.2757,30.6261,34.6474,0,0.500333,nan,nan
25,25,440.65,137.008,18.0563,27.6536,526.422,-29.1797,22.4711,30.5193,0,0.501355,nan,nan
25,26,172.156,138.847,21.4782,24.1529,260.413,-71.6042,25.1528,27.5034,0,0.43589,nan,nan
25,27,571.215,139.088,18.5187,26.3148,655.884,-5.48822,22.7698,29.3123,0,0.413683,nan,nan
25,28,846.554,137.65,24.1318,25.3173,931.141,38.8825,28.3567,29.3546,0,0.546251,nan,nan
25,29,816.006,138.678,23.5023,24.1111,900.372,34.8133,27.5093,28.0319,0,0.434951,nan,nan
25,31,670.146,138.622,16.1475,24.1376,754.575,10.4718,20.0903,26.7817,0,0.401201,nan,nan
25,40,693.208,137.383,16.2113,27.0584,777.8,13.0693,20.6445,29.7167,0,0.265853,nan,nan
26,1,274.227,138.727,18.954,24.8065,361.512,-54.7066,22.7961,27.7474,0,0.803316,nan,nan
26,2,254.558,138.885,21.0432,24.3475,342.062,-57.7784,24.7736,27.627,0,0.797651,nan,nan
26,3,525.85,139.711,18.5949,25.9688,610.692,-12.2824,22.7571,28.9447,0,0.778712,nan,nan
26,4,503.89,139.129,21.7047,25.0252,588.964,-16.4898,25.6805,28.5093,0,0.78845,nan,nan
26,5,195.178,138.789,21.605,23.6932,283.494,-67.6105,25.1874,27.0466,0,0.77452,nan,nan
26,6,547.474,139.4,20.9149,24.8346,632.245,-9.01816,24.8886,28.2067,0,0.727747,nan,nan
26,7,372.13,138.368,21.0405,25.2936,458.4,-38.9692,24.9915,28.6132,0,0.789084,nan,nan
26,8,328.444,138.058,22.0488,26.0006,415.216,-46.4631,26.0807,29.4638,0,0.771187,nan,nan
26,9,295.853,138.265,19.5743,26.6824,382.956,-51.6136,23.7281,29.7211,0,0.754179,nan,nan
26,10,111.973,138.054,23.3185,24.7503,201.672,-81.9593,26.9997,28.342,0,0.755675,nan,nan
26,11,351.08,138.375,18.5674,25.7753,437.56,-42.4265,22.6112,28.6767,0,0.748444,nan,nan
26,12,738.185,139.017,21.0229,23.5884,822.446,22.2043,24.8975,27.0563,0,0.767252,nan,nan
26,13,596.952,138.427,23.9286,24.6982,681.647,-1.80322,27.895,28.589,0,0.726995,nan,nan
26,14,154.041,138.997,23.7332,23.8409,242.926,-74.142,27.2843,27.5256,0,0.722275,nan,nan
26,15,417.469,138.356,19.1297,24.7124,503.323,-31.5155,23.0267,27.7385,0,0.748598,nan,nan
26,16,707.039,138.81,19.439,24.1793,791.365,16.8255,23.3957,27.3713,0,0.694516,nan,nan
26,17,232.318,139.056,18.0145,25.0463,320.082,-61.2577,21.8875,27.8151,0,0.617673,nan,nan
26,18,215.615,138.656,16.6624,24.7094,303.668,-64.3938,20.4904,27.2525,0,0.593475,nan,nan
26,19,628.924,139.215,22.5038,22.7948,713.369,4.27705,26.1816,26.4676,0,0.667063,nan,nan
26,20,391.882,137.424,16.6631,27.6037,478.119,-36.6571,21.0453,30.1978,0,0.62972,nan,nan
26,21,470.472,135.777,20.4224,31.5322,556.328,-25.3425,25.4586,34.7614,0,0.480502,nan,nan
26,22,770.231,138.741,21.9116,23.7373,854.532,27.2534,25.8289,27.3652,0,0.576367,nan,nan
26,23,649.863,139.153,21.0715,23.1147,734.254,7.68417,24.8185,26.5574,0,0.676329,nan,nan
26,24,61.7436,135.253,26.0355,30.651,152.746,-92.9402,30.6062,34.6087,0,0.501234,nan,nan
26,25,440.661,136.985,18.0541,27.6574,526.547,-29.0566,22.4559,30.5007,0,0.503222,nan,nan
26,26,172.137,138.834,21.537,24.1526,260.778,-71.3407,25.1828,27.4822,0,0.433454,nan,nan
26,27,571.164,139.044,18.5179,26.2941,655.873,-5.45532,22.7565,29.2745,0,0.415305,nan,nan
26,28,846.554,137.636,24.1375,25.3098,931.125,38.8494,28.3634,29.3386,0,0.54619,nan,nan
26,29,816.007,138.668,23.5801,24.1081,900.355,34.7958,27.5874,28.0316,0,0.435669,nan,nan
26,31,670.067,138.563,16.116,24.1248,754.502,10.4447,20.0521,26.7514,0,0.404931,nan,nan
26,40,693.383,137.343,16.3754,27.0422,777.972,13.094,20.8021,29.7156,0,0.26652,nan,nan
27,1,274.215,138.729,18.9665,24.7972,371.023,-66.3876,22.9646,27.7986,0,0.805732,nan,nan
27,2,254.555,138.885,21.0621,24.3275,351.712,-69.6224,24.9222,27.6849,0,0.798976,nan,nan
27,3,525.835,139.734,18.5779,26.0316,618.796,-21.8138,22.9855,29.0916,0,0.76695,nan,nan
27,4,503.902,139.237,21.615,25.2912,597.185,-26.1211,25.8422,28.872,0,0.779758,nan,nan
27,5,195.174,138.791,21.635,23.7012,293.567,-79.9369,25.3251,27.1331,0,0.775929,nan,nan
27,6,547.396,139.424,20.9838,24.8209,640.198,-18.3691,25.1705,28.3192,0,0.726585,nan,nan
27,7,372.119,138.381,20.9919,25.3639,467.305,-49.8218,25.131,28.7625,0,0.79184,nan,nan
27,8,328.446,138.074,22.0187,26.0565,424.397,-57.6764,26.2267,29.6013,0,0.775847,nan,nan
27,9,295.857,138.255,19.5952,26.7297,392.347,-63.1236,23.9375,29.8308,0,0.756554,nan,nan
27,10,111.974,138.06,23.348,24.7597,212.401,-94.9453,27.1134,28.427,0,0.755669,nan,nan
27,11,351.081,138.38,18.5524,25.85,446.601,-53.4617,22.7996,28.8105,0,0.754407,nan,nan
27,12,738.22,139.01,21.1122,23.615,829.897,14.5457,25.2418,27.2443,0,0.772765,nan,nan
27,13,596.883,138.44,24.1202,24.8158,689.428,-10.7255,28.322,28.8878,0,0.722043,nan,nan
27,14,154.043,139.005,23.7408,23.8411,253.312,-86.7942,27.3733,27.6112,0,0.725954,nan,nan
27,15,417.463,138.351,19.1161,24.8044,511.985,-42.0013,23.2199,27.9077,0,0.752703,nan,nan
27,16,707.019,138.739,19.3899,24.3214,798.853,8.81093,23.626,27.6301,0,0.677859,nan,nan
27,17,232.279,139.029,18.0028,25.0425,329.854,-73.3179,22.0323,27.8531,0,0.618321,nan,nan
27,18,215.642,138.646,16.6564,24.7192,313.625,-76.5601,20.6456,27.293,0,0.594193,nan,nan
27,19,628.895,139.236,22.5002,23.0702,721.065,-4.3499,26.4337,26.8863,0,0.677002,nan,nan
27,20,391.878,137.42,16.6313,27.6953,486.932,-47.3557,21.262,30.329,0,0.642545,nan,nan
27,21,470.604,135.815,20.402,31.5154,564.878,-35.3011,25.7145,34.8191,0,0.461649,nan,nan
27,22,770.27,138.724,22.0754,23.815,861.919,19.8795,26.2653,27.6297,0,0.553863,nan,nan
27,23,649.832,139.183,20.938,23.3706,741.878,-0.746425,24.9523,26.9235,0,0.701254,nan,nan
27,24,61.7551,135.266,26.046,30.6584,163.934,-106.301,30.7284,34.6737,0,0.501918,nan,nan
27,25,440.633,136.958,17.9861,27.7503,535.085,-39.3668,22.6417,30.6461,0,0.500313,nan,nan
27,26,172.128,138.835,21.5496,24.132,271.018,-83.8557,25.2981,27.5316,0,0.432269,nan,nan
27,27,571.11,139.015,18.6973,26.3797,663.766,-14.6464,23.1992,29.4834,0,0.408301,nan,nan
27,28,846.522,137.626,24.1437,25.283,938.325,32.1762,28.6625,29.5009,0,0.516517,nan,nan
27,29,815.997,138.67,23.7806,24.1286,907.607,27.8535,28.0653,28.2672,0,0.388519,nan,nan
27,31,670.089,138.632,15.9838,24.4843,762.116,2.24489,20.2386,27.1771,0,0.379388,nan,nan
27,40,693.455,137.208,16.5817,27.4688,785.619,4.91174,21.3784,30.2668,0,0.28522,nan,nan
28,1,274.214,138.71,18.9745,24.7852,371.242,-66.4519,22.9748,27.7702,0,0.805926,nan,nan
28,2,254.556,138.866,21.0719,24.3126,351.944,-69.6875,24.9327,27.6542,0,0.799015,nan,nan
28,3,525.832,139.723,18.5721,26.0527,618.906,-21.8538,22.9839,29.0961,0,0.767027,nan,nan
28,4,503.91,139.259,21.5806,25.3921,597.309,-26.128,25.8254,28.9511,0,0.779712,nan,nan
28,5,195.174,138.773,21.6434,23.7049,293.827,-80.0043,25.3378,27.1203,0,0.775858,nan,nan
28,6,547.374,139.414,21.0107,24.8153,640.281,-18.4103,25.1949,28.304,0,0.726299,nan,nan
28,7,372.118,138.366,20.9766,25.3863,467.479,-49.8764,25.1219,28.765,0,0.791913,nan,nan
28,8,328.452,138.057,22.01,26.0646,424.597,-57.7337,26.2222,29.5898,0,0.776,nan,nan
28,9,295.859,138.232,19.6045,26.7371,392.561,-63.1894,23.9528,29.8205,0,0.756307,nan,nan
28,10,111.979,138.042,23.3503,24.7654,212.711,-95.0144,27.1216,28.4132,0,0.755704,nan,nan
28,11,351.085,138.362,18.548,25.8696,446.79,-53.5195,22.8024,28.8114,0,0.754217,nan,nan
28,12,738.237,138.991,21.1426,23.6245,829.962,14.5196,25.269,27.248,0,0.772999,nan,nan
28,13,596.862,138.428,24.1916,24.8584,689.496,-10.764,28.3973,28.9292,0,0.721945,nan,nan
28,14,154.046,138.99,23.7434,23.8441,253.596,-86.8592,27.3798,27.5962,0,0.726082,nan,nan
28,15,417.463,138.329,19.1113,24.8377,512.142,-42.0588,23.2228,27.9238,0,0.752526,nan,nan
28,16,707.015,138.695,19.3707,24.376,798.911,8.75413,23.6129,27.6689,0,0.678141,nan,nan
28,17,232.263,138.999,18.0051,25.0341,330.082,-73.3976,22.039,27.8265,0,0.618724,nan,nan
28,18,215.649,138.624,16.6592,24.7168,313.883,-76.6289,20.6546,27.2724,0,0.593494,nan,nan
28,19,628.888,139.225,22.4996,23.175,721.136,-4.38201,26.4482,26.9785,0,0.677308,nan,nan
28,20,391.882,137.399,16.6203,27.728,487.104,-47.413,21.2615,30.3407,0,0.643298,nan,nan
28,21,470.656,135.812,20.4031,31.5181,565.063,-35.3255,25.7184,34.8019,0,0.461723,nan,nan
28,22,770.289,138.7,22.1356,23.8443,861.98,19.8523,26.325,27.6588,0,0.553993,nan,nan
28,23,649.824,139.176,20.8871,23.4689,741.941,-0.773359,24.9158,27.0004,0,0.701376,nan,nan
28,24,61.7568,135.251,26.0385,30.659,164.271,-106.367,30.7299,34.6474,0,0.502561,nan,nan
28,25,440.635,136.927,17.9704,27.7906,535.236,-39.431,22.6363,30.6653,0,0.500702,nan,nan
28,26,172.123,138.818,21.5588,24.1294,271.284,-83.9234,25.3112,27.5122,0,0.432889,nan,nan
28,27,571.109,138.987,18.7676,26.4097,663.865,-14.6997,23.2736,29.5104,0,0.406297,nan,nan
28,28,846.517,137.607,24.1409,25.2638,938.343,32.1581,28.6489,29.4708,0,0.51745,nan,nan
28,29,815.999,138.655,23.8511,24.1309,907.638,27.8362,28.1295,28.2717,0,0.389982,nan,nan
28,31,670.104,138.641,15.9367,24.6242,762.193,2.23946,20.2146,27.2952,0,0.379831,nan,nan
28,40,693.488,137.139,16.662,27.6319,785.722,4.83609,21.485,30.4288,0,0.285616,nan,nan
29,1,274.209,138.704,18.9838,24.7757,378.652,-82.418,23.2929,28.0983,0,0.810184,nan,nan
29,2,254.563,138.86,21.0813,24.2644,359.347,-85.9402,25.2418,27.9752,0,0.800112,nan,nan
29,3,525.748,140.073,18.3899,26.8549,626.2,-33.7803,23.2575,30.1741,0,0.751459,nan,nan
29,4,504.021,139.489,21.5389,26.0273,604.832,-38.4589,26.1997,29.9339,0,0.741345,nan,nan
29,5,195.178,138.782,21.6258,23.6541,301.165,-97.1208,25.6194,27.4446,0,0.778641,nan,nan
29,6,547.338,139.54,21.134,25.122,647.658,-30.2354,25.6591,28.9791,0,0.721973,nan,nan
29,7,372.117,138.372,21.0471,25.5344,474.948,-64.3877,25.5287,29.2849,0,0.790613,nan,nan
29,8,328.462,138.054,22.0088,26.0751,432.065,-72.8953,26.5456,29.9795,0,0.777048,nan,nan
29,9,295.865,138.227,19.6057,26.7586,400.003,-78.8338,24.2906,30.19,0,0.762493,nan,nan
29,10,111.972,138.071,23.2834,24.7043,219.931,-113.346,27.3772,28.7519,0,0.757915,nan,nan
29,11,351.092,138.367,18.5612,25.9145,454.259,-68.3397,23.1402,29.1849,0,0.753155,nan,nan
29,12,738.193,138.97,21.1774,23.6737,837.167,5.33123,25.5624,27.6374,0,0.763334,nan,nan
29,13,596.836,138.462,24.2898,25.246,696.879,-21.9569,28.8448,29.7235,0,0.705978,nan,nan
29,14,154.029,139.004,23.6426,23.7888,260.858,-104.583,27.5881,27.9348,0,0.732977,nan,nan
29,15,417.485,138.309,19.2242,25.2111,519.647,-55.9256,23.7025,28.6438,0,0.747403,nan,nan
29,16,706.972,138.774,19.4492,24.5668,806.147,-0.789644,23.9913,28.1852,0,0.685449,nan,nan
29,17,232.269,139,18.002,24.9475,337.46,-89.9724,22.3364,28.065,0,0.622579,nan,nan
29,18,215.628,138.641,16.6305,24.6469,321.22,-93.4399,20.9263,27.5032,0,0.600629,nan,nan
29,19,628.879,139.219,22.4042,23.3191,728.506,-15.1418,26.6355,27.4644,0,0.663954,nan,nan
29,20,391.886,137.404,16.6989,27.9674,494.595,-61.6357,21.7185,30.892,0,0.634704,nan,nan
29,21,469.662,135.882,20.5945,32.3848,571.575,-48.5172,26.4427,36.0539,0,0.448004,nan,nan
29,22,770.277,138.672,22.1862,23.8772,869.171,11.1293,26.6288,28.0475,0,0.552854,nan,nan
29,23,649.829,139.187,20.8026,23.6392,749.299,-11.2078,25.1216,27.4899,0,0.701555,nan,nan
29,24,61.76,135.256,25.977,30.6475,171.455,-125.474,31.0812,35.0961,0,0.50058,nan,nan
29,25,440.805,136.881,18.0865,28.2844,542.91,-52.9568,23.1751,31.4928,0,0.489309,nan,nan
29,26,172.177,138.823,21.4516,24.0653,278.644,-101.375,25.51,27.808,0,0.446764,nan,nan
29,27,571.279,139.07,18.9173,26.9237,671.445,-26.1824,23.8213,30.3649,0,0.372279,nan,nan
29,28,846.567,137.649,24.0431,25.0312,945.455,24.6233,28.7583,29.5912,0,0.521221,nan,nan
29,29,815.99,138.644,23.8444,24.0894,914.748,19.7951,28.3569,28.5973,0,0.410165,nan,nan
29,31,670.152,138.724,15.8168,24.8661,769.566,-7.82007,20.4162,27.7774,0,0.371446,nan,nan
29,40,693.341,137.181,16.3582,27.9097,792.897,-4.96287,21.5432,30.9246,0,0.29662,nan,nan
30,1,274.209,138.689,18.986,24.7782,379.552,-81.6841,23.2714,28.0147,0,0.809323,nan,nan
30,2,254.565,138.846,21.0818,24.2513,360.298,-85.187,25.2088,27.8738,0,0.799665,nan,nan
30,3,525.717,140.2,18.3154,27.174,626.532,-33.1363,23.2351,30.4037,0,0.751526,nan,nan
30,4,504.062,139.563,21.5128,26.2751,605.28,-37.8348,26.2049,30.0996,0,0.740389,nan,nan
30,5,195.179,138.771,21.6153,23.646,302.276,-96.3038,25.571,27.3433,0,0.778303,nan,nan
30,6,547.326,139.575,21.1754,25.2338,647.994,-29.6951,25.7076,29.028,0,0.721987,nan,nan
30,7,372.118,138.363,21.0697,25.5961,475.619,-63.7389,25.5395,29.2666,0,0.790264,nan,nan
30,8,328.467,138.042,22.0101,26.0885,432.838,-72.2078,26.5221,29.9039,0,0.776534,nan,nan
30,9,295.868,138.214,19.6077,26.7767,400.852,-78.1181,24.2732,30.1172,0,0.761164,nan,nan
30,10,111.969,138.067,23.2587,24.6856,221.285,-112.433,27.3041,28.6268,0,0.756955,nan,nan
30,11,351.093,138.358,18.5695,25.9416,454.977,-67.6727,23.135,29.1294,0,0.752829,nan,nan
30,12,738.179,138.947,21.1874,23.6922,837.31,5.68195,25.5729,27.6042,0,0.76381,nan,nan
30,13,596.832,138.46,24.3099,25.3874,697.164,-21.4855,28.8769,29.7987,0,0.70636,nan,nan
30,14,154.025,138.995,23.6032,23.773,262.083,-103.722,27.5018,27.8152,0,0.731846,nan,nan
30,15,417.498,138.285,19.269,25.3645,520.24,-55.3298,23.7583,28.7262,0,0.746807,nan,nan
30,16,706.96,138.793,19.4702,24.6373,806.307,-0.37675,24.0223,28.203,0,0.686644,nan,nan
30,17,232.271,138.986,17.9948,24.929,338.47,-89.197,22.3026,27.9565,0,0.621578,nan,nan
30,18,215.62,138.63,16.6174,24.6364,322.265,-92.6455,20.8909,27.4026,0,0.600081,nan,nan
30,19,628.874,139.202,22.3581,23.3657,728.754,-14.7114,26.5873,27.4407,0,0.664919,nan,nan
30,20,391.891,137.391,16.7281,28.0676,495.23,-61.0057,21.7551,30.9122,0,0.63347,nan,nan
30,21,469.28,135.894,20.6589,32.7234,571.678,-47.9974,26.5583,36.309,0,0.448593,nan,nan
30,22,770.275,138.647,22.2059,23.8915,869.307,11.46,26.6494,28.0131,0,0.552622,nan,nan
30,23,649.829,139.178,20.7566,23.6966,749.53,-10.7833,25.0789,27.479,0,0.703526,nan,nan
30,24,61.7609,135.241,25.9625,30.6451,172.981,-124.505,31.0157,34.9628,0,0.495992,nan,nan
30,25,440.875,136.851,18.1273,28.4827,543.518,-52.3729,23.2413,31.6141,0,0.488506,nan,nan
30,26,172.197,138.812,21.4115,24.0502,279.839,-100.532,25.4311,27.6917,0,0.444725,nan,nan
30,27,571.343,139.087,18.9681,27.1176,671.827,-25.6619,23.9003,30.4968,0,0.372537,nan,nan
30,28,846.588,137.653,24.0073,24.9478,945.578,24.945,28.7101,29.4515,0,0.519917,nan,nan
30,29,815.989,138.628,23.8414,24.0772,914.863,20.1085,28.3525,28.5343,0,0.408194,nan,nan
30,31,670.172,138.745,15.7744,24.947,769.789,-7.37451,20.388,27.793,0,0.378502,nan,nan
30,40,693.256,137.183,16.2032,28.0172,793,-4.56864,21.4101,30.941,0,0.300125,nan,nan
31,1,274.208,138.684,18.9905,24.7786,380.017,-80.8306,23.2702,27.9323,0,0.809748,nan,nan
31,2,254.568,138.841,21.0883,24.2458,360.794,-84.3131,25.2062,27.7848,0,0.799733,nan,nan
31,3,525.705,140.247,18.2932,27.2665,626.662,-32.491,23.2122,30.409,0,0.751195,nan,nan
31,4,504.077,139.595,21.5079,26.3447,605.464,-37.176,26.1922,30.0836,0,0.740258,nan,nan
31,5,195.181,138.77,21.6168,23.6397,302.85,-95.3653,25.5651,27.2523,0,0.778415,nan,nan
31,6,547.324,139.587,21.1921,25.2645,648.117,-29.1016,25.7066,28.9816,0,0.721009,nan,nan
31,7,372.118,138.359,21.0816,25.6039,475.957,-62.9829,25.5393,29.1912,0,0.790397,nan,nan
31,8,328.469,138.038,22.0094,26.0819,433.235,-71.4063,26.5083,29.8085,0,0.776892,nan,nan
31,9,295.87,138.21,19.6072,26.7785,401.291,-77.2838,24.2667,30.03,0,0.761897,nan,nan
31,10,111.97,138.065,23.2488,24.6751,221.978,-111.407,27.2892,28.5229,0,0.758007,nan,nan
31,11,351.097,138.354,18.5703,25.9372,455.346,-66.8943,23.1263,29.041,0,0.753051,nan,nan
31,12,738.172,138.941,21.1926,23.7004,837.228,6.07014,25.5463,27.5414,0,0.763266,nan,nan
31,13,596.826,138.46,24.333,25.4266,697.23,-20.952,28.8776,29.7595,0,0.70581,nan,nan
31,14,154.024,138.993,23.5923,23.7659,262.713,-102.743,27.4831,27.7178,0,0.732851,nan,nan
31,15,417.501,138.279,19.2838,25.389,520.526,-54.6208,23.7638,28.6713,0,0.747194,nan,nan
31,16,706.954,138.798,19.4833,24.6594,806.255,0.0539298,24.0092,28.1543,0,0.685959,nan,nan
31,17,232.273,138.984,17.9984,24.9156,338.994,-88.2979,22.3017,27.8601,0,0.621737,nan,nan
31,18,215.618,138.63,16.6114,24.6235,322.808,-91.7262,20.8832,27.3066,0,0.599913,nan,nan
31,19,628.876,139.197,22.3508,23.3785,728.794,-14.2137,26.5537,27.377,0,0.6643,nan,nan
31,20,391.893,137.387,16.7422,28.081,495.546,-60.2658,21.7635,30.8412,0,0.633684,nan,nan
31,21,469.135,135.895,20.6871,32.8222,571.754,-47.3557,26.5878,36.3117,0,0.446241,nan,nan
31,22,770.276,138.639,22.2172,23.898,869.202,11.8185,26.6257,27.9492,0,0.552683,nan,nan
31,23,649.831,139.175,20.7518,23.7159,749.546,-10.3043,25.0496,27.4237,0,0.7022,nan,nan
31,24,61.7628,135.238,25.9509,30.6419,173.753,-123.42,31.0071,34.8446,0,0.500224,nan,nan
31,25,440.901,136.84,18.1471,28.5229,543.798,-51.6841,23.2555,31.5696,0,0.488188,nan,nan
31,26,172.201,138.809,21.4003,24.0429,280.449,-99.5698,25.4145,27.5959,0,0.445465,nan,nan
31,27,571.361,139.093,18.9925,27.1665,671.944,-25.0936,23.9114,30.4682,0,0.371307,nan,nan
31,28,846.594,137.651,24.0024,24.9287,945.404,25.2386,28.6589,29.3568,0,0.518905,nan,nan
31,29,815.987,138.62,23.8458,24.0782,914.711,20.4223,28.3169,28.4627,0,0.408047,nan,nan
31,31,670.181,138.751,15.7651,24.974,769.79,-6.90478,20.3593,27.747,0,0.375578,nan,nan
31,40,693.253,137.188,16.1811,28.0422,792.965,-4.12065,21.3654,30.8837,0,0.298231,nan,nan
32,1,274.191,138.702,19.0103,24.782,387.848,-95.7235,23.6484,28.1285,0,0.811319,nan,nan
32,2,254.567,138.856,21.1439,24.228,368.642,-99.4839,25.6093,27.9992,0,0.79849,nan,nan
32,3,525.6,140.546,18.3029,27.6766,634.19,-43.5677,23.6649,30.9821,0,0.743567,nan,nan
32,4,503.942,139.551,21.6387,26.5541,613.061,-48.9016,26.7108,30.5316,0,0.737601,nan,nan
32,5,195.174,138.797,21.6255,23.6205,310.697,-111.366,25.9211,27.4663,0,0.778773,nan,nan
32,6,547.307,139.698,21.2361,25.3231,655.759,-40.039,26.0884,29.2621,0,0.715331,nan,nan
32,7,372.111,138.375,21.1213,25.6218,483.771,-76.4875,25.9378,29.4308,0,0.791611,nan,nan
32,8,328.479,138.05,22.0485,26.109,441.087,-85.5287,26.9207,30.0693,0,0.776734,nan,nan
32,9,295.875,138.223,19.6262,26.7976,409.146,-91.8682,24.6733,30.2432,0,0.762521,nan,nan
32,10,111.967,138.103,23.2534,24.6655,229.828,-128.574,27.6703,28.7667,0,0.757145,nan,nan
32,11,351.096,138.358,18.5884,25.9561,463.176,-80.707,23.5125,29.2409,0,0.753275,nan,nan
32,12,738.25,139.012,21.3741,23.7591,844.752,-2.18504,26.0171,27.8521,0,0.740013,nan,nan
32,13,596.949,138.577,24.1036,25.5479,704.974,-31.1502,28.994,30.0899,0,0.695372,nan,nan
32,14,154.032,139.029,23.6043,23.7465,270.566,-119.316,27.8499,27.9606,0,0.731045,nan,nan
32,15,417.489,138.303,19.3187,25.3939,528.309,-67.475,24.1467,28.8716,0,0.745368,nan,nan
32,16,706.946,138.933,19.4597,24.8736,813.727,-8.59684,24.3273,28.5504,0,0.653698,nan,nan
32,17,232.259,138.992,18.0558,24.9031,346.832,-103.794,22.7209,28.0345,0,0.620537,nan,nan
32,18,215.633,138.653,16.6189,24.6035,330.677,-107.438,21.2501,27.4452,0,0.597771,nan,nan
32,19,629.021,139.211,22.4967,23.4456,736.536,-24.0587,26.9998,27.708,0,0.63711,nan,nan
32,20,391.895,137.422,16.756,28.0714,503.367,-73.467,22.1656,30.9784,0,0.624804,nan,nan
32,21,469.238,135.974,20.8863,33.0587,579.637,-59.3933,27.2752,36.7668,0,0.476234,nan,nan
32,22,770.56,138.745,22.701,23.6516,876.878,4.09419,27.3319,28.0322,0,0.495317,nan,nan
32,23,649.853,139.185,20.8644,23.7606,757.143,-19.8817,25.4619,27.7016,0,0.63085,nan,nan
32,24,61.7831,135.267,25.9681,30.636,181.656,-141.294,31.5001,35.1147,0,0.496073,nan,nan
32,25,440.985,136.867,18.2583,28.5897,551.68,-64.181,23.7675,31.8189,0,0.488348,nan,nan
32,26,172.186,138.842,21.4211,24.0179,288.284,-115.893,25.7902,27.8028,0,0.440344,nan,nan
32,27,571.373,139.285,19.4083,27.5111,679.581,-35.6028,24.7429,31.0678,0,0.408674,nan,nan
32,28,846.588,137.63,24.2747,25.0249,952.704,18.4122,29.2235,29.7564,0,0.452584,nan,nan
32,29,816.08,138.775,24.0856,24.131,922.114,13.3543,28.8345,28.8143,0,0.354158,nan,nan
32,31,670.172,138.787,15.7297,25.0606,777.331,-16.1736,20.6538,27.9611,0,0.313903,nan,nan
32,40,693.272,137.224,16.1562,28.2885,800.523,-13.0515,21.7396,31.2523,0,0.28632,nan,nan
33,1,274.19,138.689,19.0562,24.8366,395.939,-107.933,23.8208,28.2599,0,0.809421,nan,nan
33,2,254.574,138.841,21.2486,24.2886,376.85,-111.855,25.818,28.1646,0,0.79255,nan,nan
33,3,525.75,140.065,18.4814,26.4751,641.468,-54.0732,23.7982,29.9356,0,0.739267,nan,nan
33,4,503.915,139.359,22.0285,25.6138,620.177,-59.3474,27.0799,29.8149,0,0.741865,nan,nan
33,5,195.17,138.777,21.6788,23.6664,319.249,-124.223,26.0514,27.6027,0,0.775632,nan,nan
33,6,547.327,139.601,21.1868,24.6562,662.777,-49.9997,26.0872,28.729,0,0.677096,nan,nan
33,7,372.122,138.319,21.1852,25.306,491.401,-87.9225,26.0735,29.2346,0,0.790802,nan,nan
33,8,328.486,138.008,22.1232,26.0756,448.918,-97.3146,27.1142,30.1508,0,0.775075,nan,nan
33,9,295.889,138.198,19.67,26.8376,417.143,-103.906,24.8613,30.3618,0,0.757774,nan,nan
33,10,111.965,138.086,23.2862,24.6853,238.944,-142.08,27.7483,28.8674,0,0.754169,nan,nan
33,11,351.11,138.299,18.62,25.7695,470.905,-92.3208,23.653,29.1389,0,0.749537,nan,nan
33,12,738.279,139.036,21.5116,23.7205,851.456,-10.2805,26.376,28.0152,0,0.723041,nan,nan
33,13,596.912,138.563,24.4633,24.8854,711.813,-40.5949,29.4078,29.6809,0,0.688703,nan,nan
33,14,154.052,139.011,23.6596,23.7935,279.406,-132.494,27.9582,28.1066,0,0.727328,nan,nan
33,15,417.483,138.335,19.3687,24.9299,535.713,-78.4423,24.2558,28.5203,0,0.740555,nan,nan
33,16,706.979,138.998,19.546,24.9002,820.449,-16.9424,24.6529,28.7423,0,0.640182,nan,nan
33,17,232.225,138.954,18.123,24.9726,355.132,-116.378,22.9125,28.1694,0,0.604009,nan,nan
33,18,215.715,138.623,16.6947,24.6597,339.19,-120.122,21.4491,27.5559,0,0.582283,nan,nan
33,19,629.288,139.189,23.1301,23.3055,743.608,-33.1585,27.7884,27.8671,0,0.580364,nan,nan
33,20,391.916,137.437,16.7878,27.5831,510.915,-84.6602,22.2803,30.5658,0,0.610771,nan,nan
33,22,770.832,138.761,23.3591,23.6627,883.816,-3.65312,28.2271,28.3736,0,0.485142,nan,nan
33,23,649.721,139.147,21.4491,23.6454,763.791,-28.8909,26.2197,27.8629,0,0.527726,nan,nan
33,24,61.78,135.251,25.9532,30.6314,191.163,-155.173,31.5405,35.1664,0,0.498238,nan,nan
33,25,440.939,136.943,18.3144,28.0414,558.959,-74.9071,23.9051,31.3724,0,0.434321,nan,nan
33,26,172.117,138.827,21.4807,24.0652,296.919,-128.941,25.9248,27.9346,0,0.427887,nan,nan
33,27,570.986,139.154,19.5546,26.1977,686.15,-45.4672,24.8292,29.9218,0,0.377612,nan,nan
33,28,846.721,137.656,24.5211,25.0498,959.529,11.3738,29.7532,30.0523,0,0.432606,nan,nan
33,29,816.137,138.81,24.322,24.218,928.835,6.01436,29.3472,29.1626,0,0.335881,nan,nan
33,31,670.219,138.736,15.9828,24.8992,784.133,-24.9704,21.1005,27.9614,0,0.299447,nan,nan
33,40,693.463,137.342,16.4692,28.0776,807.421,-21.4361,22.2732,31.2199,0,0.259568,nan,nan
33,47,471.134,135.895,21.1105,31.4585,588.76,-69.6201,27.396,35.3394,0,0.43022,nan,nan
34,1,274.191,138.673,19.0714,24.8604,396.366,-107.296,23.8247,28.2206,0,0.809026,nan,nan
34,2,254.577,138.824,21.2851,24.314,377.308,-111.202,25.8391,28.1298,0,0.792512,nan,nan
34,3,525.808,139.862,18.5494,25.9968,641.696,-53.8083,23.753,29.4222,0,0.740454,nan,nan
34,4,503.91,139.271,22.1704,25.244,620.339,-58.9655,27.1263,29.4216,0,0.742824,nan,nan
34,5,195.171,138.757,21.7006,23.681,319.797,-123.523,26.0532,27.5527,0,0.775277,nan,nan
34,6,547.34,139.55,21.1636,24.4033,662.909,-49.6085,25.9982,28.4198,0,0.678486,nan,nan
34,7,372.128,138.291,21.2042,25.2068,491.704,-87.3759,26.0544,29.0772,0,0.790626,nan,nan
34,8,328.49,137.986,22.1518,26.0781,449.274,-96.7268,27.1241,30.0907,0,0.774883,nan,nan
34,9,295.897,138.178,19.6855,26.8553,417.547,-103.289,24.8647,30.3131,0,0.757289,nan,nan
34,10,111.965,138.071,23.2963,24.6843,239.633,-141.299,27.7311,28.7928,0,0.753499,nan,nan
34,11,351.115,138.269,18.6343,25.7196,471.235,-91.7591,23.6428,29.0291,0,0.749851,nan,nan
34,12,738.292,139.032,21.5613,23.7012,851.457,-9.97108,26.4136,27.9602,0,0.72319,nan,nan
34,13,596.9,138.546,24.5988,24.6288,711.874,-40.2095,29.4731,29.4004,0,0.688709,nan,nan
34,14,154.064,138.993,23.6788,23.804,280.032,-131.753,27.9522,28.0484,0,0.725862,nan,nan
34,15,417.48,138.338,19.3803,24.758,535.948,-77.9022,24.217,28.2941,0,0.740429,nan,nan
34,16,706.994,139.01,19.581,24.9037,820.462,-16.5977,24.681,28.705,0,0.640491,nan,nan
34,17,232.21,138.93,18.1476,25.0096,355.608,-115.717,22.9291,28.1439,0,0.603656,nan,nan
34,18,215.745,138.597,16.7152,24.683,339.735,-119.438,21.4605,27.5172,0,0.58103,nan,nan
34,19,629.394,139.168,23.3737,23.25,743.764,-32.7754,28.0052,27.8122,0,0.579063,nan,nan
34,20,391.927,137.432,16.7954,27.4181,511.195,-84.1043,22.2426,30.3415,0,0.611117,nan,nan
34,22,770.932,138.753,23.5934,23.6657,883.891,-3.34934,28.4531,28.38,0,0.484937,nan,nan
34,23,649.674,139.119,21.6751,23.5999,763.783,-28.5608,26.4232,27.8156,0,0.526748,nan,nan
34,24,61.7787,135.232,25.9444,30.6285,191.946,-154.344,31.502,35.0677,0,0.49634,nan,nan
34,25,440.916,136.963,18.3376,27.8327,559.145,-74.3713,23.8725,31.1084,0,0.435046,nan,nan
34,26,172.093,138.809,21.5019,24.0788,297.481,-128.223,25.9258,27.8819,0,0.427597,nan,nan
34,27,570.838,139.089,19.6075,25.6855,686.107,-45.1409,24.7618,29.3729,0,0.380131,nan,nan
34,28,846.77,137.654,24.6164,25.0642,959.532,11.628,29.8463,30.0414,0,0.433722,nan,nan
34,29,816.161,138.811,24.4083,24.2512,928.819,6.28202,29.4341,29.1682,0,0.336294,nan,nan
34,31,670.245,138.702,16.0807,24.8311,784.187,-24.6439,21.1767,27.8674,0,0.299469,nan,nan
34,40,693.539,137.377,16.5872,27.9864,807.497,-21.045,22.3648,31.1034,0,0.25961,nan,nan
34,47,471.094,135.874,21.1591,31.4944,588.907,-69.1479,27.4391,35.3138,0,0.431547,nan,nan
35,1,274.192,138.67,19.0744,24.8805,396.587,-106.641,23.8271,28.1983,0,0.808875,nan,nan
35,2,254.577,138.82,21.2938,24.3371,377.539,-110.533,25.8467,28.1104,0,0.792462,nan,nan
35,3,525.829,139.786,18.5716,25.8224,641.825,-53.4069,23.728,29.2144,0,0.739588,nan,nan
35,4,503.907,139.237,22.2229,25.1079,620.445,-58.5113,27.1379,29.2556,0,0.741809,nan,nan
35,5,195.171,138.751,21.7072,23.6929,320.063,-122.812,26.0572,27.5218,0,0.775436,nan,nan
35,6,547.345,139.532,21.1561,24.3102,663,-49.1696,25.9598,28.2855,0,0.678069,nan,nan
35,7,372.13,138.281,21.213,25.1689,491.877,-86.7989,26.0472,28.9983,0,0.790751,nan,nan
35,8,328.492,137.98,22.1599,26.0864,449.469,-96.1135,27.1266,30.0546,0,0.774743,nan,nan
35,9,295.899,138.175,19.6873,26.8745,417.758,-102.649,24.8654,30.287,0,0.75746,nan,nan
35,10,111.964,138.063,23.3031,24.6933,239.945,-140.529,27.7355,28.756,0,0.753857,nan,nan
35,11,351.115,138.26,18.6429,25.7043,471.416,-91.1669,23.642,28.9733,0,0.749842,nan,nan
35,12,738.298,139.032,21.5823,23.7003,851.459,-9.65274,26.4194,27.9246,0,0.722661,nan,nan
35,13,596.891,138.539,24.6492,24.5374,711.926,-39.7976,29.4896,29.2775,0,0.688501,nan,nan
35,14,154.065,138.986,23.6848,23.8168,280.322,-131.013,27.9555,28.0164,0,0.726632,nan,nan
35,15,417.482,138.337,19.3935,24.7039,536.095,-77.3506,24.2106,28.2023,0,0.741125,nan,nan
35,16,706.999,139.015,19.5904,24.9121,820.477,-16.2515,24.6783,28.676,0,0.640039,nan,nan
35,17,232.206,138.924,18.1587,25.0324,355.848,-115.035,22.9414,28.1259,0,0.603828,nan,nan
35,18,215.76,138.592,16.7334,24.6998,340.003,-118.739,21.4794,27.4962,0,0.581629,nan,nan
35,19,629.418,139.16,23.4403,23.228,743.834,-32.3816,28.0527,27.7636,0,0.583948,nan,nan
35,20,391.93,137.43,16.8069,27.3583,511.358,-83.5332,22.2354,30.2426,0,0.611969,nan,nan
35,22,770.968,138.752,23.681,23.6707,883.91,-3.04887,28.5248,28.3631,0,0.485178,nan,nan
35,23,649.662,139.11,21.7276,23.5821,763.809,-28.1907,26.4579,27.7691,0,0.530751,nan,nan
35,24,61.7785,135.226,25.9435,30.6282,192.288,-153.53,31.4987,35.0105,0,0.49847,nan,nan
35,25,440.916,136.968,18.3553,27.7673,559.278,-73.8296,23.8681,31.0041,0,0.43639,nan,nan
35,26,172.085,138.804,21.5104,24.0902,297.75,-127.497,25.9322,27.8505,0,0.428434,nan,nan
35,27,570.779,139.066,19.623,25.4974,686.126,-44.7365,24.7261,29.15,0,0.379633,nan,nan
35,28,846.789,137.656,24.6521,25.0731,959.503,11.8734,29.865,30.0159,0,0.433121,nan,nan
35,29,816.169,138.812,24.4402,24.2664,928.793,6.54611,29.4514,29.1489,0,0.335715,nan,nan
35,31,670.25,138.691,16.1108,24.8106,784.22,-24.287,21.1907,27.8167,0,0.3001,nan,nan
35,40,693.559,137.386,16.6235,27.965,807.531,-20.6799,22.3835,31.0495,0,0.260363,nan,nan
35,47,471.081,135.868,21.1718,31.5059,589.014,-68.6415,27.4445,35.2779,0,0.432389,nan,nan
36,1,274.195,138.695,19.0503,24.9182,404.662,-122.353,24.1687,28.524,0,0.809137,nan,nan
36,2,254.551,138.843,21.2533,24.3996,385.565,-126.547,26.1752,28.4909,0,0.793347,nan,nan
36,3,525.765,140.025,18.67,25.9255,649.828,-65.1717,24.185,29.6062,0,0.736803,nan,nan
36,4,503.93,139.358,22.2094,25.0112,628.576,-70.6982,27.4319,29.4825,0,0.732823,nan,nan
36,5,195.162,138.782,21.6829,23.7324,328.035,-139.706,26.396,27.8936,0,0.777988,nan,nan
36,6,547.392,139.557,20.795,24.1064,671.152,-60.8006,25.872,28.3106,0,0.623657,nan,nan
36,7,372.118,138.319,21.2055,25.2071,500.002,-101.037,26.3972,29.3532,0,0.791091,nan,nan
36,8,328.482,138.02,22.1427,26.1786,457.578,-111.002,27.4985,30.4777,0,0.775407,nan,nan
36,9,295.899,138.195,19.6826,26.946,425.856,-118.042,25.2583,30.6582,0,0.758621,nan,nan
36,10,111.961,138.101,23.2753,24.6556,247.803,-158.667,28.0813,29.0823,0,0.757916,nan,nan
36,11,351.088,138.292,18.6385,25.7685,479.52,-105.727,24.0098,29.3175,0,0.75216,nan,nan
36,12,738.28,139.082,21.6537,23.8651,859.339,-18.4522,26.8042,28.4017,0,0.687437,nan,nan
36,13,596.988,138.385,24.2367,24.3838,720.146,-50.8592,29.355,29.3879,0,0.669634,nan,nan
36,14,154.054,139.01,23.653,23.8259,288.232,-148.533,28.2906,28.3894,0,0.735222,nan,nan
36,15,417.452,138.377,19.3648,24.7289,544.214,-90.9139,24.5241,28.5092,0,0.732948,nan,nan
36,16,706.972,138.999,19.6601,24.9471,828.411,-25.5793,25.0555,28.9968,0,0.619354,nan,nan
36,17,232.197,138.942,18.1692,25.1138,363.867,-131.386,23.3327,28.491,0,0.608601,nan,nan
36,18,215.729,138.618,16.7095,24.744,347.985,-135.334,21.8246,27.797,0,0.589723,nan,nan
36,19,629.028,139.342,22.459,22.7188,751.459,-42.7409,27.2554,27.3769,0,0.478913,nan,nan
36,20,391.915,137.479,16.7748,27.3805,519.495,-97.4654,22.5833,30.5093,0,0.602313,nan,nan
36,22,770.835,138.849,23.4736,23.6377,891.612,-11.3478,28.58,28.6109,0,0.45106,nan,nan
36,23,650.036,139.252,20.5804,22.8382,772.176,-38.1183,25.4475,27.0875,0,0.458856,nan,nan
36,24,61.7615,135.239,25.9043,30.6227,200.084,-172.455,31.9355,35.414,0,0.494941,nan,nan
36,25,440.842,137.042,18.1733,27.6493,567.365,-87.0208,24.0375,31.1195,0,0.390034,nan,nan
36,26,172.092,138.83,21.4244,24.1012,305.708,-144.74,26.2132,28.1797,0,0.43643,nan,nan
36,27,570.649,139.115,18.8541,25.197,694.089,-56.0358,24.2289,28.9639,0,0.332138,nan,nan
36,28,846.652,137.799,24.9763,25.1288,967.05,4.73444,30.4717,30.4787,0,0.27994,nan,nan
36,21,469.107,135.847,20.7584,32.0791,595.276,-81.8992,27.5884,36.0562,0,0.324778,nan,nan
37,1,274.184,138.7,19.0468,24.9323,412.696,-136.707,24.5046,28.8063,0,0.807493,nan,nan
37,2,254.529,138.849,21.2439,24.4612,393.558,-141.173,26.5159,28.8504,0,0.790079,nan,nan
37,3,525.606,140.171,18.6862,26.2236,657.79,-76.0101,24.5923,30.1381,0,0.748727,nan,nan
37,4,503.921,139.49,22.0766,25.2621,636.703,-81.8086,27.6724,29.9835,0,0.742034,nan,nan
37,5,195.156,138.796,21.6617,23.8257,335.943,-155.136,26.733,28.2931,0,0.778822,nan,nan
37,6,547.348,139.617,20.8491,24.4137,679.244,-71.4065,26.2924,28.8879,0,0.683859,nan,nan
37,7,372.101,138.324,21.2141,25.2262,508.134,-114.056,26.7401,29.6618,0,0.790579,nan,nan
37,8,328.469,138.02,22.1504,26.2266,465.682,-124.619,27.8662,30.8323,0,0.772539,nan,nan
37,9,295.9,138.186,19.6903,26.9869,433.939,-132.11,25.6353,30.9761,0,0.758188,nan,nan
37,10,111.958,138.098,23.2974,24.6703,255.547,-175.265,28.4674,29.4472,0,0.757388,nan,nan
37,11,351.076,138.284,18.6249,25.8048,487.644,-119.044,24.3429,29.6052,0,0.749608,nan,nan
37,12,738.278,139.119,21.738,23.9468,867.259,-26.5337,27.1714,28.7555,0,0.676153,nan,nan
37,13,596.927,138.357,24.5771,24.7936,728.223,-60.8907,30.0754,30.1743,0,0.678079,nan,nan
37,14,154.048,139.015,23.6744,23.879,296.057,-164.539,28.6699,28.7914,0,0.734899,nan,nan
37,15,417.44,138.388,19.3792,24.8444,552.373,-103.311,24.8833,28.8836,0,0.727746,nan,nan
37,16,706.897,138.961,19.8631,24.9742,836.332,-34.1644,25.5477,29.3008,0,0.616584,nan,nan
37,17,232.164,138.934,18.1814,25.2057,371.816,-146.334,23.7083,28.8454,0,0.603834,nan,nan
37,18,215.688,138.612,16.6836,24.8316,355.903,-150.509,22.1569,28.1198,0,0.589857,nan,nan
37,19,629,139.362,22.4933,22.8378,759.514,-52.2924,27.5814,27.7793,0,0.497139,nan,nan
37,20,391.908,137.476,16.7318,27.4034,527.661,-110.22,22.8992,30.7472,0,0.596065,nan,nan
37,22,770.576,138.777,23.1329,23.7727,899.244,-19.1683,28.5284,28.9362,0,0.425642,nan,nan
37,23,649.351,139.29,22.0244,22.637,779.557,-47.5288,27.0851,27.4825,0,0.445578,nan,nan
37,24,61.7583,135.245,25.9011,30.61,207.731,-189.746,32.3785,35.7956,0,0.494853,nan,nan
37,25,440.929,137.011,18.1289,27.8387,575.654,-99.118,24.3908,31.5331,0,0.39628,nan,nan
37,26,172.083,138.847,21.4188,24.1726,313.566,-160.486,26.5671,28.5607,0,0.434818,nan,nan
37,27,571.089,139.268,19.163,25.6848,702.626,-66.1236,24.9549,29.7499,0,0.335479,nan,nan
37,47,470.885,136.005,20.9864,31.8789,605.193,-93.0295,28.1686,36.1842,0,0.384083,nan,nan
38,1,274.186,138.679,19.0439,24.9443,413.795,-135.346,24.4826,28.6878,0,0.807411,nan,nan
38,2,254.527,138.828,21.235,24.4914,394.708,-139.779,26.4861,28.745,0,0.790081,nan,nan
38,3,525.55,140.205,18.6885,26.3457,658.221,-75.0348,24.5976,30.141,0,0.748943,nan,nan
38,4,503.922,139.515,22.0209,25.3597,637.238,-80.791,27.6078,29.945,0,0.742364,nan,nan
38,5,195.157,138.778,21.6561,23.8629,337.264,-153.633,26.7069,28.1934,0,0.778848,nan,nan
38,6,547.336,139.616,20.8658,24.5351,679.683,-70.4863,26.3059,28.8974,0,0.684306,nan,nan
38,7,372.101,138.301,21.2162,25.2355,508.98,-112.864,26.715,29.5433,0,0.790624,nan,nan
38,8,328.47,137.996,22.1524,26.2503,466.639,-123.352,27.8437,30.7194,0,0.772428,nan,nan
38,9,295.907,138.158,19.6911,27.0044,434.987,-130.79,25.618,30.8562,0,0.758181,nan,nan
38,10,111.96,138.073,23.3094,24.6781,257.123,-173.615,28.4484,29.3113,0,0.757178,nan,nan
38,11,351.075,138.257,18.6204,25.8264,488.542,-117.82,24.3217,29.498,0,0.749762,nan,nan
38,12,738.283,139.107,21.7655,23.9705,867.386,-25.9099,27.1678,28.6843,0,0.676643,nan,nan
38,13,596.913,138.323,24.6877,24.9466,728.573,-60.0772,30.1807,30.2328,0,0.67875,nan,nan
38,14,154.055,138.991,23.6886,23.8934,297.505,-162.968,28.6519,28.6678,0,0.734658,nan,nan
38,15,417.443,138.367,19.3881,24.8927,553.112,-102.193,24.8774,28.812,0,0.727782,nan,nan
38,16,706.877,138.922,19.9343,24.979,836.489,-33.5266,25.586,29.219,0,0.61706,nan,nan
38,17,232.16,138.912,18.1859,25.2531,373.027,-144.902,23.7057,28.7609,0,0.60422,nan,nan
38,18,215.674,138.59,16.6747,24.873,357.15,-149.048,22.1439,28.0294,0,0.590361,nan,nan
38,19,628.983,139.346,22.4775,22.8728,759.799,-51.5153,27.5378,27.7042,0,0.498449,nan,nan
38,20,391.912,137.45,16.7161,27.4128,528.464,-109.061,22.8689,30.6253,0,0.595956,nan,nan
38,22,770.483,138.725,22.9989,23.8207,899.237,-18.6532,28.369,28.8509,0,0.428252,nan,nan
38,23,649.202,139.279,22.3444,22.556,779.675,-46.8083,27.3444,27.3756,0,0.447273,nan,nan
38,24,61.7621,135.222,25.9038,30.6048,209.473,-187.987,32.3496,35.6107,0,0.493903,nan,nan
38,25,440.972,136.971,18.1161,27.9227,576.385,-98.0422,24.3765,31.4841,0,0.396662,nan,nan
38,26,172.077,138.829,21.4305,24.1956,314.948,-158.943,26.5557,28.4487,0,0.433089,nan,nan
38,27,571.258,139.302,19.2764,25.8794,703.188,-65.1634,25.0839,29.8538,0,0.33559,nan,nan
38,47,470.86,136.01,20.923,31.9453,605.78,-91.9719,28.0958,36.0893,0,0.38525,nan,nan
39,1,274.185,138.672,19.0398,24.9438,414.154,-135.124,24.443,28.6565,0,0.807212,nan,nan
39,2,254.525,138.821,21.2293,24.4986,395.096,-139.544,26.4419,28.7186,0,0.790182,nan,nan
39,3,525.529,140.219,18.6901,26.3872,658.263,-74.9427,24.593,30.1651,0,0.748148,nan,nan
39,4,503.924,139.526,21.9977,25.3932,637.319,-80.685,27.5728,29.9529,0,0.741681,nan,nan
39,5,195.16,138.773,21.6498,23.87,337.757,-153.354,26.6567,28.1638,0,0.778948,nan,nan
39,6,547.333,139.617,20.8778,24.5779,679.729,-70.4131,26.312,28.9258,0,0.682857,nan,nan
39,7,372.1,138.296,21.2143,25.2373,509.199,-112.703,26.6828,29.5184,0,0.790493,nan,nan
39,8,328.469,137.99,22.1517,26.254,466.917,-123.164,27.808,30.6931,0,0.772408,nan,nan
39,9,295.908,138.151,19.6909,27.0074,435.314,-130.582,25.5833,30.8286,0,0.757921,nan,nan
39,10,111.961,138.063,23.3141,24.6796,257.777,-173.276,28.3969,29.2724,0,0.757301,nan,nan
39,11,351.075,138.25,18.6178,25.8297,488.79,-117.647,24.2907,29.4745,0,0.749723,nan,nan
39,12,738.283,139.105,21.7759,23.9808,867.363,-25.9137,27.1805,28.6909,0,0.676409,nan,nan
39,13,596.904,138.312,24.7394,25.0058,728.585,-60.0388,30.2319,30.2876,0,0.677362,nan,nan
39,14,154.054,138.984,23.6872,23.8971,298.073,-162.66,28.5983,28.6323,0,0.734998,nan,nan
39,15,417.443,138.361,19.3863,24.9063,553.279,-102.058,24.8539,28.8023,0,0.727517,nan,nan
39,16,706.867,138.909,19.9639,24.9821,836.462,-33.533,25.6135,29.2219,0,0.616858,nan,nan
39,17,232.16,138.906,18.1878,25.2619,373.454,-144.65,23.6723,28.7382,0,0.604508,nan,nan
39,18,215.665,138.584,16.6664,24.8786,357.597,-148.787,22.1015,28.0018,0,0.590445,nan,nan
39,19,628.979,139.34,22.4806,22.8872,759.8,-51.4839,27.5345,27.7069,0,0.497424,nan,nan
39,20,391.91,137.442,16.7076,27.4137,528.66,-108.913,22.8367,30.6006,0,0.595959,nan,nan
39,22,770.448,138.706,22.9489,23.8399,899.183,-18.6909,28.3272,28.8533,0,0.426568,nan,nan
39,23,649.125,139.276,22.5132,22.5301,779.595,-46.7997,27.4959,27.3789,0,0.445769,nan,nan
39,24,61.7634,135.215,25.9051,30.6049,210.233,-187.602,32.2822,35.5588,0,0.494029,nan,nan
39,25,440.979,136.96,18.1007,27.9449,576.535,-97.9228,24.3447,31.4803,0,0.395721,nan,nan
39,26,172.081,138.823,21.4234,24.201,315.485,-158.647,26.5028,28.4161,0,0.435534,nan,nan
39,27,571.321,139.316,19.3228,25.9486,703.28,-65.0728,25.133,29.9179,0,0.333157,nan,nan
39,47,470.853,136.013,20.8943,31.9678,605.883,-91.8584,28.0503,36.0813,0,0.383108,nan,nan
40,1,274.184,138.708,18.9421,24.89,421.155,-148.63,24.4154,28.7799,0,0.813595,nan,nan
40,2,254.511,138.863,21.0919,24.4725,402.168,-153.217,26.3611,28.8742,0,0.795116,nan,nan
40,3,525.471,140.274,18.7524,26.3863,664.541,-86.1288,24.8682,30.4257,0,0.765097,nan,nan
40,4,503.905,139.558,22.0171,25.3007,643.672,-92.0943,27.7601,30.1387,0,0.748198,nan,nan
40,5,195.16,138.825,21.541,23.9298,345.127,-167.522,26.5896,28.4015,0,0.784118,nan,nan
40,6,547.339,139.542,20.9843,24.5523,686.09,-81.5017,26.6179,29.1941,0,0.698065,nan,nan
40,7,372.098,138.289,21.1693,24.9218,515.864,-125.378,26.684,29.4377,0,0.794011,nan,nan
40,8,328.468,138.009,22.0429,25.9866,473.718,-136.208,27.7411,30.6457,0,0.777656,nan,nan
40,9,295.881,138.196,19.5773,26.8716,442.204,-143.894,25.5417,30.8812,0,0.767203,nan,nan
40,10,111.947,138.101,23.2281,24.6628,265.617,-188.153,28.2855,29.44,0,0.7645,nan,nan
40,11,351.073,138.276,18.5241,25.5422,495.51,-130.481,24.2536,29.383,0,0.749555,nan,nan
40,12,738.293,139.12,21.8892,23.8846,873.828,-34.9864,27.571,28.9367,0,0.672175,nan,nan
40,13,596.645,138.341,25.2245,25.2154,734.657,-70.6067,30.9971,30.929,0,0.658963,nan,nan
40,14,154.029,139.026,23.6118,23.9325,305.646,-177.189,28.5253,28.8636,0,0.742578,nan,nan
40,15,417.451,138.44,19.3377,24.4967,559.811,-114.231,24.8531,28.6199,0,0.711393,nan,nan
40,16,706.896,138.913,19.9648,24.8178,842.897,-42.939,25.8675,29.3515,0,0.60952,nan,nan
40,17,232.202,138.991,18.1021,25.2605,380.67,-158.462,23.6552,28.9008,0,0.620232,nan,nan
40,18,215.579,138.645,16.581,24.9121,364.778,-162.794,22.091,28.182,0,0.604084,nan,nan
40,19,628.917,139.385,22.4641,22.9551,766.056,-61.6643,27.7695,28.064,0,0.517429,nan,nan
40,20,391.874,137.485,16.6403,27.0316,535.229,-121.37,22.8385,30.4163,0,0.603734,nan,nan
40,22,770.407,138.758,22.91,23.8947,905.661,-27.4044,28.6231,29.2287,0,0.376376,nan,nan
40,23,649.412,139.284,22.0039,22.4933,786.216,-56.7275,27.2278,27.5155,0,0.473186,nan,nan
40,24,61.759,135.242,25.8871,30.6065,218.427,-202.895,32.2237,35.7744,0,0.496485,nan,nan
40,25,440.98,137.098,18.0312,27.4764,583.004,-109.825,24.3478,31.2342,0,0.393767,nan,nan
40,26,172.14,138.881,21.3126,24.2698,323.033,-172.99,26.4277,28.6561,0,0.457806,nan,nan
40,27,570.908,139.202,19.2571,26.0065,709.231,-76.0679,25.3163,30.2188,0,0.36504,nan,nan
40,31,670.027,138.479,16.321,24.7103,806.69,-52.4496,22.2133,28.3147,0,0.25157,nan,nan
40,21,469.141,135.916,20.8086,32.1677,610.697,-104.128,28.2457,36.5245,0,0.343212,nan,nan
41,1,274.185,138.693,18.9087,24.8892,420.836,-149.031,24.425,28.7912,0,0.813366,nan,nan
41,2,254.509,138.85,21.0453,24.48,401.818,-153.64,26.3647,28.8934,0,0.794526,nan,nan
41,3,525.455,140.267,18.7726,26.3851,664.459,-86.2786,24.9078,30.4388,0,0.764855,nan,nan
41,4,503.903,139.541,22.0229,25.2658,643.591,-92.2699,27.7811,30.1195,0,0.747875,nan,nan
41,5,195.16,138.815,21.5069,23.9655,344.69,-168.007,26.6179,28.4539,0,0.784064,nan,nan
41,6,547.346,139.483,21.0226,24.54,686.058,-81.677,26.6711,29.2024,0,0.697791,nan,nan
41,7,372.098,138.256,21.1541,24.8131,515.669,-125.696,26.6781,29.3463,0,0.793705,nan,nan
41,8,328.47,137.987,22.0042,25.8996,473.472,-136.559,27.7236,30.5726,0,0.776984,nan,nan
41,9,295.872,138.184,19.5333,26.8397,441.904,-144.274,25.5334,30.8592,0,0.766994,nan,nan
41,10,111.945,138.08,23.2114,24.6617,265.04,-188.744,28.3329,29.4663,0,0.763934,nan,nan
41,11,351.074,138.255,18.4905,25.4468,495.291,-130.809,24.2325,29.2983,0,0.749363,nan,nan
41,12,738.302,139.098,21.9295,23.8487,873.854,-34.9671,27.6024,28.9153,0,0.671867,nan,nan
41,13,596.554,138.322,25.3948,25.289,734.546,-70.7231,31.1986,31.0552,0,0.659262,nan,nan
41,14,154.027,139.008,23.5977,23.9505,305.14,-177.728,28.5758,28.9077,0,0.742557,nan,nan
41,15,417.457,138.438,19.3216,24.3474,559.661,-114.472,24.8301,28.4849,0,0.711015,nan,nan
41,16,706.912,138.886,19.9581,24.7519,842.928,-42.9465,25.8477,29.2883,0,0.609643,nan,nan
41,17,232.217,138.994,18.0759,25.273,380.301,-158.888,23.678,28.9276,0,0.619489,nan,nan
41,18,215.551,138.639,16.5527,24.934,364.345,-163.259,22.1128,28.2161,0,0.603061,nan,nan
41,19,628.895,139.372,22.4485,22.9752,766.025,-61.731,27.7706,28.0893,0,0.51741,nan,nan
41,20,391.862,137.469,16.6135,26.8924,535.04,-121.654,22.8083,30.2867,0,0.603038,nan,nan
41,22,770.397,138.749,22.8931,23.9141,905.665,-27.3524,28.6086,29.2469,0,0.375106,nan,nan
41,23,649.555,139.257,21.7369,22.4783,786.357,-56.7505,26.9709,27.4434,0,0.474081,nan,nan
41,24,61.7627,135.223,25.8855,30.6093,217.765,-203.543,32.3019,35.8146,0,0.494423,nan,nan
41,25,440.984,137.118,17.9988,27.3028,582.87,-110.022,24.3007,31.0687,0,0.391381,nan,nan
41,26,172.159,138.871,21.289,24.303,322.577,-173.496,26.4676,28.7094,0,0.454886,nan,nan
41,27,570.753,139.13,19.2297,26.0239,709.057,-76.2753,25.3098,30.237,0,0.365142,nan,nan
41,31,670.011,138.441,16.3371,24.6949,806.684,-52.5045,22.2313,28.3054,0,0.252717,nan,nan
41,21,469.152,135.911,20.8126,32.1899,610.6,-104.32,28.284,36.5594,0,0.341594,nan,nan
42,1,274.184,138.696,18.8851,24.8649,431.825,-161.552,24.6373,28.8174,0,0.814736,nan,nan
42,2,254.508,138.854,20.9777,24.4622,412.918,-166.367,26.5198,28.9387,0,0.797604,nan,nan
42,3,525.423,140.242,18.794,26.4801,673.978,-96.1741,25.1962,30.5957,0,0.764122,nan,nan
42,4,503.882,139.566,21.9299,25.3705,653.238,-102.341,27.9298,30.2963,0,0.749152,nan,nan
42,5,195.165,138.823,21.5511,24.0354,356.138,-181.35,26.8974,28.617,0,0.782486,nan,nan
42,6,547.405,139.445,21.2369,24.637,695.557,-91.3228,27.1093,29.446,0,0.705461,nan,nan
42,7,372.093,138.269,21.0696,24.7354,526.097,-137.171,26.7963,29.3341,0,0.792626,nan,nan
42,8,328.454,138,21.9408,25.8,484.142,-148.496,27.8699,30.5453,0,0.777575,nan,nan
42,9,295.861,138.199,19.507,26.7849,452.762,-156.554,25.7571,30.8515,0,0.769271,nan,nan
42,10,111.946,138.088,23.1949,24.6593,276.981,-202.952,28.5412,29.5535,0,0.764253,nan,nan
42,11,351.052,138.28,18.4479,25.3449,505.819,-142.499,24.4102,29.2405,0,0.74927,nan,nan
42,12,738.296,139.08,22.0095,23.7203,882.236,-42.5445,27.8237,28.9276,0,0.67533,nan,nan
42,13,596.415,138.359,25.6244,25.3377,743.574,-79.8114,31.6208,31.3011,0,0.674369,nan,nan
42,14,154.032,139.014,23.6025,23.973,316.827,-191.505,28.7956,29.0348,0,0.742774,nan,nan
42,15,417.454,138.494,19.2601,24.3518,569.819,-125.425,24.9926,28.5437,0,0.707457,nan,nan
42,16,706.889,138.817,20.0903,24.7444,851.481,-50.9183,26.1761,29.4047,0,0.613115,nan,nan
42,17,232.245,139.039,18.0703,25.2292,391.544,-171.803,23.9158,28.9265,0,0.628983,nan,nan
42,18,215.556,138.662,16.524,24.9472,375.673,-176.373,22.3488,28.2495,0,0.598958,nan,nan
42,19,628.883,139.429,22.4328,23.1027,774.98,-70.4237,27.9589,28.3318,0,0.530486,nan,nan
42,20,391.849,137.474,16.5681,26.8379,545.36,-132.925,23.0228,30.2478,0,0.608679,nan,nan
42,22,770.428,138.757,23.0182,23.9657,913.907,-34.5434,28.9148,29.4593,0,0.31882,nan,nan
42,23,649.837,139.258,21.033,22.5184,795.501,-65.199,26.4599,27.4195,0,0.481627,nan,nan
42,24,61.7527,135.23,25.8768,30.5926,230.033,-218.258,32.5894,35.8783,0,0.499159,nan,nan
42,25,440.928,137.19,17.9202,27.3487,592.857,-120.714,24.5028,31.1338,0,0.392884,nan,nan
42,26,172.149,138.881,21.3182,24.3556,334.144,-187.082,26.7358,28.8464,0,0.447073,nan,nan
42,27,571.055,138.98,19.2596,26.1709,718.697,-85.7143,25.6094,30.4561,0,0.368501,nan,nan
42,21,468.774,136.005,20.7076,32.6673,620.127,-114.767,28.6201,37.0413,0,0.357565,nan,nan
43,1,274.174,138.703,18.9122,24.7459,440.535,-174.537,24.7874,28.849,0,0.81425,nan,nan
43,2,254.512,138.867,20.9604,24.3593,421.723,-179.545,26.6151,28.9947,0,0.796458,nan,nan
43,3,525.493,140.1,18.7233,26.568,681.917,-106.605,25.377,30.8255,0,0.763519,nan,nan
43,4,503.878,139.523,21.8139,25.5188,661.145,-112.93,28.0583,30.6062,0,0.757154,nan,nan
43,5,195.147,138.833,21.6889,23.9928,365.194,-195.147,27.1372,28.772,0,0.777505,nan,nan
43,6,547.394,139.433,21.2751,24.836,703.333,-101.406,27.405,29.8452,0,0.707227,nan,nan
43,7,372.08,138.258,21.0684,24.6663,534.426,-149.145,26.9436,29.4404,0,0.792282,nan,nan
43,8,328.444,137.995,21.9333,25.6708,492.64,-160.925,27.9923,30.5937,0,0.774729,nan,nan
43,9,295.857,138.22,19.5089,26.6222,461.388,-169.296,25.8917,30.8389,0,0.763463,nan,nan
43,10,111.947,138.112,23.2113,24.6403,286.473,-217.569,28.6515,29.7053,0,0.758834,nan,nan
43,11,351.026,138.29,18.418,25.2289,514.207,-154.68,24.5286,29.2625,0,0.745477,nan,nan
43,12,738.177,139.02,21.8638,23.4603,889.557,-50.5582,27.8461,28.8615,0,0.672452,nan,nan
43,13,596.353,138.356,25.7465,25.5189,751.194,-89.3553,32.0022,31.7594,0,0.681971,nan,nan
43,14,154.049,139.035,23.6664,23.9118,326.11,-205.7,28.9405,29.1691,0,0.729893,nan,nan
43,15,417.456,138.491,19.3121,24.5596,578,-136.905,25.2787,28.9188,0,0.703895,nan,nan
43,16,706.978,138.823,19.7888,24.7481,859.035,-59.1706,26.1253,29.5282,0,0.604437,nan,nan
43,17,232.247,139.072,18.1275,25.0644,400.439,-185.193,24.0808,28.9083,0,0.627185,nan,nan
43,18,215.592,138.689,16.5944,24.839,384.681,-189.93,22.5429,28.2724,0,0.589435,nan,nan
43,19,628.835,139.459,22.3044,23.282,782.523,-79.5712,28.0863,28.6926,0,0.532081,nan,nan
43,20,391.812,137.453,16.595,26.8084,553.605,-144.704,23.249,30.35,0,0.604649,nan,nan
43,22,770.3,138.757,22.756,23.89,921.169,-42.1307,28.8818,29.5572,0,0.355607,nan,nan
43,23,650.112,139.283,20.0302,22.5906,803.322,-74.0287,25.7061,27.4287,0,0.493112,nan,nan
43,24,61.7353,135.238,25.881,30.583,239.806,-233.387,32.7171,36.0402,0,0.490395,nan,nan
43,25,441.353,137.377,17.9516,27.6373,601.33,-131.644,24.8311,31.5653,0,0.397646,nan,nan
43,26,172.066,138.89,21.5064,24.2973,343.248,-201.131,27.0183,28.9939,0,0.422856,nan,nan
43,27,571.027,138.965,19.11,26.4859,726.405,-95.5439,25.7805,30.897,0,0.355524,nan,nan
43,21,469.107,136.14,20.5416,32.8998,628.45,-125.469,28.7941,37.3901,0,0.37748,nan,nan
44,1,274.17,138.68,18.9298,24.6949,439.405,-176.089,24.8116,28.9528,0,0.814057,nan,nan
44,2,254.518,138.846,20.9664,24.3133,420.544,-181.128,26.6358,29.1037,0,0.795853,nan,nan
44,3,525.522,140.021,18.6956,26.5986,681.458,-107.771,25.3802,30.9836,0,0.763486,nan,nan
44,4,503.878,139.485,21.772,25.5794,660.601,-114.1,28.063,30.7925,0,0.757102,nan,nan
44,5,195.142,138.811,21.7477,23.9704,363.825,-196.844,27.2173,28.9221,0,0.77686,nan,nan
44,6,547.391,139.408,21.2936,24.9157,702.874,-102.496,27.4729,30.0593,0,0.707634,nan,nan
44,7,372.077,138.232,21.0723,24.6438,533.564,-150.53,26.969,29.5641,0,0.792351,nan,nan
44,8,328.441,137.97,21.9371,25.6328,491.663,-162.386,28.0146,30.7119,0,0.774449,nan,nan
44,9,295.858,138.201,19.518,26.5653,460.323,-170.806,25.9056,30.9429,0,0.76298,nan,nan
44,10,111.948,138.098,23.2271,24.6418,284.835,-219.419,28.7011,29.8798,0,0.758437,nan,nan
44,11,351.016,138.271,18.4121,25.1938,513.283,-156.096,24.5334,29.3709,0,0.745382,nan,nan
44,12,738.134,138.976,21.8059,23.3609,889.383,-51.3939,27.7917,28.8599,0,0.672327,nan,nan
44,13,596.334,138.331,25.7936,25.5792,750.811,-90.3766,32.101,31.9681,0,0.682514,nan,nan
44,14,154.058,139.019,23.7002,23.8864,324.622,-207.463,29.0025,29.3161,0,0.728307,nan,nan
44,15,417.461,138.467,19.339,24.6458,577.259,-138.206,25.3517,29.1473,0,0.703521,nan,nan
44,16,707.016,138.806,19.6695,24.7502,858.889,-60.0033,26.0356,29.6139,0,0.604578,nan,nan
44,17,232.246,139.055,18.151,24.9973,399.187,-186.814,24.1028,29.0013,0,0.625807,nan,nan
44,18,215.609,138.672,16.6311,24.7963,383.395,-191.58,22.5797,28.39,0,0.587995,nan,nan
44,19,628.822,139.447,22.263,23.3457,782.201,-80.5249,28.0939,28.8642,0,0.532082,nan,nan
44,20,391.797,137.422,16.606,26.8002,552.783,-146.067,23.2719,30.4897,0,0.604256,nan,nan
44,22,770.254,138.736,22.6547,23.8592,921.027,-42.9007,28.8043,29.6112,0,0.354505,nan,nan
44,23,650.212,139.271,19.6729,22.6178,803.146,-74.9209,25.3915,27.4716,0,0.492784,nan,nan
44,24,61.7323,135.217,25.8834,30.5742,237.987,-235.357,32.7496,36.2416,0,0.49153,nan,nan
44,25,441.523,137.425,17.971,27.7579,600.784,-132.796,24.9009,31.8347,0,0.395844,nan,nan
44,26,172.026,138.868,21.5963,24.2688,341.773,-202.88,27.1251,29.149,0,0.420221,nan,nan
44,27,571.004,138.936,19.0535,26.6002,725.972,-96.6074,25.78,31.1259,0,0.358464,nan,nan
44,21,469.24,136.171,20.486,32.9917,627.937,-126.607,28.786,37.6357,0,0.376849,nan,nan
45,1,274.167,138.676,18.9317,24.673,441.657,-173.375,24.8203,28.6295,0,0.814369,nan,nan
45,2,254.517,138.842,20.9601,24.2916,422.889,-178.373,26.6297,28.7764,0,0.796425,nan,nan
45,3,525.533,139.987,18.6846,26.5829,682.616,-105.623,25.3307,30.6686,0,0.764328,nan,nan
45,4,503.879,139.468,21.75,25.5819,661.836,-111.889,27.9977,30.4933,0,0.75848,nan,nan
45,5,195.139,138.805,21.7667,23.9601,366.448,-193.961,27.2447,28.6091,0,0.777346,nan,nan
45,6,547.393,139.396,21.2983,24.9233,703.925,-100.367,27.4266,29.7838,0,0.708501,nan,nan
45,7,372.076,138.227,21.0712,24.6362,535.373,-148.02,26.9489,29.2584,0,0.79252,nan,nan
45,8,328.439,137.964,21.9326,25.6036,493.669,-159.782,27.9935,30.3682,0,0.775049,nan,nan
45,9,295.861,138.203,19.5122,26.5319,462.479,-168.126,25.9038,30.5872,0,0.763974,nan,nan
45,10,111.95,138.095,23.2192,24.6306,287.868,-216.341,28.7149,29.5404,0,0.759388,nan,nan
45,11,351.014,138.269,18.4092,25.1703,515.184,-153.539,24.5253,29.0475,0,0.745502,nan,nan
45,12,738.118,138.963,21.779,23.3279,889.65,-49.6489,27.6619,28.5675,0,0.673795,nan,nan
45,13,596.335,138.324,25.7896,25.5924,751.658,-88.3335,32.0192,31.6843,0,0.684055,nan,nan
45,14,154.057,139.014,23.7013,23.8733,327.443,-204.491,29.0102,28.9889,0,0.729428,nan,nan
45,15,417.464,138.46,19.3405,24.6678,578.869,-135.796,25.3406,28.8788,0,0.704831,nan,nan
45,16,707.033,138.802,19.6201,24.7423,859.307,-58.1775,25.9048,29.3286,0,0.60475,nan,nan
45,17,232.246,139.056,18.1616,24.9668,401.634,-184.008,24.1312,28.667,0,0.627383,nan,nan
45,18,215.617,138.671,16.6365,24.7756,385.932,-188.733,22.6154,28.0675,0,0.588614,nan,nan
45,19,628.809,139.444,22.226,23.3638,782.9,-78.5571,27.9879,28.6084,0,0.533561,nan,nan
45,20,391.796,137.416,16.6121,26.7995,554.507,-143.591,23.2824,30.1813,0,0.605578,nan,nan
45,22,770.237,138.729,22.6181,23.8537,921.167,-41.2108,28.6624,29.3397,0,0.358572,nan,nan
45,23,650.256,139.269,19.5007,22.632,803.814,-72.9782,25.1588,27.1896,0,0.496023,nan,nan
45,24,61.7258,135.213,25.8689,30.5761,241.277,-232.138,32.7921,35.8335,0,0.493871,nan,nan
45,25,441.579,137.444,17.9744,27.7777,602.336,-130.386,24.8994,31.5378,0,0.398183,nan,nan
45,26,172.027,138.86,21.6099,24.2546,344.511,-199.948,27.153,28.8258,0,0.422833,nan,nan
45,27,570.995,138.927,19.0284,26.6218,726.912,-94.5218,25.7149,30.8464,0,0.360799,nan,nan
45,21,469.285,136.177,20.455,33.0061,629.364,-124.256,28.7435,37.2691,0,0.377169,nan,nan
46,1,274.162,138.693,18.9409,24.6659,449.415,-188.068,25.0137,28.943,0,0.809985,nan,nan
46,2,254.512,138.861,20.8985,24.3042,430.661,-193.301,26.7522,29.1121,0,0.795627,nan,nan
46,3,525.568,139.966,18.623,26.6494,690.278,-117.273,25.551,31.0389,0,0.766935,nan,nan
46,4,503.899,139.45,21.6891,25.6574,669.495,-123.809,28.2054,30.9068,0,0.757892,nan,nan
46,5,195.125,138.82,21.7095,23.8635,374.266,-209.606,27.3247,28.849,0,0.776054,nan,nan
46,6,547.374,139.458,21.0707,24.9064,711.511,-111.684,27.4503,30.0538,0,0.728298,nan,nan
46,7,372.071,138.26,20.9984,24.6208,543.064,-161.516,27.0813,29.568,0,0.788603,nan,nan
46,8,328.428,137.968,21.8514,25.575,501.392,-173.838,28.1124,30.6764,0,0.772739,nan,nan
46,9,295.86,138.224,19.4695,26.505,470.228,-182.556,26.062,30.8814,0,0.760748,nan,nan
46,10,111.935,138.127,23.1237,24.591,295.77,-232.962,28.7605,29.8438,0,0.758716,nan,nan
46,11,351.007,138.289,18.3458,25.136,522.889,-167.304,24.6631,29.3109,0,0.742235,nan,nan
46,12,738.25,138.984,21.8873,23.2799,897.396,-58.5786,28.0292,28.9043,0,0.709061,nan,nan
46,13,596.612,138.373,25.0797,25.4908,759.539,-98.9758,31.5688,31.7963,0,0.708956,nan,nan
46,14,154.036,139.033,23.6234,23.7821,335.291,-220.623,29.0607,29.2506,0,0.725139,nan,nan
46,15,417.326,138.596,19.0863,24.6624,586.376,-148.675,25.3126,29.1271,0,0.659875,nan,nan
46,16,706.884,138.768,19.8168,24.4822,866.791,-67.6328,26.3068,29.4603,0,0.602407,nan,nan
46,17,232.241,139.059,18.214,24.9447,409.428,-199.217,24.3553,28.9693,0,0.630021,nan,nan
46,18,215.538,138.66,16.6533,24.7114,393.677,-204.176,22.7899,28.3006,0,0.590545,nan,nan
46,19,628.967,139.242,22.8493,23.2354,790.722,-89.0689,28.8086,29.0152,0,0.622982,nan,nan
46,20,391.857,137.485,16.6184,26.8003,562.247,-156.797,23.5219,30.4824,0,0.589423,nan,nan
46,22,770.306,138.752,22.8286,23.7803,928.862,-49.7497,29.1366,29.6934,0,0.433193,nan,nan
46,23,650.039,139.145,20.6426,23.0948,811.251,-83.2512,26.649,28.2812,0,0.615176,nan,nan
46,24,61.7159,135.222,25.957,30.5946,249.268,-249.382,33.0533,36.2966,0,0.497077,nan,nan
46,25,441.452,137.756,17.9302,27.9324,609.803,-142.8,25.1538,31.9942,0,0.374856,nan,nan
46,26,172.122,138.868,21.5417,24.1822,352.455,-215.845,27.2269,29.0851,0,0.433717,nan,nan
46,27,571.019,138.993,18.7483,26.8291,734.541,-105.532,25.7745,31.2975,0,0.392669,nan,nan
46,21,468.852,136.1,20.268,33.1284,636.646,-136.797,28.907,37.7034,0,0.395232,nan,nan
46,31,669.94,138.68,15.7566,24.3157,830.767,-78.115,22.2578,28.1176,0,0.278771,nan,nan
47,1,274.16,138.685,18.9544,24.6441,449.472,-188.26,25.0684,28.9294,0,0.810392,nan,nan
47,2,254.508,138.852,20.8814,24.2955,430.696,-193.515,26.7853,29.1063,0,0.795519,nan,nan
47,3,525.592,139.944,18.5801,26.6668,690.518,-117.223,25.537,31.0334,0,0.766872,nan,nan
47,4,503.9,139.429,21.6447,25.6787,669.707,-123.783,28.1935,30.9094,0,0.757745,nan,nan
47,5,195.119,138.813,21.6881,23.8216,374.229,-209.888,27.3512,28.814,0,0.776098,nan,nan
47,6,547.365,139.471,20.9854,24.8982,711.714,-111.589,27.3845,30.0144,0,0.728243,nan,nan
47,7,372.063,138.259,20.9673,24.5821,543.199,-161.598,27.0795,29.5233,0,0.788914,nan,nan
47,8,328.425,137.954,21.844,25.5294,501.502,-173.976,28.138,30.634,0,0.773251,nan,nan
47,9,295.854,138.209,19.476,26.4995,470.306,-182.731,26.1148,30.8799,0,0.762022,nan,nan
47,10,111.928,138.127,23.0864,24.5736,295.616,-233.336,28.7914,29.8333,0,0.758637,nan,nan
47,11,351.001,138.282,18.322,25.0903,523.012,-167.413,24.6672,29.2594,0,0.741286,nan,nan
47,12,738.299,138.981,21.931,23.2651,897.626,-58.3346,28.0635,28.8875,0,0.709046,nan,nan
47,13,596.731,138.384,24.7687,25.4431,759.869,-98.8051,31.2672,31.6554,0,0.709879,nan,nan
47,14,154.025,139.029,23.5901,23.7472,335.195,-220.952,29.0851,29.2235,0,0.725497,nan,nan
47,15,417.274,138.637,18.9976,24.6419,586.486,-148.684,25.2544,29.0798,0,0.661093,nan,nan
47,16,706.822,138.745,19.9048,24.3879,866.932,-67.462,26.3666,29.377,0,0.602755,nan,nan
47,17,232.239,139.047,18.2364,24.9192,409.441,-199.46,24.4213,28.9556,0,0.629609,nan,nan
47,18,215.509,138.645,16.6634,24.6767,393.646,-204.448,22.8411,28.2738,0,0.590623,nan,nan
47,19,629.079,139.15,23.1725,23.1836,791.073,-88.9744,29.1168,29.0473,0,0.601873,nan,nan
47,20,391.844,137.482,16.5522,26.7996,562.391,-156.862,23.4942,30.4574,0,0.585218,nan,nan
47,22,770.338,138.75,22.9215,23.7575,929.057,-49.4887,29.2126,29.6811,0,0.431229,nan,nan
47,23,649.932,139.079,21.1642,23.2729,811.378,-83.1768,27.2137,28.5901,0,0.593242,nan,nan
47,24,61.722,135.212,25.9757,30.5989,249.053,-249.826,33.1629,36.3255,0,0.498105,nan,nan
47,25,441.406,137.862,17.9244,27.9624,609.911,-142.721,25.1891,32.0135,0,0.381166,nan,nan
47,26,172.16,138.86,21.512,24.1528,352.431,-216.143,27.252,29.0607,0,0.434334,nan,nan
47,27,571.04,139.009,18.6498,26.8966,734.774,-105.405,25.7157,31.3226,0,0.393074,nan,nan
47,21,468.69,136.056,20.2071,33.1486,636.7,-136.867,28.8882,37.6934,0,0.398081,nan,nan
47,31,669.95,138.688,15.7477,24.2731,830.982,-77.9194,22.243,28.0564,0,0.278462,nan,nan
48,1,274.155,138.685,18.9684,24.5901,459.493,-200.879,25.2583,28.9786,0,0.810154,nan,nan
48,2,254.499,138.852,20.8762,24.2837,440.81,-206.332,26.9525,29.2085,0,0.795456,nan,nan
48,3,525.629,139.853,18.4988,26.3467,699.519,-127.346,25.6224,30.8162,0,0.749067,nan,nan
48,4,503.976,139.367,21.753,25.697,678.822,-134.094,28.535,31.1065,0,0.730796,nan,nan
48,5,195.117,138.813,21.7377,23.8685,384.661,-223.285,27.5678,28.9909,0,0.772481,nan,nan
48,6,547.361,139.435,21.1255,24.7472,720.59,-121.44,27.7072,30.0579,0,0.713199,nan,nan
48,7,372.049,138.273,20.9287,24.3886,552.75,-173.22,27.1838,29.4548,0,0.780403,nan,nan
48,8,328.412,137.951,21.7917,25.3208,511.261,-186.054,28.2247,30.5477,0,0.773013,nan,nan
48,9,295.833,138.103,19.5281,26.5272,480.241,-195.238,26.3877,31.019,0,0.760552,nan,nan
48,10,111.924,138.116,23.1476,24.6142,306.528,-247.547,29.0031,30.008,0,0.75991,nan,nan
48,11,351.168,138.278,18.1466,24.7755,532.835,-179.214,24.6199,29.0044,0,0.734908,nan,nan
48,12,738.337,139.004,22.0031,23.2403,905.994,-66.046,28.3703,29.0716,0,0.695024,nan,nan
48,13,596.716,138.371,24.905,25.183,768.581,-108.107,31.558,31.6372,0,0.680503,nan,nan
48,14,154.045,139.026,23.6611,23.7842,345.875,-234.746,29.3003,29.4109,0,0.720137,nan,nan
48,15,417.401,138.677,18.9856,24.5964,595.966,-159.779,25.4445,29.1463,0,0.652364,nan,nan
48,16,706.908,138.716,19.9437,24.407,875.439,-75.5563,26.6671,29.565,0,0.579817,nan,nan
48,17,232.219,139.042,18.2655,24.9781,419.658,-212.505,24.6591,29.1043,0,0.623086,nan,nan
48,18,215.566,138.64,16.6981,24.7332,404.028,-217.633,23.0866,28.4055,0,0.577569,nan,nan
48,19,628.924,139.333,22.6093,23.1187,799.484,-97.7817,28.7708,29.0072,0,0.529378,nan,nan
48,20,391.815,137.5,16.4129,26.6179,571.85,-168.28,23.5544,30.3209,0,0.577557,nan,nan
48,22,770.41,138.725,23.0112,23.6232,937.408,-56.8799,29.5143,29.7776,0,0.365971,nan,nan
48,23,650.124,139.227,20.1436,22.7844,820.078,-91.6904,26.3082,27.986,0,0.499417,nan,nan
48,24,61.7561,135.227,26.0489,30.5967,260.329,-264.465,33.4144,36.4582,0,0.500427,nan,nan
48,25,441.757,137.888,18.0383,27.8512,619.522,-153.513,25.5288,32.0342,0,0.403431,nan,nan
48,26,172.112,138.861,21.6556,24.1875,362.945,-229.777,27.5543,29.2468,0,0.41188,nan,nan
48,27,571.042,138.987,18.7289,26.6018,743.579,-114.988,25.9733,31.1815,0,0.362314,nan,nan
48,21,468.796,135.93,20.2459,33.0797,646.035,-147.589,29.2262,37.7432,0,0.418999,nan,nan
49,1,274.155,138.678,18.982,24.552,459.794,-200.332,25.2837,28.8843,0,0.809499,nan,nan
49,2,254.499,138.845,20.8929,24.2661,441.113,-205.788,26.9891,29.1362,0,0.794548,nan,nan
49,3,525.644,139.814,18.4724,26.2169,699.726,-126.824,25.5458,30.6108,0,0.74744,nan,nan
49,4,504.006,139.341,21.8004,25.6982,679.055,-133.552,28.569,31.0509,0,0.728879,nan,nan
49,5,195.115,138.809,21.7731,23.893,384.963,-222.748,27.6429,28.9668,0,0.771216,nan,nan
49,6,547.361,139.419,21.1798,24.6856,720.757,-120.901,27.7228,29.9452,0,0.711533,nan,nan
49,7,372.042,138.275,20.9203,24.3162,553.017,-172.657,27.1628,29.3194,0,0.779203,nan,nan
49,8,328.413,137.946,21.7938,25.2224,511.553,-185.498,28.213,30.3891,0,0.771964,nan,nan
49,9,295.826,138.058,19.5588,26.5159,480.544,-194.726,26.4357,30.9494,0,0.75905,nan,nan
49,10,111.923,138.105,23.1924,24.6347,306.818,-247.032,29.0996,29.9832,0,0.758329,nan,nan
49,11,351.235,138.27,18.0899,24.6578,533.184,-178.641,24.5439,28.8111,0,0.733153,nan,nan
49,12,738.352,139.01,22.0298,23.2329,905.948,-65.5158,28.345,29.0016,0,0.694865,nan,nan
49,13,596.712,138.367,24.949,25.0768,768.693,-107.562,31.5386,31.475,0,0.678467,nan,nan
49,14,154.059,139.022,23.7076,23.8015,346.184,-234.214,29.39,29.3848,0,0.716834,nan,nan
49,15,417.449,138.689,18.9816,24.5731,596.262,-159.191,25.4366,29.0574,0,0.647601,nan,nan
49,16,706.942,138.702,19.9592,24.4185,875.46,-75.031,26.6436,29.5082,0,0.578616,nan,nan
49,17,232.215,139.028,18.2845,24.9905,419.961,-211.971,24.7111,29.0596,0,0.620476,nan,nan
49,18,215.593,138.631,16.7303,24.757,404.36,-217.089,23.1564,28.3762,0,0.574665,nan,nan
49,19,628.877,139.403,22.4125,23.0889,799.498,-97.1852,28.5386,28.8537,0,0.525931,nan,nan
49,20,391.806,137.506,16.361,26.5499,572.106,-167.712,23.4934,30.1703,0,0.573554,nan,nan
49,22,770.441,138.712,23.0503,23.5738,937.334,-56.3721,29.4818,29.6682,0,0.365188,nan,nan
49,23,650.196,139.281,19.7801,22.5906,820.187,-91.0782,25.8657,27.6261,0,0.495363,nan,nan
49,24,61.7739,135.231,26.0874,30.5934,260.619,-263.937,33.5173,36.3954,0,0.498671,nan,nan
49,25,441.886,137.89,18.077,27.8058,619.884,-152.91,25.5533,31.927,0,0.3976,nan,nan
49,26,172.077,138.858,21.7439,24.2075,363.212,-229.252,27.6817,29.2331,0,0.405795,nan,nan
49,27,571.053,138.976,18.7661,26.4778,743.733,-114.442,25.9523,30.9981,0,0.357477,nan,nan
49,21,468.84,135.876,20.269,33.0489,646.315,-147.058,29.2358,37.6301,0,0.413575,nan,nan
50,1,274.155,138.679,18.9926,24.4143,468.962,-212.388,25.3765,28.8719,0,0.807353,nan,nan
50,2,254.498,138.846,20.9347,24.1595,450.378,-217.985,27.102,29.1739,0,0.793093,nan,nan
50,3,525.647,139.738,18.53,25.6965,707.964,-137.02,25.6711,30.2763,0,0.763689,nan,nan
50,4,503.973,139.24,21.9173,25.2049,687.33,-143.957,28.7371,30.7838,0,0.753436,nan,nan
50,5,195.115,138.817,21.7154,23.7725,394.547,-235.361,27.6291,28.96,0,0.769352,nan,nan
50,6,547.399,139.399,21.3218,24.3832,728.962,-130.855,27.9813,29.8713,0,0.721053,nan,nan
50,7,372.023,138.31,20.9327,24.2799,561.722,-183.96,27.3115,29.4338,0,0.775803,nan,nan
50,8,328.403,137.933,21.8015,25.0238,520.469,-197.17,28.2966,30.346,0,0.76809,nan,nan
50,9,295.823,138.061,19.5628,26.2968,489.61,-206.622,26.5198,30.8633,0,0.756282,nan,nan
50,10,111.92,138.116,23.1705,24.6195,316.906,-260.211,29.1192,30.083,0,0.756284,nan,nan
50,11,351.287,138.297,18.0842,24.4676,542.043,-190.086,24.6362,28.7482,0,0.729339,nan,nan
50,12,738.28,138.973,21.9078,23.2295,913.788,-73.8861,28.4943,29.1746,0,0.689606,nan,nan
50,13,596.705,138.368,25.0589,24.9186,776.756,-117.099,31.8268,31.5702,0,0.684069,nan,nan
50,14,154.063,139.025,23.7294,23.7841,356.012,-247.113,29.4552,29.5063,0,0.709994,nan,nan
50,15,417.325,138.714,18.7878,24.8586,604.692,-170.185,25.5129,29.4113,0,0.671807,nan,nan
50,16,706.971,138.74,19.9065,24.5527,883.398,-83.576,26.9065,29.8131,0,0.605198,nan,nan
50,17,232.215,139.016,18.2882,24.8561,429.345,-224.342,24.7918,29.037,0,0.619493,nan,nan
50,18,215.602,138.632,16.8012,24.6334,413.841,-229.56,23.3047,28.3704,0,0.58222,nan,nan
50,19,628.925,139.415,22.4974,23.012,807.545,-106.423,28.8226,29.0034,0,0.530982,nan,nan
50,20,392.015,137.664,16.3405,26.6857,580.92,-178.677,23.7101,30.4076,0,0.568721,nan,nan
50,22,770.574,138.752,23.2626,23.4289,945.345,-64.3181,29.9302,29.82,0,0.354588,nan,nan
50,23,650.052,139.268,20.2454,22.5004,828.026,-100.216,26.5195,27.8577,0,0.499862,nan,nan
50,24,61.7491,135.244,26.0991,30.602,271.042,-277.449,33.5829,36.5296,0,0.497554,nan,nan
50,25,441.067,137.792,17.8263,27.8919,627.612,-164.038,25.5572,32.0674,0,0.360476,nan,nan
50,26,172.062,138.862,21.7656,24.1716,372.916,-242.033,27.7628,29.3259,0,0.408408,nan,nan
50,27,570.94,139.009,18.9227,26.0922,751.728,-124.195,26.2327,30.8321,0,0.400738,nan,nan
50,21,468.898,135.875,20.367,33.1796,654.785,-157.621,29.6442,37.9393,0,0.408249,nan,nan
50,31,669.532,138.826,15.349,24.0947,847.032,-94.7831,22.2926,27.9498,0,0.255544,nan,nan
51,1,274.152,138.677,19.0577,24.1524,475.007,-230.762,25.6749,29.2936,0,0.80053,nan,nan
51,2,254.485,138.839,21.0202,24.04,456.283,-236.72,27.4743,29.7761,0,0.78814,nan,nan
51,3,525.621,139.782,18.6176,25.6172,715.3,-150.893,26.0751,30.8224,0,0.761273,nan,nan
51,4,503.947,139.196,21.914,25.07,694.61,-158.3,29.0438,31.3072,0,0.758971,nan,nan
51,5,195.095,138.813,21.8147,23.7891,400.024,-255.168,28.0576,29.7218,0,0.760132,nan,nan
51,6,547.403,139.475,21.4327,24.3199,736.406,-144.313,28.4112,30.4695,0,0.708381,nan,nan
51,7,372.03,138.357,20.9993,24.0274,568.361,-200.539,27.6299,29.8731,0,0.760203,nan,nan
51,8,328.382,137.927,21.88,24.7719,526.847,-214.592,28.6367,30.826,0,0.76226,nan,nan
51,9,295.828,138.081,19.6202,25.9307,495.801,-224.592,26.7989,31.2107,0,0.745561,nan,nan
51,10,111.919,138.106,23.2387,24.6668,321.762,-281.547,29.5427,30.9243,0,0.754339,nan,nan
51,11,351.309,138.313,18.1912,24.2744,548.589,-207.06,24.9962,29.2147,0,0.716556,nan,nan
51,12,738.242,138.952,21.7571,23.292,921.762,-84.1846,28.7029,29.7613,0,0.690948,nan,nan
51,13,596.879,138.46,24.9341,25.0648,784.548,-129.645,32.1163,32.3559,0,0.672105,nan,nan
51,14,154.079,139.025,23.8283,23.8294,361.211,-267.651,29.9066,30.3425,0,0.70286,nan,nan
51,15,417.347,138.756,18.8835,24.7262,611.588,-185.957,25.8932,29.933,0,0.597115,nan,nan
51,16,707.013,138.801,19.8069,24.635,891.366,-94.3014,27.1835,30.4221,0,0.609445,nan,nan
51,17,232.183,138.979,18.3411,24.8292,435.086,-243.51,25.1479,29.6855,0,0.598603,nan,nan
51,18,215.67,138.609,16.8954,24.6634,419.557,-248.991,23.7045,29.0614,0,0.55929,nan,nan
51,19,628.925,139.268,22.882,23.2093,815.332,-118.692,29.5918,29.9281,0,0.596826,nan,nan
51,20,392.029,137.8,16.2737,26.18,587.654,-194.821,23.8192,30.5018,0,0.492327,nan,nan
51,22,770.317,138.673,22.7742,23.1892,953.179,-74.2005,29.716,30.0184,0,0.373935,nan,nan
51,23,649.987,139.12,20.8766,23.1948,835.812,-112.146,27.6754,29.2979,0,0.578338,nan,nan
51,24,61.7257,135.256,26.1121,30.5987,275.464,-299.735,33.999,37.4621,0,0.500239,nan,nan
51,25,441.368,137.688,18.0009,28.0802,634.951,-179.457,26.1414,32.938,0,0.336747,nan,nan
51,26,171.984,138.864,21.888,24.2026,378.163,-262.271,28.2198,30.1207,0,0.379626,nan,nan
51,27,571.009,139.111,19.1943,26.1628,759.318,-137.203,26.872,31.582,0,0.374029,nan,nan
51,21,469.003,135.979,20.6886,33.3823,662.023,-172.431,30.4423,38.9678,0,0.415091,nan,nan
51,31,669.511,138.735,15.1928,24.2622,854.898,-106.314,22.5231,28.5518,0,0.298559,nan,nan
51,40,693.792,137.161,17.0153,28.1528,879.018,-100.122,25.5734,32.9602,0,0.252909,nan,nan
51,28,846.468,137.876,24.7323,25.347,1028.05,-50.5542,32.4631,32.8453,0,0.250624,nan,nan
52,1,274.157,138.666,19.0842,24.0516,475.351,-229.408,25.6677,29.0961,0,0.799779,nan,nan
52,2,254.489,138.825,21.0571,23.9936,456.647,-235.341,27.4923,29.6311,0,0.787463,nan,nan
52,3,525.617,139.79,18.657,25.5865,715.405,-149.874,26.0964,30.7023,0,0.760615,nan,nan
52,4,503.942,139.171,21.9049,25.0253,694.74,-157.281,29.012,31.1546,0,0.758538,nan,nan
52,5,195.094,138.803,21.8528,23.7916,400.448,-253.702,28.0922,29.6217,0,0.759316,nan,nan
52,6,547.413,139.494,21.4834,24.2943,736.505,-143.306,28.4423,30.359,0,0.707885,nan,nan
52,7,372.038,138.365,21.0315,23.9411,568.605,-199.302,27.6281,29.6925,0,0.759467,nan,nan
52,8,328.379,137.915,21.9126,24.6795,527.129,-213.316,28.6339,30.6342,0,0.761704,nan,nan
52,9,295.834,138.08,19.644,25.7916,496.121,-223.257,26.7772,30.9694,0,0.744259,nan,nan
52,10,111.92,138.091,23.2642,24.6955,322.289,-279.96,29.5746,30.8369,0,0.753982,nan,nan
52,11,351.323,138.308,18.2365,24.2085,548.862,-205.805,25.0166,29.0602,0,0.716258,nan,nan
52,12,738.233,138.937,21.7021,23.3169,921.741,-83.4624,28.6428,29.6766,0,0.690909,nan,nan
52,13,596.95,138.486,24.8923,25.1135,784.669,-128.674,32.0782,32.2836,0,0.671485,nan,nan
52,14,154.092,139.014,23.8721,23.8489,361.696,-266.122,29.9505,30.2559,0,0.700306,nan,nan
52,15,417.362,138.761,18.9258,24.6783,611.798,-184.785,25.9143,29.7951,0,0.594982,nan,nan
52,16,707.036,138.816,19.7687,24.6671,891.381,-93.4996,27.1436,30.3473,0,0.610044,nan,nan
52,17,232.18,138.954,18.3658,24.8172,435.472,-242.114,25.1693,29.5701,0,0.598059,nan,nan
52,18,215.7,138.588,16.9467,24.6772,419.992,-247.555,23.761,28.981,0,0.558811,nan,nan
52,19,628.932,139.206,23.0325,23.2838,815.4,-117.872,29.7487,29.9512,0,0.596133,nan,nan
52,20,392.04,137.838,16.256,25.9979,587.874,-193.579,23.7444,30.2133,0,0.491094,nan,nan
52,22,770.224,138.637,22.5845,23.0989,953.068,-73.5656,29.4858,29.7783,0,0.373466,nan,nan
52,23,649.969,139.057,21.1198,23.4541,835.844,-111.361,27.9821,29.5339,0,0.576782,nan,nan
52,24,61.7239,135.25,26.1265,30.6021,276.053,-298.056,34.0169,37.3185,0,0.499419,nan,nan
52,25,441.49,137.636,18.0745,28.1593,635.262,-178.335,26.2344,32.9244,0,0.333961,nan,nan
52,26,171.958,138.855,21.941,24.2149,378.591,-260.778,28.2725,30.0321,0,0.37953,nan,nan
52,27,571.048,139.139,19.3076,26.1791,759.426,-136.209,26.9781,31.5303,0,0.372779,nan,nan
52,21,469.042,136.011,20.809,33.4574,662.206,-171.287,30.5777,38.9457,0,0.412433,nan,nan
52,31,669.509,138.697,15.1415,24.3179,854.926,-105.524,22.4817,28.5012,0,0.298051,nan,nan
52,40,693.798,137.147,17.0278,28.1552,879.033,-99.332,25.5746,32.8652,0,0.253424,nan,nan
53,1,274.158,138.66,19.0866,23.8837,490.093,-234.63,25.522,28.3632,0,0.799692,nan,nan
53,2,254.506,138.82,21.0996,23.8855,471.807,-240.537,27.3554,28.9551,0,0.785981,nan,nan
53,3,525.653,139.734,18.8421,25.0333,725.853,-155.162,26.1011,29.7723,0,0.754701,nan,nan
53,4,503.911,139.193,21.9943,24.538,705.416,-162.525,28.8871,30.2578,0,0.765479,nan,nan
53,5,195.08,138.811,21.8801,23.7639,416.859,-258.802,27.9257,28.9864,0,0.756776,nan,nan
53,6,547.465,139.449,21.73,23.8942,746.671,-148.546,28.5112,29.6344,0,0.696519,nan,nan
53,7,372.065,138.407,21.1093,23.9651,581.483,-204.532,27.6104,29.2201,0,0.756678,nan,nan
53,8,328.396,137.917,21.9472,24.5921,540.824,-218.555,28.515,30.0006,0,0.757684,nan,nan
53,9,295.86,138.072,19.6585,25.6224,510.458,-228.48,26.659,30.2104,0,0.738005,nan,nan
53,10,111.92,138.084,23.3662,24.7639,340.667,-284.874,29.4543,30.2401,0,0.750321,nan,nan
53,11,351.311,138.335,18.2625,24.2242,562.086,-211.053,24.9946,28.5472,0,0.704628,nan,nan
53,12,738.247,139.016,21.8332,23.3975,929.759,-88.1739,28.8284,29.5077,0,0.68674,nan,nan
53,13,596.751,138.442,25.4805,24.6979,793.972,-133.899,32.455,31.6722,0,0.673073,nan,nan
53,14,154.095,139.027,23.9082,23.8589,379.053,-271.136,29.7427,29.6299,0,0.694107,nan,nan
53,15,417.402,138.723,19.1223,24.6383,623.923,-190.099,26.0482,29.3104,0,0.621597,nan,nan
53,16,706.932,138.834,20.1445,24.7012,899.579,-98.3961,27.5663,30.1658,0,0.563963,nan,nan
53,17,232.144,138.923,18.3765,24.7543,451.061,-247.322,25.0776,28.8986,0,0.590468,nan,nan
53,18,215.701,138.576,16.9246,24.6504,435.97,-252.7,23.6753,28.3297,0,0.54978,nan,nan
53,19,628.739,139.372,22.3565,22.9935,824.258,-122.848,28.9761,29.1069,0,0.531063,nan,nan
53,20,392.338,137.926,16.6534,25.9485,600.643,-198.675,24.1171,29.7397,0,0.473069,nan,nan
53,22,770.244,138.655,22.7811,23.3562,960.863,-78.2267,29.799,29.8261,0,0.303829,nan,nan
53,23,650.086,139.197,20.3853,22.8103,844.778,-116.217,27.0681,28.3379,0,0.470806,nan,nan
53,24,61.7012,135.27,26.1177,30.6033,295.692,-302.738,33.7602,36.4284,0,0.491904,nan,nan
53,25,441.28,137.503,18.0145,28.6318,646.796,-183.788,26.3544,32.7869,0,0.324483,nan,nan
53,26,171.908,138.868,22.019,24.2091,395.489,-265.842,28.1544,29.4092,0,0.365329,nan,nan
53,27,570.808,139.111,19.7298,25.3157,769.001,-141.486,27.1185,30.3952,0,0.396107,nan,nan
53,21,468.884,135.966,20.9788,33.0593,673.341,-176.595,30.652,37.9663,0,0.370212,nan,nan
54,1,274.158,138.646,19.0855,23.8291,489.777,-234.602,25.5066,28.312,0,0.799845,nan,nan
54,2,254.511,138.807,21.1118,23.8527,471.486,-240.51,27.361,28.9291,0,0.78617,nan,nan
54,3,525.666,139.704,18.9128,24.8323,725.654,-155.107,26.0991,29.6008,0,0.754627,nan,nan
54,4,503.9,139.191,22.0103,24.3642,705.178,-162.454,28.8437,30.0957,0,0.765771,nan,nan
54,5,195.075,138.805,21.8882,23.7569,416.495,-258.784,27.9378,28.9842,0,0.757427,nan,nan
54,6,547.488,139.421,21.8173,23.7441,746.487,-148.484,28.5424,29.5168,0,0.696626,nan,nan
54,7,372.076,138.41,21.1392,23.9768,581.216,-204.468,27.644,29.2402,0,0.75669,nan,nan
54,8,328.404,137.906,21.9585,24.5664,540.539,-218.513,28.5203,29.9802,0,0.757856,nan,nan
54,9,295.87,138.057,19.6595,25.57,510.162,-228.447,26.6455,30.1614,0,0.738402,nan,nan
54,10,111.915,138.067,23.3874,24.7894,340.26,-284.883,29.4918,30.2734,0,0.751462,nan,nan
54,11,351.307,138.332,18.2679,24.2331,561.798,-211.003,25.0037,28.5567,0,0.704128,nan,nan
54,12,738.253,139.036,21.8872,23.4321,929.585,-88.053,28.8842,29.5539,0,0.685306,nan,nan
54,13,596.674,138.41,25.7052,24.546,793.708,-133.866,32.6162,31.5957,0,0.673321,nan,nan
54,14,154.091,139.02,23.9104,23.868,378.669,-271.127,29.7569,29.6419,0,0.695762,nan,nan
54,15,417.418,138.697,19.196,24.6232,623.688,-190.054,26.1122,29.318,0,0.622679,nan,nan
54,16,706.891,138.832,20.2896,24.7199,899.362,-98.3137,27.7044,30.2256,0,0.563173,nan,nan
54,17,232.13,138.904,18.3788,24.7353,450.713,-247.311,25.0775,28.8821,0,0.591445,nan,nan
54,18,215.704,138.564,16.9199,24.6424,435.627,-252.68,23.6719,28.3213,0,0.550729,nan,nan
54,19,628.669,139.423,22.0994,22.8892,823.98,-122.731,28.6911,28.9223,0,0.530622,nan,nan
54,20,392.45,137.947,16.8026,25.9293,600.472,-198.56,24.2502,29.7668,0,0.472002,nan,nan
54,22,770.259,138.651,22.8657,23.454,960.709,-78.1229,29.9046,29.9429,0,0.299774,nan,nan
54,23,650.133,139.24,20.1135,22.5602,844.62,-116.068,26.7198,28.0087,0,0.469393,nan,nan
54,24,61.6942,135.264,26.1068,30.5985,295.249,-302.749,33.7606,36.4244,0,0.49386,nan,nan
54,25,441.203,137.441,17.9922,28.8101,646.495,-183.803,26.3891,32.9464,0,0.324137,nan,nan
54,26,171.9,138.861,22.037,24.2081,395.11,-265.831,28.1782,29.4159,0,0.36603,nan,nan
54,27,570.708,139.087,19.8725,24.9871,768.706,-141.456,27.1422,30.1238,0,0.397159,nan,nan
54,21,468.823,135.94,21.0383,32.902,673.052,-176.567,30.6528,37.8324,0,0.369865,nan,nan
55,1,274.156,138.667,19.0899,23.7048,499.129,-249.066,25.7009,28.4495,0,0.797355,nan,nan
55,2,254.522,138.814,21.1508,23.726,480.883,-255.196,27.5802,29.0966,0,0.783207,nan,nan
55,3,525.72,139.607,18.9846,24.3747,734.775,-166.88,26.2986,29.45,0,0.741079,nan,nan
55,4,503.926,139.218,22.0859,24.0031,714.257,-174.365,29.0671,30.0718,0,0.760867,nan,nan
55,5,195.075,138.792,21.959,23.7462,425.988,-274.131,28.2128,29.277,0,0.754717,nan,nan
55,6,547.565,139.326,21.9183,23.4793,755.613,-160.002,28.8234,29.5908,0,0.675147,nan,nan
55,7,372.068,138.464,21.1032,24.0597,590.414,-217.835,27.8859,29.5868,0,0.727974,nan,nan
55,8,328.447,137.917,22.0453,24.471,549.864,-232.384,28.8146,30.2061,0,0.749731,nan,nan
55,9,295.885,138.066,19.6656,25.444,519.506,-242.684,26.8628,30.3082,0,0.739481,nan,nan
55,10,111.921,138.047,23.4423,24.8298,349.92,-301.119,29.7628,30.6236,0,0.747682,nan,nan
55,11,351.412,138.43,18.1636,24.139,571.115,-224.52,25.1253,28.6823,0,0.689315,nan,nan
55,12,738.151,139.089,21.9646,23.3426,938.375,-97.2909,29.2341,29.7956,0,0.643188,nan,nan
55,13,596.796,138.383,25.2188,24.5248,802.826,-144.747,32.4363,31.7578,0,0.672262,nan,nan
55,14,154.131,139.004,24.0272,23.8774,388.27,-286.902,30.0712,29.988,0,0.685469,nan,nan
55,15,417.375,138.607,19.2947,24.7803,632.841,-203.067,26.5235,29.7599,0,0.599605,nan,nan
55,16,706.771,138.852,20.5521,24.6441,908.161,-107.956,28.2494,30.5246,0,0.516313,nan,nan
55,17,232.114,138.879,18.409,24.6406,460.131,-262.277,25.3094,29.0485,0,0.585423,nan,nan
55,18,215.771,138.553,16.9402,24.5954,445.148,-267.784,23.9097,28.5132,0,0.538245,nan,nan
55,19,629.012,139.397,22.8407,22.7678,833.276,-133.168,29.6387,29.3499,0,0.499885,nan,nan
55,20,392.349,137.928,16.7345,26.1852,609.587,-211.801,24.5519,30.2238,0,0.399357,nan,nan
55,23,647.583,139.275,25.9417,22.4276,851.112,-127.154,32.5376,30.0792,0,0.380144,nan,nan
55,24,61.7003,135.268,26.1729,30.596,305.028,-319.496,34.0711,36.7763,0,0.487172,nan,nan
55,25,441.424,137.356,18.03,28.7094,655.882,-196.464,26.7115,33.1204,0,0.331559,nan,nan
55,26,171.827,138.839,22.1766,24.2003,404.579,-281.456,28.5177,29.7345,0,0.343016,nan,nan
55,27,571.28,139.026,19.3715,24.6907,778.275,-152.516,26.8615,29.9522,0,0.428896,nan,nan
55,21,468.931,135.977,21.0719,32.7824,682.28,-188.842,31.0162,38.0305,0,0.394262,nan,nan
56,1,274.156,138.667,19.0963,23.6444,498.772,-249.752,25.7036,28.4602,0,0.79737,nan,nan
56,2,254.53,138.807,21.1734,23.6631,480.514,-255.896,27.599,29.1118,0,0.782904,nan,nan
56,3,525.744,139.562,19.0161,24.2074,734.718,-167.469,26.2956,29.3609,0,0.740493,nan,nan
56,4,503.937,139.221,22.1236,23.8699,714.151,-174.925,29.0838,30.0189,0,0.760198,nan,nan
56,5,195.077,138.775,21.992,23.7314,425.547,-274.874,28.2567,29.3428,0,0.754189,nan,nan
56,6,547.598,139.28,21.964,23.3865,755.585,-160.579,28.8624,29.5766,0,0.674408,nan,nan
56,7,372.066,138.475,21.0988,24.0845,590.159,-218.458,27.912,29.6741,0,0.726888,nan,nan
56,8,328.465,137.914,22.0785,24.425,549.585,-233.039,28.8519,30.241,0,0.74944,nan,nan
56,9,295.893,138.063,19.6681,25.3817,519.182,-243.358,26.8623,30.3197,0,0.739691,nan,nan
56,10,111.925,138.028,23.4711,24.8491,349.382,-301.912,29.8133,30.7257,0,0.747212,nan,nan
56,11,351.453,138.459,18.1282,24.0953,570.871,-225.124,25.0957,28.6938,0,0.688369,nan,nan
56,12,738.115,139.101,21.9953,23.3074,938.428,-97.7487,29.2836,29.826,0,0.641937,nan,nan
56,13,596.842,138.363,25.0432,24.5209,802.848,-145.274,32.2991,31.7582,0,0.671033,nan,nan
56,14,154.149,138.987,24.0763,23.8807,387.795,-287.661,30.1373,30.0786,0,0.684928,nan,nan
56,15,417.361,138.565,19.3365,24.8321,632.64,-203.721,26.6015,29.8873,0,0.596804,nan,nan
56,16,706.726,138.851,20.6581,24.6158,908.184,-108.444,28.3724,30.5894,0,0.51539,nan,nan
56,17,232.109,138.857,18.4266,24.5864,459.729,-263.007,25.3225,29.0716,0,0.584915,nan,nan
56,18,215.802,138.538,16.9465,24.5611,444.757,-268.505,23.9169,28.551,0,0.537064,nan,nan
56,19,629.157,139.376,23.1467,22.7282,833.422,-133.645,29.9484,29.4695,0,0.498335,nan,nan
56,20,392.312,137.913,16.7133,26.2679,609.328,-212.451,24.5779,30.3625,0,0.394852,nan,nan
56,23,646.601,139.278,28.1705,22.3846,850.186,-127.972,34.692,30.83,0,0.379317,nan,nan
56,24,61.7069,135.26,26.2034,30.5937,304.425,-320.315,34.1154,36.8766,0,0.485809,nan,nan
56,25,441.511,137.315,18.0499,28.6628,655.8,-197.075,26.7357,33.1547,0,0.329175,nan,nan
56,26,171.791,138.819,22.2406,24.1909,404.078,-282.227,28.5914,29.817,0,0.340355,nan,nan
56,27,571.504,138.995,19.1805,24.5843,778.447,-153.006,26.6692,29.8481,0,0.427561,nan,nan
56,21,468.986,135.983,21.1002,32.7321,682.18,-189.409,31.0518,38.0736,0,0.392651,nan,nan
56,54,635.57,139.211,35.9297,23.3989,839.634,-131.679,42.4482,34.3485,0,0.340952,nan,nan
57,1,274.155,138.655,19.183,23.5256,508.245,-259.325,25.9444,28.2682,0,0.794601,nan,nan
57,2,254.574,138.807,21.2857,23.4649,490.089,-265.625,27.8351,28.8733,0,0.775384,nan,nan
57,3,525.775,139.551,18.8857,24.0362,743.201,-174.77,26.241,29.0384,0,0.750508,nan,nan
57,4,503.993,139.221,22.101,23.7761,722.755,-182.398,29.1481,29.8376,0,0.768209,nan,nan
57,5,195.072,138.802,22.0892,23.6129,435.26,-285.138,28.5232,29.1807,0,0.746537,nan,nan
57,6,547.583,139.264,21.757,23.3329,763.926,-167.701,28.7477,29.3748,0,0.696815,nan,nan
57,7,372.127,138.537,21.0598,24.5363,599.307,-227.049,28.2017,29.9878,0,0.700685,nan,nan
57,8,328.443,137.94,22.2041,24.5493,558.84,-242.08,29.1943,30.3065,0,0.72155,nan,nan
57,9,295.906,138.04,19.7207,25.2822,528.603,-252.732,27.0889,30.1185,0,0.729145,nan,nan
57,10,111.938,138.038,23.5545,24.8553,359.366,-312.944,30.1462,30.6749,0,0.744539,nan,nan
57,11,351.152,138.45,18.1198,24.7224,579.788,-234.088,25.4926,29.1538,0,0.684624,nan,nan
57,12,738.077,139.109,21.6968,23.299,945.748,-103.17,29.0274,29.6344,0,0.672977,nan,nan
57,13,596.895,138.312,24.8971,24.5192,811.035,-151.958,32.2368,31.6391,0,0.697234,nan,nan
57,14,154.186,139.015,24.2045,23.8352,397.665,-298.291,30.4662,30.012,0,0.663012,nan,nan
57,15,417.338,138.593,19.4284,25.352,641.541,-211.964,27.0372,30.2843,0,0.587474,nan,nan
57,16,706.736,138.949,20.6327,24.728,915.698,-114.036,28.4489,30.5793,0,0.564871,nan,nan
57,17,232.117,138.858,18.4234,24.4056,469.344,-272.952,25.4848,28.7752,0,0.573987,nan,nan
57,18,215.815,138.559,16.9808,24.407,454.426,-278.577,24.1324,28.2786,0,0.521937,nan,nan
57,19,629.028,139.393,22.9258,22.554,841.24,-140.052,29.7378,29.1656,0,0.540883,nan,nan
57,20,392.255,137.937,16.7141,26.9296,618.307,-220.927,25.0107,30.8204,0,0.359885,nan,nan
57,23,647.271,139.284,26.7792,22.2339,858.68,-133.963,33.3392,30.2004,0,0.40902,nan,nan
57,24,61.7324,135.277,26.2423,30.6149,314.583,-331.767,34.4973,36.7795,0,0.484241,nan,nan
57,25,441.32,137.212,18.1744,28.7244,664.5,-205.264,27.0762,33.0738,0,0.287555,nan,nan
57,26,171.663,138.856,22.4947,24.1223,413.742,-292.737,29.031,29.7491,0,0.312517,nan,nan
57,27,571.615,138.88,19.774,24.9382,786.831,-159.962,27.4716,30.2626,0,0.43255,nan,nan
57,21,469.031,135.82,21.4474,32.4416,691.017,-197.312,31.4941,37.7142,0,0.355427,nan,nan
57,54,634.707,139.186,34.0836,23.274,846.732,-138.317,40.6397,33.6434,0,0.37834,nan,nan
58,1,274.152,138.64,19.2226,23.4755,508.111,-260.923,26.0131,28.354,0,0.79469,nan,nan
58,2,254.592,138.795,21.3393,23.3857,489.936,-267.252,27.9119,28.9422,0,0.774858,nan,nan
58,3,525.786,139.536,18.8351,23.9791,743.429,-175.878,26.2063,29.0682,0,0.750724,nan,nan
58,4,504.015,139.208,22.0924,23.7453,722.972,-183.539,29.1667,29.9131,0,0.768182,nan,nan
58,5,195.069,138.798,22.142,23.5615,434.963,-286.893,28.6147,29.2822,0,0.746239,nan,nan
58,6,547.576,139.248,21.6749,23.318,764.156,-168.779,28.6981,29.4351,0,0.696982,nan,nan
58,7,372.15,138.545,21.0565,24.7003,599.355,-228.419,28.3025,30.26,0,0.699,nan,nan
58,8,328.436,137.937,22.2589,24.5938,558.795,-243.558,29.3125,30.4915,0,0.72084,nan,nan
58,9,295.912,138.02,19.7441,25.2387,528.519,-254.288,27.1456,30.2106,0,0.729161,nan,nan
58,10,111.945,138.028,23.5887,24.8567,358.887,-314.888,30.2492,30.834,0,0.744449,nan,nan
58,11,351.035,138.433,18.1148,24.9514,579.681,-235.57,25.6112,29.4826,0,0.682672,nan,nan
58,12,738.065,139.102,21.5822,23.2958,946.047,-103.938,28.9341,29.6778,0,0.673735,nan,nan
58,13,596.915,138.282,24.8412,24.52,811.331,-152.958,32.2162,31.7275,0,0.697273,nan,nan
58,14,154.202,139.011,24.2635,23.8176,397.293,-300.127,30.5831,30.1558,0,0.663002,nan,nan
58,15,417.332,138.591,19.4662,25.5367,641.629,-213.265,27.1788,30.5857,0,0.587288,nan,nan
58,16,706.742,138.974,20.6202,24.7695,916.001,-114.813,28.473,30.7051,0,0.565107,nan,nan
58,17,232.115,138.844,18.4318,24.327,469.13,-274.635,25.5162,28.8287,0,0.572699,nan,nan
58,18,215.828,138.556,16.9959,24.3337,454.188,-280.28,24.1699,28.3376,0,0.519681,nan,nan
58,19,628.981,139.389,22.843,22.49,841.479,-140.997,29.6633,29.1717,0,0.540555,nan,nan
58,20,392.234,137.932,16.7185,27.1624,618.347,-222.287,25.1366,31.1576,0,0.357155,nan,nan
58,23,647.564,139.275,26.1724,22.1797,859.253,-134.767,32.7679,30.0412,0,0.408777,nan,nan
58,24,61.7381,135.27,26.2483,30.6208,313.975,-333.834,34.59,36.9664,0,0.484625,nan,nan
58,25,441.241,137.169,18.2235,28.7366,664.565,-206.588,27.1672,33.2223,0,0.287706,nan,nan
58,26,171.602,138.855,22.6145,24.0872,413.339,-294.559,29.1927,29.8924,0,0.309358,nan,nan
58,27,571.653,138.828,19.9931,25.0728,787.135,-161.019,27.7581,30.5659,0,0.433176,nan,nan
58,21,469.048,135.747,21.58,32.3242,691.215,-198.585,31.6231,37.7832,0,0.35466,nan,nan
58,54,634.441,139.168,33.5093,23.2319,846.77,-139.341,40.1083,33.5216,0,0.378103,nan,nan
59,1,274.117,138.645,19.3908,23.4157,520.602,-267.607,26.2071,27.9605,0,0.793249,nan,nan
59,2,254.637,138.807,21.5269,23.2319,502.727,-273.98,28.0638,28.4737,0,0.764198,nan,nan
59,3,525.815,139.512,18.8848,24.1872,753.327,-181.485,26.3915,28.9448,0,0.71142,nan,nan
59,4,503.963,139.2,22.5916,24.0555,732.998,-189.258,29.7759,30.0513,0,0.735558,nan,nan
59,5,195.061,138.816,22.2284,23.4247,448.427,-293.85,28.6725,28.778,0,0.743563,nan,nan
59,6,547.391,139.239,21.7775,23.5704,773.651,-174.333,28.9155,29.4031,0,0.607071,nan,nan
59,7,372.166,138.529,21.3919,24.8053,610.796,-234.707,28.7032,30.0869,0,0.662805,nan,nan
59,8,328.386,138.011,22.3823,24.6427,570.631,-249.956,29.4825,30.1882,0,0.700709,nan,nan
59,9,295.932,138,19.8729,25.2728,540.824,-260.88,27.3521,29.8629,0,0.710976,nan,nan
59,10,111.95,138.034,23.6592,24.8682,373.446,-322.115,30.3441,30.4127,0,0.740343,nan,nan
59,11,350.994,138.529,18.386,24.9789,591.261,-241.86,25.9599,29.1927,0,0.627718,nan,nan
59,12,738.089,139.076,21.7814,23.2798,954.196,-108.403,29.1498,29.4893,0,0.572919,nan,nan
59,13,596.492,138.391,25.9151,24.5774,820.13,-158.216,33.2623,31.8594,0,0.587658,nan,nan
59,14,154.38,139.007,25.0531,23.8895,411.449,-307.188,31.3296,30.0657,0,0.653168,nan,nan
59,15,417.349,138.62,19.6632,25.1574,652.574,-219.316,27.3026,29.91,0,0.509986,nan,nan
59,16,706.568,138.839,20.9623,24.5544,924.23,-119.628,28.7717,30.3396,0,0.456585,nan,nan
59,17,232.074,138.828,18.5,24.1603,482.121,-281.503,25.6013,28.2722,0,0.556512,nan,nan
59,18,215.906,138.585,17.0843,24.1633,467.474,-287.12,24.2903,27.7747,0,0.507816,nan,nan
59,19,630.055,139.387,25.0044,22.6781,851.452,-145.688,31.7897,29.841,0,0.442877,nan,nan
59,20,392.174,137.9,16.7365,27.2517,629.516,-228.517,25.3113,30.8026,0,0.283745,nan,nan
59,24,61.7543,135.284,26.3235,30.634,329.254,-341.145,34.7327,36.4133,0,0.467674,nan,nan
59,26,171.559,138.87,22.7221,23.9843,427.068,-301.614,29.2826,29.4101,0,0.297519,nan,nan
59,21,469.343,135.735,22.1485,32.0435,701.941,-204.29,32.1766,37.2243,0,0.298201,nan,nan
59,54,638.503,139.156,39.6071,23.0487,859.533,-142.971,45.7552,35.2614,0,0.410547,nan,nan
60,1,274.106,138.628,19.4511,23.3936,520.903,-267.183,26.2224,27.9359,0,0.793321,nan,nan
60,2,254.655,138.794,21.5976,23.1738,503.079,-273.517,28.07,28.4154,0,0.764449,nan,nan
60,3,525.829,139.486,18.9002,24.2696,753.469,-181.358,26.4402,29.0199,0,0.712424,nan,nan
60,4,503.945,139.178,22.7733,24.1737,733.115,-189.116,29.9885,30.2108,0,0.736155,nan,nan
60,5,195.06,138.805,22.2555,23.3625,448.849,-293.306,28.6272,28.6964,0,0.743824,nan,nan
60,6,547.325,139.218,21.8133,23.6671,773.714,-174.248,28.9911,29.4969,0,0.607414,nan,nan
60,7,372.173,138.503,21.5153,24.842,611.012,-234.413,28.8104,30.1421,0,0.662869,nan,nan
60,8,328.369,138.02,22.4249,24.6614,570.854,-249.582,29.5009,30.1952,0,0.700746,nan,nan
60,9,295.94,137.975,19.9164,25.2855,541.118,-260.487,27.3667,29.8656,0,0.711196,nan,nan
60,10,111.953,138.018,23.6868,24.8665,374.02,-321.446,30.3049,30.3784,0,0.740128,nan,nan
60,11,350.981,138.546,18.4851,24.9855,591.462,-241.506,26.0333,29.2143,0,0.627286,nan,nan
60,12,738.103,139.05,21.8565,23.2754,954.405,-108.449,29.2581,29.5171,0,0.572949,nan,nan
60,13,596.338,138.414,26.3138,24.6017,820.096,-158.166,33.6628,32.0114,0,0.587927,nan,nan
60,14,154.288,139.009,24.6378,23.7885,411.854,-306.601,30.8588,29.7957,0,0.652669,nan,nan
60,15,417.357,138.613,19.7328,25.0026,652.75,-219.058,27.2997,29.7758,0,0.510246,nan,nan
60,16,706.506,138.77,21.0935,24.4752,924.359,-119.719,28.9014,30.3157,0,0.455812,nan,nan
60,17,232.062,138.805,18.5261,24.0896,482.48,-281.027,25.5629,28.1904,0,0.557376,nan,nan
60,18,215.93,138.579,17.1179,24.0893,467.884,-286.593,24.2575,27.6935,0,0.509401,nan,nan
60,19,630.456,139.369,25.8027,22.7521,851.964,-145.513,32.5932,30.1813,0,0.442789,nan,nan
60,20,392.154,137.869,16.7401,27.2782,629.691,-228.262,25.311,30.8158,0,0.2833,nan,nan
60,24,61.7664,135.268,26.3528,30.6344,329.937,-340.39,34.6778,36.3723,0,0.46663,nan,nan
60,26,171.547,138.856,22.7597,23.9329,427.521,-301.04,29.246,29.3396,0,0.298671,nan,nan
60,21,469.458,135.711,22.3551,31.9356,702.194,-204.07,32.327,37.184,0,0.297802,nan,nan
60,54,639.77,139.138,41.5039,22.9931,860.871,-142.502,47.5627,35.852,0,0.410606,nan,nan
61,1,274.092,138.659,19.4647,23.2668,529.54,-282.62,26.2239,28.1966,0,0.789585,nan,nan
61,2,254.645,138.819,21.5626,23.0303,511.798,-289.139,27.999,28.6589,0,0.76426,nan,nan
61,3,525.839,139.591,18.9993,24.3489,761.56,-194.138,26.7712,29.5488,0,0.701762,nan,nan
61,4,503.873,139.227,22.853,24.1394,741.165,-202.22,30.2406,30.6634,0,0.711363,nan,nan
61,5,195.06,138.846,22.2201,23.2341,457.839,-309.455,28.5201,28.9509,0,0.739813,nan,nan
61,6,547.431,139.214,21.7759,23.6248,781.933,-186.862,29.1588,29.8948,0,0.590366,nan,nan
61,7,372.194,138.471,21.4458,24.741,619.395,-248.942,28.8125,30.4474,0,0.652658,nan,nan
61,8,328.42,138.083,22.4636,24.53,579.355,-264.451,29.5569,30.5094,0,0.686942,nan,nan
61,9,295.914,138.062,19.9325,25.0373,549.648,-275.674,27.3483,30.0388,0,0.68595,nan,nan
61,10,111.923,138.036,23.7154,24.8623,383.44,-338.358,30.2409,30.7777,0,0.736803,nan,nan
61,11,351.093,138.58,18.4835,24.7913,599.96,-256.155,26.0582,29.4241,0,0.60006,nan,nan
61,12,738.13,139.109,21.9341,23.3223,962.781,-118.786,29.704,30.0771,0,0.515312,nan,nan
61,13,596.013,138.471,27.1439,24.4791,827.911,-170.327,34.6659,32.7113,0,0.542475,nan,nan
61,14,154.233,139.047,24.3796,23.6852,421.002,-323.131,30.5219,30.0143,0,0.650724,nan,nan
61,15,417.372,138.513,19.6183,24.7946,661.052,-233.193,27.257,29.9569,0,0.467329,nan,nan
61,16,706.557,138.775,20.824,24.3369,932.703,-130.491,28.9361,30.57,0,0.400982,nan,nan
61,17,232.08,138.833,18.497,23.9229,491.319,-296.846,25.4911,28.3897,0,0.562557,nan,nan
61,18,215.964,138.64,17.1661,23.9126,476.798,-302.526,24.2485,27.8949,0,0.510668,nan,nan
61,19,631.826,139.348,28.4413,22.9139,861.432,-156.739,35.4292,31.7852,0,0.3945,nan,nan
61,20,392.11,137.705,16.8297,26.9844,638.02,-242.741,25.4302,30.9728,0,0.300576,nan,nan
61,24,61.7902,135.293,26.4243,30.6293,339.718,-357.718,34.6092,36.8436,0,0.458942,nan,nan
61,26,171.617,138.893,22.7027,23.8302,436.691,-317.378,29.1125,29.6151,0,0.315217,nan,nan
61,21,469.562,135.692,22.4901,31.8687,710.496,-217.578,32.6583,37.6836,0,0.27527,nan,nan
61,54,641.95,139.085,41.3962,23.2792,871.135,-153.362,47.8804,36.7848,0,0.468509,nan,nan
62,1,274.089,138.661,19.4712,23.2234,529.445,-282.712,26.2134,28.1642,0,0.789525,nan,nan
62,2,254.642,138.819,21.5479,22.9816,511.702,-289.235,27.9676,28.6146,0,0.764302,nan,nan
62,3,525.846,139.623,19.0363,24.3808,761.49,-194.165,26.8164,29.5967,0,0.701523,nan,nan
62,4,503.848,139.237,22.8816,24.1274,741.071,-202.281,30.2621,30.6675,0,0.71105,nan,nan
62,5,195.062,138.853,22.2063,23.1792,457.736,-309.55,28.4875,28.9016,0,0.740209,nan,nan
62,6,547.474,139.205,21.7586,23.6077,781.914,-186.912,29.1354,29.8777,0,0.590575,nan,nan
62,7,372.204,138.448,21.4184,24.7043,619.333,-249.039,28.7733,30.4094,0,0.652016,nan,nan
62,8,328.564,138.171,22.2299,24.4364,579.37,-264.404,29.3086,30.3482,0,0.68593,nan,nan
62,9,295.906,138.085,19.9386,24.9497,549.542,-275.745,27.321,29.9654,0,0.685492,nan,nan
62,10,111.916,138.037,23.721,24.8522,383.32,-338.474,30.2424,30.777,0,0.736955,nan,nan
62,11,351.139,138.58,18.4819,24.7209,599.92,-256.22,26.03,29.3635,0,0.59909,nan,nan
62,12,738.141,139.123,21.9594,23.3418,962.739,-118.802,29.7341,30.1092,0,0.514177,nan,nan
62,13,595.894,138.484,27.458,24.4333,827.735,-170.408,34.9442,32.7853,0,0.542331,nan,nan
62,14,154.211,139.055,24.2677,23.6419,420.872,-323.239,30.4059,29.9431,0,0.652,nan,nan
62,15,417.38,138.464,19.5736,24.7192,661.003,-233.308,27.187,29.8762,0,0.467318,nan,nan
62,16,706.578,138.768,20.7231,24.2857,932.675,-130.527,28.8195,30.4898,0,0.399661,nan,nan
62,17,232.089,138.834,18.4876,23.8623,491.23,-296.94,25.4599,28.3361,0,0.562856,nan,nan
62,18,215.978,138.655,17.1873,23.8417,476.706,-302.607,24.2411,27.8421,0,0.51103,nan,nan
62,19,632.383,139.331,29.5087,22.977,861.911,-156.602,36.465,32.2329,0,0.39392,nan,nan
62,20,392.097,137.631,16.8634,26.8742,637.957,-242.89,25.4193,30.8869,0,0.300322,nan,nan
62,24,61.7953,135.291,26.4489,30.6305,339.603,-357.84,34.6313,36.8609,0,0.45568,nan,nan
62,26,171.657,138.899,22.6664,23.784,436.62,-317.464,29.0631,29.5667,0,0.31692,nan,nan
62,21,469.605,135.676,22.5349,31.8444,710.47,-217.644,32.6895,37.683,0,0.275269,nan,nan
62,54,642.704,139.059,41.3268,23.3832,871.805,-153.162,47.8571,36.8674,0,0.469217,nan,nan
63,1,274.008,138.682,19.6125,23.2341,539.798,-294.042,26.5142,28.3248,0,0.782165,nan,nan
63,2,254.635,138.842,21.6747,22.9782,522.193,-300.664,28.236,28.7695,0,0.754126,nan,nan
63,3,525.846,139.505,19.0549,23.9819,771.16,-203.875,26.9116,29.3481,0,0.684757,nan,nan
63,4,503.809,139.28,22.7891,23.9088,750.705,-212.011,30.3048,30.5742,0,0.710736,nan,nan
63,5,195.056,138.885,22.331,23.1427,468.459,-321.352,28.7292,29.0238,0,0.726051,nan,nan
63,6,547.538,139.24,21.918,23.5441,791.535,-196.299,29.4787,30.0169,0,0.622679,nan,nan
63,7,372.076,138.518,21.6767,24.9467,629.28,-259.689,29.2975,30.8473,0,0.57378,nan,nan
63,8,328.587,138.251,22.4106,24.6646,589.604,-275.284,29.7414,30.7466,0,0.658795,nan,nan
63,9,295.895,138.179,19.9426,25.0473,559.857,-286.84,27.5506,30.1618,0,0.671674,nan,nan
63,10,111.914,138.08,23.798,24.8328,394.404,-350.78,30.4415,30.8981,0,0.728224,nan,nan
63,11,351.3,138.64,18.483,24.9858,610.205,-266.919,26.3336,29.71,0,0.548706,nan,nan
63,12,737.999,139.108,21.694,23.1337,971.796,-126.881,29.6544,29.9748,0,0.593701,nan,nan
63,13,595.737,138.489,27.829,24.2748,837.054,-179.549,35.4573,32.9579,0,0.569072,nan,nan
63,14,154.243,139.095,24.3556,23.584,431.794,-335.276,30.5946,30.0415,0,0.625584,nan,nan
63,15,417.381,138.371,19.7797,24.9579,670.986,-243.756,27.6784,30.2847,0,0.447206,nan,nan
63,16,706.756,138.818,20.5695,24.4388,942.069,-138.669,28.9938,30.7273,0,0.500801,nan,nan
63,17,232.021,138.824,18.5956,23.8652,501.765,-308.565,25.7301,28.4673,0,0.541836,nan,nan
63,18,216.103,138.688,17.4075,23.8082,487.465,-314.229,24.6011,27.9696,0,0.485811,nan,nan
63,19,631.449,139.374,27.7444,22.8638,870.389,-165.721,34.963,31.688,0,0.441639,nan,nan
63,20,392.026,137.575,17.0941,26.9726,647.949,-253.502,25.9069,31.1505,0,0.260122,nan,nan
63,24,61.8079,135.332,26.4641,30.6367,350.954,-370.443,34.8184,36.9884,0,0.448337,nan,nan
63,26,171.569,138.942,22.9228,23.7199,447.362,-329.432,29.4119,29.7089,0,0.292106,nan,nan
63,21,469.578,135.722,22.5718,31.7428,720.251,-227.607,32.9781,37.7342,0,0.288901,nan,nan
63,54,641.249,139.08,41.5915,23.0868,879.781,-162.413,48.182,36.9771,0,0.453921,nan,nan
63,22,770.496,138.741,23.188,23.8234,1003.09,-115.208,31.4492,31.2577,0,0.303172,nan,nan
63,25,442.066,136.921,19.6497,28.3879,694.321,-236.316,28.9221,33.4904,0,0.250551,nan,nan
64,1,273.987,138.648,19.6486,23.2398,539.416,-295.364,26.564,28.4382,0,0.782357,nan,nan
64,2,254.634,138.81,21.7054,22.98,521.808,-302.005,28.2816,28.8801,0,0.755125,nan,nan
64,3,525.852,139.422,19.0578,23.8331,771.073,-204.871,26.8767,29.2981,0,0.686117,nan,nan
64,4,503.801,139.258,22.7461,23.8284,750.563,-212.987,30.2562,30.5778,0,0.711802,nan,nan
64,5,195.06,138.859,22.3686,23.1353,468.007,-322.774,28.7772,29.1315,0,0.727248,nan,nan
64,6,547.568,139.215,21.9779,23.5236,791.467,-197.202,29.549,30.1104,0,0.623282,nan,nan
64,7,372.034,138.507,21.7643,25.0438,628.976,-260.855,29.433,31.069,0,0.575519,nan,nan
64,8,328.602,138.242,22.4715,24.752,589.305,-276.492,29.8488,30.9515,0,0.660297,nan,nan
64,9,295.896,138.172,19.9426,25.0846,559.51,-288.098,27.5799,30.2969,0,0.672161,nan,nan
64,10,111.92,138.057,23.8241,24.8213,393.849,-352.325,30.4771,31.0079,0,0.728717,nan,nan
64,11,351.366,138.626,18.4791,25.0903,609.979,-268.08,26.3845,29.9023,0,0.551229,nan,nan
64,12,737.951,139.063,21.5919,23.0555,971.805,-127.572,29.5509,29.9457,0,0.593722,nan,nan
64,13,595.683,138.451,27.9755,24.22,836.952,-180.43,35.6017,33.0589,0,0.568781,nan,nan
64,14,154.254,139.071,24.3712,23.5704,431.297,-336.754,30.6219,30.1413,0,0.628049,nan,nan
64,15,417.387,138.298,19.8527,25.0521,670.794,-244.898,27.799,30.4949,0,0.449439,nan,nan
64,16,706.83,138.799,20.5132,24.4978,942.164,-139.334,28.9869,30.8488,0,0.500052,nan,nan
64,17,232.002,138.783,18.6355,23.8667,501.341,-309.955,25.7794,28.5795,0,0.543894,nan,nan
64,18,216.146,138.66,17.4775,23.8016,487.073,-315.608,24.673,28.0835,0,0.487843,nan,nan
64,19,631.089,139.351,27.051,22.8269,870.019,-166.65,34.3194,31.493,0,0.440967,nan,nan
64,20,392.007,137.515,17.1774,27.0191,647.703,-254.679,26.0153,31.3221,0,0.262357,nan,nan
64,24,61.8194,135.306,26.4712,30.6389,350.339,-372.073,34.8416,37.1281,0,0.448158,nan,nan
64,26,171.563,138.919,22.9867,23.7058,446.871,-330.889,29.4809,29.8228,0,0.295377,nan,nan
64,21,469.575,135.701,22.5794,31.7087,720.082,-228.638,32.9937,37.8217,0,0.290448,nan,nan
64,54,640.647,139.052,41.6996,22.9847,879.193,-163.423,48.2803,37.0319,0,0.454903,nan,nan
64,22,770.513,138.737,23.2124,23.8414,1003.17,-115.793,31.5061,31.3698,0,0.304407,nan,nan
64,25,442.144,136.888,19.7745,28.3534,694.205,-237.364,29.0428,33.6075,0,0.252432,nan,nan
65,1,273.963,138.604,19.5814,23.3766,552.377,-303.737,26.686,28.2263,0,0.792888,nan,nan
65,2,254.606,138.78,21.6408,23.0381,534.942,-310.531,28.3573,28.6171,0,0.765553,nan,nan
65,3,525.749,139.463,19.0246,24.1806,781.553,-211.05,27.0534,29.3216,0,0.673819,nan,nan
65,4,503.847,139.204,22.6263,24.0213,761.423,-219.389,30.2651,30.4553,0,0.676439,nan,nan
65,5,195.073,138.827,22.2661,23.109,481.75,-331.779,28.7982,28.7712,0,0.74528,nan,nan
65,6,547.628,139.237,22.1642,23.5792,801.907,-203.142,29.7789,29.9824,0,0.643641,nan,nan
65,7,372.033,138.54,21.453,25.4613,640.998,-268.32,29.4178,31.0236,0,0.577818,nan,nan
65,8,328.405,138.252,22.5368,25.5139,601.573,-284.412,30.3111,31.3581,0,0.677142,nan,nan
65,9,295.994,138.135,19.9223,25.5354,572.374,-296.228,27.8822,30.3555,0,0.664514,nan,nan
65,10,111.914,138.059,23.759,24.81,408.382,-361.963,30.5709,30.6361,0,0.735471,nan,nan
65,11,351.488,138.653,18.5511,25.7542,622.308,-275.684,26.8513,30.1878,0,0.598596,nan,nan
65,12,737.958,139.077,21.2428,23.0031,980.478,-131.811,29.1791,29.5564,0,0.612486,nan,nan
65,13,595.996,138.408,27.1284,24.2578,847.22,-185.893,34.8003,32.5788,0,0.594397,nan,nan
65,14,154.259,139.051,24.3891,23.5868,445.422,-346.089,30.7645,29.8629,0,0.645323,nan,nan
65,15,417.288,138.213,19.8132,25.2585,682.349,-252.114,27.9526,30.3474,0,0.384378,nan,nan
65,16,707.033,138.82,20.1448,24.4459,951.299,-143.774,28.6285,30.4117,0,0.519405,nan,nan
65,17,231.996,138.729,18.5699,23.9305,514.722,-318.681,25.9047,28.2739,0,0.552604,nan,nan
65,18,216.091,138.64,17.3966,23.8138,500.552,-324.45,24.779,27.7148,0,0.513588,nan,nan
65,19,629.881,139.394,24.6673,22.6028,878.5,-172.301,31.9547,30.214,0,0.481686,nan,nan
65,20,391.989,137.478,16.9684,27.5035,659.561,-262.024,26.1793,31.2995,0,0.275339,nan,nan
65,24,61.811,135.297,26.4052,30.6438,365.407,-382.062,35.0213,36.6544,0,0.451818,nan,nan
65,26,171.528,138.901,23.0289,23.6682,460.794,-340.092,29.6347,29.493,0,0.306903,nan,nan
65,21,469.411,135.671,22.2909,31.9419,731.095,-235.324,32.9597,37.5096,0,0.271569,nan,nan
65,54,636.693,139.157,36.6105,23.0526,884.984,-169.956,43.3438,35.1298,0,0.368938,nan,nan
65,22,770.45,138.897,22.9734,23.8981,1011.43,-119.613,31.2618,31.1314,0,0.323827,nan,nan
65,23,643.873,139.153,31.5638,22.4641,891.713,-167.269,38.4095,32.7097,0,0.399859,nan,nan
66,1,273.952,138.581,19.5514,23.4299,551.258,-305.591,26.7299,28.4124,0,0.793547,nan,nan
66,2,254.592,138.763,21.611,23.0603,533.758,-312.429,28.3971,28.7808,0,0.766199,nan,nan
66,3,525.708,139.473,19.0091,24.3131,781.025,-212.285,27.1246,29.5633,0,0.673721,nan,nan
66,4,503.862,139.177,22.5772,24.0962,760.918,-220.686,30.2917,30.641,0,0.676438,nan,nan
66,5,195.074,138.809,22.2175,23.0989,480.388,-333.83,28.8148,28.9066,0,0.746026,nan,nan
66,6,547.647,139.24,22.23,23.6023,801.48,-204.315,29.8878,30.156,0,0.644043,nan,nan
66,7,372.028,138.541,21.3326,25.6159,640.154,-269.906,29.4172,31.2729,0,0.582431,nan,nan
66,8,328.329,138.249,22.5572,25.8001,600.547,-286.135,30.4954,31.7861,0,0.678638,nan,nan
66,9,296.027,138.115,19.9098,25.7072,571.36,-298.008,27.987,30.664,0,0.665798,nan,nan
66,10,111.909,138.055,23.7306,24.8011,406.713,-364.235,30.6163,30.8,0,0.735657,nan,nan
66,11,351.53,138.649,18.573,25.9998,621.453,-277.306,27.0092,30.5688,0,0.600931,nan,nan
66,12,737.964,139.077,21.1029,22.9801,980.308,-132.618,29.0602,29.5844,0,0.609794,nan,nan
66,13,596.118,138.386,26.7902,24.2739,846.983,-186.953,34.5341,32.6017,0,0.593961,nan,nan
66,14,154.258,139.035,24.3923,23.5895,443.915,-348.248,30.8423,30.0403,0,0.646135,nan,nan
66,15,417.25,138.173,19.7958,25.3364,681.605,-253.644,28.009,30.5548,0,0.385633,nan,nan
66,16,707.11,138.822,20.0065,24.429,951.164,-144.61,28.5156,30.4523,0,0.519733,nan,nan
66,17,231.992,138.704,18.5414,23.955,513.478,-320.642,25.9378,28.438,0,0.553977,nan,nan
66,18,216.062,138.627,17.3571,23.8202,499.23,-326.451,24.7923,27.8565,0,0.515574,nan,nan
66,19,629.406,139.404,23.7297,22.5172,877.742,-173.485,31.0767,29.9002,0,0.481411,nan,nan
66,20,391.984,137.454,16.8893,27.6815,658.778,-263.588,26.2122,31.5807,0,0.277342,nan,nan
66,24,61.8032,135.285,26.3693,30.6464,363.547,-384.497,35.0751,36.8672,0,0.451689,nan,nan
66,26,171.517,138.885,23.0271,23.6502,459.337,-342.208,29.6939,29.6448,0,0.307722,nan,nan
66,21,469.346,135.655,22.173,32.037,730.437,-236.731,32.9313,37.7207,0,0.273514,nan,nan
66,54,635.061,139.192,34.5009,23.0785,883.139,-171.543,41.42,34.4982,0,0.368574,nan,nan
66,22,770.425,138.951,22.8888,23.9179,1011.24,-120.325,31.2109,31.2225,0,0.318292,nan,nan
66,23,643.655,139.134,31.8889,22.4856,891.228,-168.356,38.7672,32.9837,0,0.399622,nan,nan
67,1,274.023,138.641,19.3748,23.4439,274.023,138.641,19.3749,23.4439,0,0.78959,nan,nan
67,2,254.533,138.8,21.4138,23.0669,254.533,138.8,21.4138,23.0669,0,0.775784,nan,nan
67,3,525.724,139.553,18.9816,24.5817,525.724,139.553,18.9816,24.5817,0,0.652591,nan,nan
67,4,503.874,139.219,22.55,24.3254,503.874,139.219,22.55,24.3254,0,0.65151,nan,nan
67,5,195.066,138.846,22.0758,23.0322,195.066,138.846,22.0758,23.0322,0,0.750838,nan,nan
67,6,547.63,139.205,22.0372,23.6838,547.63,139.205,22.0372,23.6838,0,0.625206,nan,nan
67,7,371.986,138.547,21.3593,25.4357,371.986,138.547,21.3594,25.4357,0,0.607818,nan,nan
67,8,328.315,138.239,22.4964,25.6363,328.315,138.239,22.4965,25.6363,0,0.697429,nan,nan
67,9,295.954,138.146,19.9432,25.7172,295.954,138.146,19.9432,25.7172,0,0.652874,nan,nan
67,10,111.895,138.091,23.6197,24.7442,111.895,138.091,23.6197,24.7442,0,0.738989,nan,nan
67,11,351.373,138.662,18.5428,25.7808,351.373,138.662,18.5428,25.7808,0,0.628167,nan,nan
67,12,738.016,139.135,20.9926,23.0554,738.016,139.135,20.9927,23.0554,0,0.655654,nan,nan
67,13,596.128,138.393,26.7515,24.1863,596.128,138.393,26.7515,24.1863,0,0.613402,nan,nan
67,14,154.21,139.063,24.2303,23.5256,154.21,139.063,24.2303,23.5256,0,0.652228,nan,nan
67,15,417.098,138.206,19.8233,25.2459,417.098,138.206,19.8232,25.2459,0,0.424294,nan,nan
67,16,707.172,138.84,19.8027,24.2617,707.172,138.84,19.8027,24.2617,0,0.5714,nan,nan
67,17,232.066,138.753,18.4512,23.8779,232.066,138.753,18.4512,23.8779,0,0.577019,nan,nan
67,18,215.926,138.66,17.2833,23.7675,215.926,138.66,17.2833,23.7675,0,0.538433,nan,nan
67,19,629.299,139.409,23.4612,22.5003,629.299,139.409,23.4612,22.5003,0,0.461874,nan,nan
67,20,391.937,137.461,16.8159,27.4474,391.937,137.461,16.8159,27.4474,0,0.310602,nan,nan
67,24,61.8297,135.296,26.3596,30.6223,61.8297,135.296,26.3596,30.6223,0,0.46449,nan,nan
67,26,171.659,138.919,22.8259,23.607,171.659,138.919,22.8259,23.607,0,0.345324,nan,nan
67,21,469.22,135.695,21.8105,32.1879,469.22,135.695,21.8104,32.1879,0,0.260276,nan,nan
67,54,635.796,139.202,36.2678,23.0767,635.796,139.202,36.2678,23.0767,0,0.333085,nan,nan
67,22,770.237,138.808,22.5736,23.9417,770.237,138.808,22.5736,23.9417,0,0.340806,nan,nan
67,23,645.696,139.065,30.8853,23.0277,645.696,139.065,30.8853,23.0277,0,0.42021,nan,nan
68,1,274.053,138.658,19.2953,23.4505,274.053,138.658,19.2953,23.4505,0,0.790006,nan,nan
68,2,254.506,138.809,21.3257,23.0683,254.506,138.809,21.3257,23.0683,0,0.776508,nan,nan
68,3,525.729,139.578,18.9697,24.6827,525.729,139.578,18.9697,24.6826,0,0.652993,nan,nan
68,4,503.877,139.229,22.5364,24.4112,503.877,139.229,22.5364,24.4112,0,0.65221,nan,nan
68,5,195.061,138.86,22.0121,23.0036,195.061,138.86,22.0121,23.0036,0,0.751681,nan,nan
68,6,547.621,139.188,21.9581,23.714,547.621,139.188,21.9581,23.714,0,0.625735,nan,nan
68,7,371.971,138.544,21.3648,25.3544,371.971,138.544,21.3648,25.3544,0,0.6078,nan,nan
68,8,328.308,138.231,22.4673,25.5686,328.308,138.231,22.4673,25.5686,0,0.698618,nan,nan
68,9,295.924,138.154,19.948,25.7228,295.924,138.154,19.948,25.7228,0,0.654236,nan,nan
68,10,111.888,138.099,23.566,24.7218,111.888,138.099,23.566,24.7219,0,0.740448,nan,nan
68,11,351.31,138.663,18.5302,25.686,351.31,138.663,18.5303,25.686,0,0.629575,nan,nan
68,12,738.036,139.153,20.9563,23.0855,738.036,139.153,20.9563,23.0855,0,0.654053,nan,nan
68,13,596.13,138.392,26.7396,24.1544,596.13,138.392,26.7395,24.1544,0,0.612011,nan,nan
68,14,154.186,139.071,24.1532,23.5026,154.186,139.071,24.1532,23.5027,0,0.654243,nan,nan
68,15,417.038,138.216,19.8257,25.201,417.038,138.216,19.8257,25.201,0,0.421831,nan,nan
68,16,707.193,138.841,19.7321,24.2029,707.193,138.841,19.7321,24.2029,0,0.569518,nan,nan
68,17,232.093,138.772,18.4139,23.8412,232.093,138.772,18.4139,23.8412,0,0.578533,nan,nan
68,18,215.864,138.673,17.2461,23.7411,215.864,138.673,17.2461,23.7411,0,0.540973,nan,nan
68,19,629.264,139.405,23.3709,22.4955,629.264,139.405,23.3708,22.4955,0,0.460682,nan,nan
68,20,391.897,137.462,16.7614,27.3279,391.897,137.462,16.7614,27.3279,0,0.303761,nan,nan
68,24,61.8317,135.294,26.3452,30.6128,61.8317,135.294,26.3452,30.6129,0,0.467995,nan,nan
68,26,171.724,138.93,22.73,23.5928,171.724,138.93,22.73,23.5928,0,0.34957,nan,nan
68,21,469.171,135.704,21.6696,32.2434,469.171,135.704,21.6696,32.2434,0,0.259999,nan,nan
68,54,636.057,139.201,36.8894,23.0775,636.057,139.201,36.8894,23.0775,0,0.332374,nan,nan
68,22,770.168,138.749,22.4585,23.955,770.168,138.749,22.4585,23.955,0,0.334339,nan,nan
68,23,646.51,139.035,30.4808,23.2294,646.51,139.035,30.4807,23.2294,0,0.419039,nan,nan
69,1,274.052,138.661,19.1807,23.512,571.793,-330.36,26.7848,28.6104,0,0.801485,nan,nan
69,2,254.525,138.821,21.2212,23.1453,554.255,-337.679,28.4185,29.0179,0,0.783714,nan,nan
69,3,525.702,139.604,18.8092,24.7062,799.967,-231.863,27.4683,30.0968,0,0.721696,nan,nan
69,4,503.944,139.223,22.6904,24.3731,780.114,-240.76,30.8504,31.2656,0,0.687667,nan,nan
69,5,195.061,138.839,21.977,22.9544,501.263,-360.295,28.8771,29.0058,0,0.757225,nan,nan
69,6,547.563,139.176,21.8444,23.6467,820.3,-223.646,29.8813,30.3666,0,0.688356,nan,nan
69,7,371.943,138.53,21.2991,25.1069,660.011,-292.819,29.5615,31.0865,0,0.65271,nan,nan
69,8,328.305,138.205,22.4589,25.4902,620.726,-309.95,30.6614,31.7805,0,0.722897,nan,nan
69,9,295.983,138.226,19.7182,25.7111,591.641,-322.351,28.2119,30.8538,0,0.701129,nan,nan
69,10,111.901,138.146,23.5981,24.5871,428.016,-392.323,30.7759,30.8992,0,0.725518,nan,nan
69,11,351.267,138.681,18.422,25.4494,641.247,-300.67,27.0542,30.2405,0,0.662748,nan,nan
69,12,738.19,139.176,21.1364,23.257,998.134,-147.678,29.5255,30.1608,0,0.6875,nan,nan
69,13,596.107,138.359,26.632,24.2069,865.57,-205.202,34.674,32.8913,0,0.647054,nan,nan
69,14,154.187,139.083,24.1196,23.3225,464.941,-375.548,30.8268,30.0587,0,0.648758,nan,nan
69,15,417.056,138.313,19.7406,25.1055,701.046,-275.527,28.2488,30.5827,0,0.529606,nan,nan
69,16,707.193,138.812,19.5355,24.133,969.109,-160.479,28.3071,30.2604,0,0.605312,nan,nan
69,17,232.207,138.753,18.2824,23.8527,534.354,-346.253,26.0356,28.4889,0,0.591594,nan,nan
69,18,215.895,138.641,17.1248,23.7162,519.866,-352.562,24.917,27.892,0,0.549391,nan,nan
69,19,628.956,139.41,22.7299,22.4559,895.675,-191.188,30.416,29.8058,0,0.486216,nan,nan
69,20,391.835,137.474,16.7273,27.1299,678.471,-286.081,26.2878,31.2016,0,0.401255,nan,nan
69,24,61.8526,135.292,26.3683,30.597,385.242,-413.633,35.5202,37.1834,0,0.431589,nan,nan
69,26,171.78,138.911,22.6928,23.4436,480.582,-369.051,29.6566,29.6668,0,0.341188,nan,nan
69,21,469.236,135.657,22.0576,32.4156,749.753,-257.615,33.4826,38.2923,0,0.290479,nan,nan
69,22,770.14,138.731,22.2955,23.7541,1028.5,-135.201,30.9053,31.1656,0,0.338692,nan,nan
69,23,646.725,139.115,27.6916,22.703,912.367,-184.381,35.1937,32.0527,0,0.396731,nan,nan
69,27,570.861,138.8,19.9516,24.8816,841.987,-214.793,28.6943,30.8087,0,0.310245,nan,nan
69,25,442.003,136.922,19.0875,28.4271,724.347,-267.089,29.0693,33.4173,0,0.264954,nan,nan
70,1,274.052,138.657,19.1372,23.5359,571.673,-330.263,26.7679,28.643,0,0.801694,nan,nan
70,2,254.533,138.821,21.1829,23.1768,554.125,-337.568,28.4106,29.0584,0,0.783885,nan,nan
70,3,525.692,139.61,18.7491,24.7162,799.999,-231.861,27.4336,30.1057,0,0.721783,nan,nan
70,4,503.969,139.218,22.749,24.3613,780.171,-240.745,30.9182,31.2997,0,0.687492,nan,nan
70,5,195.062,138.828,21.9643,22.9418,501.087,-360.177,28.8739,29.017,0,0.756991,nan,nan
70,6,547.54,139.167,21.8001,23.6206,820.339,-223.671,29.8482,30.3453,0,0.688918,nan,nan
70,7,371.932,138.516,21.2743,25.0105,659.952,-292.773,29.5151,31.0156,0,0.653683,nan,nan
70,8,328.304,138.191,22.4544,25.4611,620.647,-309.884,30.6611,31.7802,0,0.723755,nan,nan
70,9,296.005,138.248,19.6306,25.7064,591.544,-322.231,28.1442,30.846,0,0.701604,nan,nan
70,10,111.905,138.158,23.6103,24.5436,427.77,-392.156,30.7818,30.8961,0,0.725978,nan,nan
70,11,351.248,138.683,18.3809,25.3599,641.161,-300.605,26.9936,30.172,0,0.663582,nan,nan
70,12,738.248,139.179,21.2088,23.3239,998.347,-147.75,29.6428,30.2678,0,0.68812,nan,nan
70,13,596.104,138.343,26.5813,24.2299,865.658,-205.25,34.6586,32.9099,0,0.647256,nan,nan
70,14,154.187,139.083,24.1107,23.261,464.73,-375.405,30.808,30.028,0,0.648475,nan,nan
70,15,417.065,138.345,19.7111,25.0758,701.018,-275.45,28.2251,30.5704,0,0.529306,nan,nan
70,16,707.191,138.797,19.465,24.1108,969.258,-160.578,28.2522,30.2295,0,0.605227,nan,nan
70,17,232.252,138.744,18.2346,23.8589,534.245,-346.129,26.0066,28.5056,0,0.591745,nan,nan
70,18,215.905,138.626,17.0834,23.7114,519.716,-352.452,24.8881,27.9018,0,0.549525,nan,nan
70,19,628.838,139.41,22.4863,22.443,895.668,-191.282,30.2034,29.7131,0,0.486835,nan,nan
70,20,391.817,137.472,16.7208,27.0591,678.415,-286.036,26.266,31.1654,0,0.402762,nan,nan
70,24,61.8554,135.289,26.3815,30.5914,384.959,-413.469,35.5424,37.2249,0,0.434011,nan,nan
70,26,171.801,138.901,22.6832,23.3956,480.407,-368.916,29.6418,29.6483,0,0.341312,nan,nan
70,21,469.259,135.636,22.2006,32.4869,749.792,-257.606,33.662,38.4475,0,0.289682,nan,nan
70,22,770.131,138.719,22.2348,23.6817,1028.67,-135.331,30.8407,31.0881,0,0.340221,nan,nan
70,23,646.859,139.146,26.4872,22.4955,912.592,-184.355,34.0072,31.3951,0,0.396906,nan,nan
70,27,570.812,138.795,19.9451,24.8772,842.014,-214.838,28.7047,30.824,0,0.311983,nan,nan
70,25,441.975,136.928,19.0097,28.4442,724.311,-267.061,29.0211,33.4332,0,0.26488,nan,nan
71,1,274.12,138.711,19.1924,23.7293,274.12,138.711,19.1924,23.7293,0,0.803671,nan,nan
71,2,254.538,138.879,21.0617,23.2045,254.538,138.879,21.0617,23.2045,0,0.788442,nan,nan
71,3,525.698,139.556,18.8117,24.3351,525.698,139.556,18.8118,24.3351,0,0.751808,nan,nan
71,4,503.925,139.174,22.5632,24.1893,503.925,139.174,22.5632,24.1893,0,0.736293,nan,nan
71,5,195.064,138.885,21.8457,22.7699,195.064,138.885,21.8456,22.7699,0,0.760497,nan,nan
71,6,547.553,139.218,21.817,23.3353,547.553,139.218,21.817,23.3353,0,0.722832,nan,nan
71,7,371.934,138.491,21.202,25.0309,371.934,138.491,21.202,25.0309,0,0.672337,nan,nan
71,8,328.281,138.171,22.3441,25.4064,328.281,138.171,22.3441,25.4064,0,0.727938,nan,nan
71,9,295.971,138.309,19.5457,25.7688,295.971,138.309,19.5457,25.7688,0,0.712146,nan,nan
71,10,111.913,138.154,23.7284,24.5669,111.913,138.154,23.7284,24.567,0,0.715672,nan,nan
71,11,351.191,138.7,18.4096,25.3105,351.191,138.7,18.4096,25.3105,0,0.682701,nan,nan
71,12,738.2,139.159,21.3958,23.2521,738.2,139.159,21.3958,23.2521,0,0.67333,nan,nan
71,13,596.271,138.38,26.2562,23.9989,596.271,138.38,26.2562,23.9989,0,0.653343,nan,nan
71,14,154.162,139.113,24.0472,23.1674,154.162,139.113,24.0472,23.1674,0,0.641147,nan,nan
71,15,416.976,138.359,19.4607,25.3321,416.976,138.359,19.4607,25.3321,0,0.509325,nan,nan
71,16,707.29,138.857,19.1799,24.0364,707.29,138.857,19.1799,24.0364,0,0.575451,nan,nan
71,17,232.446,138.879,18.1673,23.568,232.446,138.879,18.1673,23.568,0,0.617672,nan,nan
71,18,215.671,138.707,16.8699,23.4367,215.671,138.707,16.8699,23.4366,0,0.585616,nan,nan
71,19,629.146,139.145,23.5649,22.219,629.146,139.145,23.5649,22.219,0,0.536162,nan,nan
71,20,391.852,137.435,16.7579,27.2876,391.852,137.435,16.7579,27.2877,0,0.414597,nan,nan
71,24,61.8695,135.288,26.4153,30.613,61.8695,135.288,26.4153,30.613,0,0.412528,nan,nan
71,26,171.913,138.938,22.571,23.2897,171.913,138.938,22.571,23.2897,0,0.360467,nan,nan
71,21,469.165,135.603,22.193,32.7403,469.165,135.603,22.193,32.7403,0,0.31785,nan,nan
71,22,770.231,138.641,22.4843,23.6248,770.231,138.641,22.4844,23.6248,0,0.268795,nan,nan
71,23,648.612,139.01,23.4723,22.6484,648.612,139.01,23.4723,22.6484,0,0.475775,nan,nan
71,27,570.81,138.859,20.1121,24.5093,570.81,138.859,20.1121,24.5093,0,0.401088,nan,nan
72,1,274.144,138.728,19.217,23.8,274.144,138.728,19.217,23.8,0,0.803967,nan,nan
72,2,254.538,138.898,21.0191,23.2105,254.538,138.898,21.0191,23.2105,0,0.788472,nan,nan
72,3,525.699,139.538,18.8364,24.2009,525.699,139.538,18.8364,24.2009,0,0.751799,nan,nan
72,4,503.905,139.155,22.4923,24.127,503.905,139.155,22.4923,24.127,0,0.736081,nan,nan
72,5,195.062,138.906,21.8122,22.6987,195.062,138.906,21.8122,22.6987,0,0.760533,nan,nan
72,6,547.556,139.235,21.8285,23.235,547.556,139.235,21.8285,23.235,0,0.722593,nan,nan
72,7,371.933,138.477,21.1784,25.0362,371.933,138.477,21.1785,25.0362,0,0.671837,nan,nan
72,8,328.271,138.16,22.3043,25.3874,328.271,138.16,22.3043,25.3874,0,0.727872,nan,nan
72,9,295.957,138.328,19.5186,25.7928,295.957,138.328,19.5187,25.7928,0,0.712042,nan,nan
72,10,111.914,138.149,23.7776,24.5723,111.914,138.149,23.7776,24.5724,0,0.715025,nan,nan
72,11,351.167,138.702,18.4214,25.2906,351.167,138.702,18.4214,25.2906,0,0.68256,nan,nan
72,12,738.181,139.149,21.4695,23.2231,738.181,139.149,21.4695,23.2231,0,0.673385,nan,nan
72,13,596.327,138.391,26.1454,23.9158,596.327,138.391,26.1455,23.9158,0,0.652709,nan,nan
72,14,154.155,139.123,24.0408,23.129,154.155,139.123,24.0408,23.129,0,0.639802,nan,nan
72,15,416.941,138.36,19.3674,25.4246,416.941,138.36,19.3674,25.4246,0,0.506944,nan,nan
72,16,707.322,138.877,19.0832,24.0125,707.322,138.877,19.0833,24.0125,0,0.575637,nan,nan
72,17,232.516,138.929,18.1443,23.4475,232.516,138.929,18.1443,23.4475,0,0.617734,nan,nan
72,18,215.591,138.74,16.8045,23.3185,215.591,138.74,16.8045,23.3185,0,0.585433,nan,nan
72,19,629.262,139.043,23.9693,22.1392,629.262,139.043,23.9692,22.1392,0,0.53514,nan,nan
72,20,391.864,137.419,16.7732,27.3682,391.864,137.419,16.7732,27.3682,0,0.41202,nan,nan
72,24,61.8743,135.282,26.4375,30.6218,61.8743,135.282,26.4375,30.6218,0,0.410492,nan,nan
72,26,171.935,138.952,22.5657,23.2431,171.935,138.952,22.5657,23.2431,0,0.357825,nan,nan
72,21,469.128,135.587,22.1921,32.831,469.128,135.587,22.1921,32.831,0,0.315198,nan,nan
72,22,770.267,138.609,22.5773,23.5994,770.267,138.609,22.5774,23.5994,0,0.267335,nan,nan
72,23,649.256,138.958,22.3789,22.7085,649.256,138.958,22.3789,22.7085,0,0.475279,nan,nan
72,27,570.813,138.881,20.1821,24.3749,570.813,138.881,20.1821,24.3749,0,0.399304,nan,nan
73,1,274.147,138.813,19.0847,24.0986,274.147,138.813,19.0847,24.0986,0,0.804861,nan,nan
73,2,254.432,138.931,20.4907,23.3903,254.432,138.931,20.4907,23.3903,0,0.803186,nan,nan
73,3,525.684,139.563,18.9323,23.9986,525.684,139.563,18.9324,23.9986,0,0.765954,nan,nan
73,4,503.871,139.172,22.3159,23.9557,503.871,139.172,22.3159,23.9557,0,0.762542,nan,nan
73,5,195.056,138.92,21.4879,22.6419,195.056,138.92,21.4879,22.6419,0,0.766785,nan,nan
73,6,547.568,139.32,21.8271,23.1784,547.568,139.32,21.8271,23.1784,0,0.728433,nan,nan
73,7,371.953,138.48,21.02,25.0765,371.953,138.48,21.02,25.0765,0,0.709328,nan,nan
73,8,328.252,138.209,22.0714,25.2035,328.252,138.209,22.0714,25.2035,0,0.758076,nan,nan
73,9,295.965,138.437,19.2471,26.0699,295.965,138.437,19.2471,26.0699,0,0.74387,nan,nan
73,10,111.92,138.22,23.541,24.3788,111.92,138.22,23.541,24.3788,0,0.720143,nan,nan
73,11,351.119,138.743,18.4382,25.1723,351.119,138.743,18.4382,25.1723,0,0.721116,nan,nan
73,12,738.28,139.14,21.4403,23.3051,738.28,139.14,21.4403,23.3051,0,0.633143,nan,nan
73,13,596.42,138.384,25.6047,23.964,596.42,138.384,25.6047,23.9641,0,0.65722,nan,nan
73,14,154.012,139.157,23.6156,23.0072,154.012,139.157,23.6157,23.0072,0,0.675048,nan,nan
73,15,417.006,138.318,19.2131,25.3777,417.006,138.318,19.2131,25.3777,0,0.489718,nan,nan
73,16,707.333,138.962,19.1032,24.2651,707.333,138.962,19.1033,24.2651,0,0.563488,nan,nan
73,17,232.606,139.087,18.0277,23.4407,232.606,139.087,18.0277,23.4407,0,0.652047,nan,nan
73,18,215.249,138.787,16.6066,23.3002,215.249,138.787,16.6066,23.3002,0,0.627157,nan,nan
73,19,629.2,139.02,23.7282,22.1264,629.2,139.02,23.7283,22.1264,0,0.562372,nan,nan
73,20,392.061,137.436,16.8244,27.6623,392.061,137.436,16.8243,27.6623,0,0.490837,nan,nan
73,24,61.9187,135.284,25.7019,29.9576,61.9187,135.284,25.7019,29.9576,0,0.402589,nan,nan
73,26,171.869,138.837,22.1411,23.0635,171.869,138.837,22.1411,23.0635,0,0.497796,nan,nan
73,21,468.969,135.681,22.1852,32.8773,468.969,135.681,22.1852,32.8773,0,0.40698,nan,nan
73,23,649.58,138.987,21.9468,22.7866,649.58,138.987,21.9468,22.7866,0,0.498719,nan,nan
73,27,571.016,138.986,20.2618,24.3846,571.016,138.986,20.2617,24.3846,0,0.436116,nan,nan
73,25,441.617,136.835,19.0052,28.3651,441.617,136.835,19.0052,28.3651,0,0.337099,nan,nan
74,1,274.148,138.839,19.0352,24.2014,274.148,138.839,19.0353,24.2014,0,0.805017,nan,nan
74,2,254.392,138.939,20.2946,23.4531,254.392,138.939,20.2946,23.4532,0,0.803252,nan,nan
74,3,525.681,139.563,18.9727,23.9187,525.681,139.563,18.9727,23.9187,0,0.766005,nan,nan
74,4,503.858,139.169,22.2501,23.8818,503.858,139.169,22.2501,23.8818,0,0.762833,nan,nan
74,5,195.053,138.92,21.3652,22.6187,195.053,138.92,21.3652,22.6187,0,0.766349,nan,nan
74,6,547.574,139.349,21.8238,23.1594,547.574,139.349,21.8237,23.1594,0,0.728477,nan,nan
74,7,371.961,138.478,20.9586,25.0901,371.961,138.478,20.9586,25.0901,0,0.709211,nan,nan
74,8,328.248,138.222,21.9832,25.1307,328.248,138.222,21.9833,25.1307,0,0.758651,nan,nan
74,9,295.97,138.471,19.1461,26.1671,295.97,138.471,19.1461,26.1671,0,0.744242,nan,nan
74,10,111.926,138.239,23.4572,24.3116,111.926,138.239,23.4572,24.3116,0,0.718775,nan,nan
74,11,351.103,138.754,18.4445,25.1276,351.103,138.754,18.4445,25.1276,0,0.721384,nan,nan
74,12,738.321,139.131,21.4321,23.3375,738.321,139.131,21.4321,23.3375,0,0.631779,nan,nan
74,13,596.454,138.378,25.4089,23.9822,596.454,138.378,25.4089,23.9822,0,0.656713,nan,nan
74,14,153.96,139.162,23.4586,22.9665,153.96,139.162,23.4586,22.9665,0,0.672798,nan,nan
74,15,417.033,138.298,19.1584,25.3598,417.033,138.298,19.1583,25.3598,0,0.488096,nan,nan
74,16,707.335,138.989,19.1192,24.3615,707.335,138.989,19.1191,24.3615,0,0.562012,nan,nan
74,17,232.64,139.141,17.9902,23.4365,232.64,139.141,17.9902,23.4365,0,0.652059,nan,nan
74,18,215.121,138.8,16.5426,23.2954,215.121,138.8,16.5426,23.2954,0,0.627581,nan,nan
74,19,629.179,139.009,23.64,22.1236,629.179,139.009,23.6399,22.1236,0,0.561871,nan,nan
74,20,392.136,137.438,16.8436,27.77,392.136,137.438,16.8436,27.77,0,0.48965,nan,nan
74,24,61.936,135.28,25.4238,29.707,61.936,135.28,25.4238,29.707,0,0.400801,nan,nan
74,26,171.84,138.787,21.9905,22.9962,171.84,138.787,21.9905,22.9962,0,0.494418,nan,nan
74,21,468.911,135.713,22.1815,32.8878,468.911,135.713,22.1815,32.8878,0,0.406044,nan,nan
74,23,649.682,138.995,21.8267,22.8149,649.682,138.995,21.8267,22.8149,0,0.498145,nan,nan
74,27,571.092,139.021,20.2927,24.3892,571.092,139.021,20.2927,24.3892,0,0.435578,nan,nan
74,25,441.56,136.821,19.0164,28.3545,441.56,136.821,19.0164,28.3545,0,0.335352,nan,nan
75,1,274.147,138.85,19.0164,24.2493,274.147,138.85,19.0164,24.2493,0,0.804874,nan,nan
75,2,254.376,138.943,20.2223,23.4827,254.376,138.943,20.2223,23.4827,0,0.803221,nan,nan
75,3,525.677,139.563,18.9925,23.8959,525.677,139.563,18.9924,23.8959,0,0.766277,nan,nan
75,4,503.849,139.166,22.2275,23.8574,503.849,139.166,22.2275,23.8574,0,0.763099,nan,nan
75,5,195.051,138.921,21.3214,22.6155,195.051,138.921,21.3214,22.6155,0,0.766764,nan,nan
75,6,547.575,139.361,21.819,23.1554,547.575,139.361,21.8191,23.1554,0,0.729078,nan,nan
75,7,371.963,138.48,20.9332,25.0983,371.963,138.48,20.9332,25.0983,0,0.70884,nan,nan
75,8,328.243,138.23,21.9501,25.1075,328.243,138.23,21.9501,25.1075,0,0.758159,nan,nan
75,9,295.968,138.486,19.1094,26.2099,295.968,138.486,19.1094,26.2099,0,0.743847,nan,nan
75,10,111.922,138.249,23.4172,24.2828,111.922,138.249,23.4172,24.2828,0,0.719969,nan,nan
75,11,351.094,138.761,18.4463,25.1147,351.094,138.761,18.4463,25.1147,0,0.721238,nan,nan
75,12,738.331,139.131,21.4243,23.3473,738.331,139.131,21.4243,23.3473,0,0.633926,nan,nan
75,13,596.469,138.376,25.3235,23.9906,596.469,138.376,25.3235,23.9906,0,0.6582,nan,nan
75,14,153.935,139.167,23.3935,22.9506,153.935,139.167,23.3935,22.9506,0,0.674555,nan,nan
75,15,417.041,138.292,19.1351,25.3505,417.041,138.292,19.1351,25.3505,0,0.489758,nan,nan
75,16,707.335,139.001,19.1212,24.3967,707.335,139.001,19.1212,24.3967,0,0.564827,nan,nan
75,17,232.648,139.163,17.9722,23.4422,232.648,139.163,17.9722,23.4422,0,0.652361,nan,nan
75,18,215.074,138.806,16.5125,23.2972,215.074,138.806,16.5125,23.2972,0,0.627651,nan,nan
75,19,629.165,139.007,23.5918,22.124,629.165,139.007,23.5918,22.1241,0,0.564528,nan,nan
75,20,392.163,137.441,16.849,27.8139,392.163,137.441,16.849,27.8139,0,0.490812,nan,nan
75,24,61.8843,135.249,26.0668,30.3155,61.8843,135.249,26.0668,30.3155,0,0.402214,nan,nan
75,26,171.837,138.772,21.9211,22.9761,171.837,138.772,21.9211,22.976,0,0.497981,nan,nan
75,21,468.888,135.724,22.1773,32.8922,468.888,135.724,22.1772,32.8922,0,0.408423,nan,nan
75,23,649.714,138.999,21.7833,22.8241,649.714,138.999,21.7832,22.8241,0,0.501735,nan,nan
75,27,571.117,139.035,20.2979,24.3937,571.117,139.035,20.2979,24.3937,0,0.437351,nan,nan
75,25,441.535,136.817,19.0158,28.3465,441.535,136.817,19.0159,28.3465,0,0.338106,nan,nan
76,1,274.282,138.842,18.9925,24.1161,274.282,138.842,18.9925,24.1161,0,0.789979,nan,nan
76,2,254.422,138.959,20.4408,23.5474,254.422,138.959,20.4408,23.5474,0,0.800305,nan,nan
76,3,525.649,139.524,18.9277,23.9857,525.649,139.524,18.9277,23.9857,0,0.775566,nan,nan
76,4,503.863,139.126,22.1579,23.8196,503.863,139.126,22.1579,23.8196,0,0.769825,nan,nan
76,5,195.052,138.928,21.4285,22.6782,195.052,138.928,21.4285,22.6782,0,0.762205,nan,nan
76,6,547.509,139.306,21.7064,23.3077,547.509,139.306,21.7063,23.3077,0,0.737666,nan,nan
76,7,372.005,138.545,20.8974,24.9004,372.005,138.545,20.8973,24.9004,0,0.727328,nan,nan
76,8,328.254,138.207,21.8976,24.9484,328.254,138.207,21.8976,24.9484,0,0.757889,nan,nan
76,9,295.934,138.405,19.2319,25.8943,295.934,138.405,19.2319,25.8943,0,0.742425,nan,nan
76,10,111.938,138.284,23.4005,24.2238,111.938,138.284,23.4005,24.2238,0,0.703284,nan,nan
76,11,351.257,138.717,18.1978,24.8984,351.257,138.717,18.1979,24.8984,0,0.720418,nan,nan
76,12,738.176,139.125,21.3766,23.1419,738.176,139.125,21.3766,23.1419,0,0.654933,nan,nan
76,13,596.312,138.404,25.8811,24.0087,596.312,138.404,25.8811,24.0087,0,0.678221,nan,nan
76,14,153.965,139.17,23.4122,22.936,153.965,139.17,23.4122,22.936,0,0.650919,nan,nan
76,15,417.108,138.377,19.1775,25.1799,417.108,138.377,19.1775,25.1799,0,0.495251,nan,nan
76,16,707.035,139.127,19.6743,24.5457,707.035,139.127,19.6743,24.5457,0,0.624741,nan,nan
76,17,232.503,139.236,18.0096,23.5162,232.503,139.236,18.0096,23.5162,0,0.648204,nan,nan
76,18,215.17,138.856,16.2608,23.3075,215.17,138.856,16.2608,23.3075,0,0.59852,nan,nan
76,19,629.201,138.984,23.7128,22.117,629.201,138.984,23.7129,22.117,0,0.549604,nan,nan
76,20,392.357,137.652,16.6281,27.4446,392.357,137.652,16.6281,27.4446,0,0.493402,nan,nan
76,24,61.9128,135.274,25.5952,29.8396,61.9128,135.274,25.5952,29.8396,0,0.376063,nan,nan
76,26,171.675,138.773,22.0916,22.9848,171.675,138.773,22.0916,22.9848,0,0.467731,nan,nan
76,21,468.804,135.627,21.5962,32.5108,468.804,135.627,21.5962,32.5108,0,0.428372,nan,nan
76,23,649.763,138.983,21.9597,22.7035,649.763,138.983,21.9597,22.7035,0,0.507713,nan,nan
76,27,570.85,138.937,19.9722,24.4225,570.85,138.937,19.9722,24.4225,0,0.449443,nan,nan
76,25,441.452,136.882,18.8934,28.3617,441.452,136.882,18.8934,28.3617,0,0.299562,nan,nan
76,22,770.283,138.566,22.7561,23.6961,770.283,138.566,22.7561,23.696,0,0.294896,nan,nan
77,1,274.255,138.898,19.1658,24.0812,274.255,138.898,19.1658,24.0812,0,0.777264,nan,nan
77,2,254.416,138.998,20.5654,23.7317,254.416,138.998,20.5654,23.7318,0,0.772657,nan,nan
77,3,525.753,139.617,19.0095,24.1541,525.753,139.617,19.0095,24.1541,0,0.745318,nan,nan
77,4,503.832,139.176,22.2482,23.7181,503.832,139.176,22.2482,23.7181,0,0.74391,nan,nan
77,5,195.005,138.924,21.6459,22.8112,195.005,138.924,21.6459,22.8112,0,0.743506,nan,nan
77,6,547.586,139.291,21.8467,23.3236,547.586,139.291,21.8467,23.3236,0,0.682341,nan,nan
77,7,372.018,138.472,20.9814,24.4052,372.018,138.472,20.9813,24.4052,0,0.650187,nan,nan
77,8,328.303,138.163,21.903,24.605,328.303,138.163,21.903,24.605,0,0.743716,nan,nan
77,9,295.924,138.355,19.327,25.6009,295.924,138.355,19.327,25.6009,0,0.712824,nan,nan
77,10,111.987,138.23,23.6188,24.3254,111.987,138.23,23.6187,24.3254,0,0.695439,nan,nan
77,11,351.229,138.596,18.045,24.4715,351.229,138.596,18.045,24.4715,0,0.675655,nan,nan
77,12,738.119,139.132,21.4161,23.0214,738.119,139.132,21.4161,23.0214,0,0.586122,nan,nan
77,13,596.159,138.402,26.2719,23.9705,596.159,138.402,26.2719,23.9705,0,0.594078,nan,nan
77,14,154.034,139.143,23.6041,22.9784,154.034,139.143,23.6041,22.9784,0,0.629104,nan,nan
77,15,417.246,138.487,19.5895,24.9688,417.246,138.487,19.5895,24.9688,0,0.409869,nan,nan
77,16,706.99,139.088,19.7671,24.4814,706.99,139.088,19.7671,24.4814,0,0.538579,nan,nan
77,17,232.698,139.28,17.8569,23.871,232.698,139.28,17.8569,23.871,0,0.58927,nan,nan
77,18,215.231,138.824,16.5115,23.6552,215.231,138.824,16.5115,23.6552,0,0.564761,nan,nan
77,19,629.445,138.998,24.0616,22.1053,629.445,138.998,24.0616,22.1053,0,0.461121,nan,nan
77,24,61.9628,135.283,25.4657,29.6591,61.9628,135.283,25.4657,29.6591,0,0.353187,nan,nan
77,26,171.448,138.744,22.3914,23.0269,171.448,138.744,22.3914,23.0269,0,0.407946,nan,nan
77,21,468.878,135.583,21.5935,32.0659,468.878,135.583,21.5935,32.0659,0,0.347554,nan,nan
77,23,649.566,138.984,22.4958,22.632,649.566,138.984,22.4958,22.632,0,0.414925,nan,nan
77,27,570.982,138.97,20.124,24.1131,570.982,138.97,20.124,24.1131,0,0.304405,nan,nan
77,22,770.28,138.573,22.8519,23.6553,770.28,138.573,22.8518,23.6553,0,0.281382,nan,nan
78,1,274.244,138.91,19.2267,24.0675,274.244,138.91,19.2267,24.0675,0,0.777701,nan,nan
78,2,254.415,139.003,20.607,23.8004,254.415,139.003,20.607,23.8004,0,0.773243,nan,nan
78,3,525.791,139.644,19.0394,24.2201,525.791,139.644,19.0393,24.2201,0,0.745646,nan,nan
78,4,503.821,139.187,22.283,23.6813,503.821,139.187,22.283,23.6812,0,0.744218,nan,nan
78,5,194.987,138.913,21.7249,22.8573,194.987,138.913,21.7249,22.8572,0,0.743534,nan,nan
78,6,547.617,139.277,21.9002,23.3292,547.617,139.277,21.9001,23.3292,0,0.682701,nan,nan
78,7,372.023,138.437,21.0052,24.2142,372.023,138.437,21.0051,24.2142,0,0.650836,nan,nan
78,8,328.32,138.139,21.8996,24.4728,328.32,138.139,21.8995,24.4728,0,0.744234,nan,nan
78,9,295.918,138.328,19.3567,25.4879,295.918,138.328,19.3567,25.4879,0,0.713703,nan,nan
78,10,112.001,138.2,23.6908,24.3584,112.001,138.2,23.6908,24.3584,0,0.695646,nan,nan
78,11,351.213,138.543,17.991,24.3097,351.213,138.543,17.991,24.3097,0,0.677075,nan,nan
78,12,738.098,139.126,21.4372,22.9797,738.098,139.126,21.4373,22.9797,0,0.585304,nan,nan
78,13,596.104,138.392,26.4131,23.9554,596.104,138.392,26.4131,23.9554,0,0.595215,nan,nan
78,14,154.057,139.123,23.6746,22.9917,154.057,139.123,23.6746,22.9917,0,0.629103,nan,nan
78,15,417.298,138.523,19.7347,24.8791,417.298,138.523,19.7347,24.8791,0,0.412586,nan,nan
78,16,706.975,139.063,19.8036,24.4576,706.975,139.063,19.8037,24.4576,0,0.537447,nan,nan
78,17,232.775,139.29,17.7959,23.9998,232.775,139.29,17.7959,23.9998,0,0.590538,nan,nan
78,18,215.251,138.804,16.6058,23.7798,215.251,138.804,16.6058,23.7798,0,0.565599,nan,nan
78,19,629.541,138.995,24.1985,22.1016,629.541,138.995,24.1985,22.1016,0,0.459945,nan,nan
78,24,61.981,135.277,25.4205,29.592,61.981,135.277,25.4205,29.592,0,0.351933,nan,nan
78,26,171.362,138.723,22.4987,23.042,171.362,138.723,22.4987,23.042,0,0.408651,nan,nan
78,21,468.905,135.558,21.5861,31.8949,468.905,135.558,21.5861,31.895,0,0.347825,nan,nan
78,23,649.486,138.976,22.717,22.605,649.486,138.976,22.717,22.605,0,0.413848,nan,nan
78,27,571.031,138.976,20.1832,23.9922,571.031,138.976,20.1831,23.9922,0,0.3058,nan,nan
78,22,770.282,138.566,22.8906,23.6454,770.282,138.566,22.8906,23.6454,0,0.282367,nan,nan
79,1,274.251,138.745,19.3114,23.6841,274.251,138.745,19.3114,23.6841,0,0.769932,nan,nan
79,2,254.515,138.84,21.2038,23.3425,254.515,138.84,21.2038,23.3425,0,0.730681,nan,nan
79,3,525.78,139.59,19.053,24.4155,525.78,139.59,19.053,24.4155,0,0.747416,nan,nan
79,4,503.766,139.209,22.28,24.0251,503.766,139.209,22.28,24.0251,0,0.763127,nan,nan
79,5,195.036,138.966,22.0849,22.9059,195.036,138.966,22.0849,22.9059,0,0.705909,nan,nan
79,6,547.616,139.25,21.9369,23.5144,547.616,139.25,21.9369,23.5144,0,0.682459,nan,nan
79,7,371.876,138.635,20.6927,24.0979,371.876,138.635,20.6927,24.0979,0,0.609807,nan,nan
79,8,328.296,138.075,22.0797,24.2906,328.296,138.075,22.0797,24.2906,0,0.720469,nan,nan
79,9,296.001,138.236,19.4182,25.1059,296.001,138.236,19.4182,25.1059,0,0.701619,nan,nan
79,10,112.045,138.125,24.1565,24.5476,112.045,138.125,24.1565,24.5476,0,0.641698,nan,nan
79,11,351.308,138.517,18.0876,24.2378,351.308,138.517,18.0876,24.2378,0,0.632258,nan,nan
79,12,738.047,139.091,21.3828,22.9125,738.047,139.091,21.3828,22.9125,0,0.586453,nan,nan
79,13,596.234,138.405,25.9477,24.1104,596.234,138.405,25.9478,24.1104,0,0.665877,nan,nan
79,14,154.093,139.111,23.9363,23.0374,154.093,139.111,23.9363,23.0374,0,0.577967,nan,nan
79,15,417.379,138.428,19.8667,24.9248,417.379,138.428,19.8667,24.9247,0,0.503172,nan,nan
79,16,707.106,138.996,19.5854,24.2978,707.106,138.996,19.5854,24.2978,0,0.541079,nan,nan
79,17,232.652,139.167,18.2758,23.726,232.652,139.167,18.2758,23.726,0,0.500157,nan,nan
79,18,215.822,138.86,17.0334,23.668,215.822,138.86,17.0334,23.668,0,0.471686,nan,nan
79,19,629.194,139.267,23.0195,21.8294,629.194,139.267,23.0195,21.8294,0,0.479432,nan,nan
79,24,62.0192,135.288,25.7104,29.615,62.0192,135.288,25.7104,29.615,0,0.275993,nan,nan
79,26,170.741,138.723,23.1518,23.0264,170.741,138.723,23.1518,23.0264,0,0.29687,nan,nan
79,21,468.938,135.547,21.4929,31.8674,468.938,135.547,21.4929,31.8674,0,0.404176,nan,nan
79,23,647.609,139.106,24.5821,22.104,647.609,139.106,24.582,22.104,0,0.410081,nan,nan
79,27,570.963,138.975,19.9756,24.2135,570.963,138.975,19.9756,24.2135,0,0.280804,nan,nan
79,54,633.891,139.128,31.8959,22.6346,633.891,139.128,31.896,22.6346,0,0.39018,nan,nan
80,1,274.256,138.668,19.3461,23.5421,274.256,138.668,19.3461,23.5421,0,0.769902,nan,nan
80,2,254.556,138.764,21.429,23.1689,254.556,138.764,21.429,23.1689,0,0.730356,nan,nan
80,3,525.779,139.557,19.0591,24.4926,525.779,139.557,19.0591,24.4926,0,0.747167,nan,nan
80,4,503.748,139.205,22.2815,24.1583,503.748,139.205,22.2815,24.1583,0,0.762908,nan,nan
80,5,195.059,138.972,22.2298,22.9349,195.059,138.972,22.2298,22.9349,0,0.7052,nan,nan
80,6,547.619,139.226,21.9556,23.5881,547.619,139.226,21.9556,23.5881,0,0.68223,nan,nan
80,7,371.822,138.694,20.582,24.06,371.822,138.694,20.582,24.0601,0,0.608367,nan,nan
80,8,328.291,138.038,22.1499,24.2276,328.291,138.038,22.1499,24.2276,0,0.720144,nan,nan
80,9,296.034,138.187,19.4435,24.9708,296.034,138.187,19.4435,24.9709,0,0.701102,nan,nan
80,10,112.063,138.08,24.3352,24.6322,112.063,138.08,24.3352,24.6322,0,0.640268,nan,nan
80,11,351.346,138.494,18.1291,24.2159,351.346,138.494,18.1292,24.2159,0,0.631374,nan,nan
80,12,738.032,139.068,21.3625,22.8905,738.032,139.068,21.3625,22.8905,0,0.587504,nan,nan
80,13,596.288,138.397,25.7683,24.1738,596.288,138.397,25.7683,24.1738,0,0.666377,nan,nan
80,14,154.115,139.09,24.0485,23.0662,154.115,139.09,24.0485,23.0662,0,0.577,nan,nan
80,15,417.413,138.378,19.9197,24.9463,417.413,138.378,19.9197,24.9463,0,0.500749,nan,nan
80,16,707.158,138.96,19.5009,24.2386,707.158,138.96,19.501,24.2386,0,0.541536,nan,nan
80,17,232.607,139.104,18.4508,23.6265,232.607,139.104,18.4508,23.6265,0,0.499247,nan,nan
80,18,216.041,138.866,17.197,23.6328,216.041,138.866,17.197,23.6328,0,0.470044,nan,nan
80,19,629.066,139.358,22.5693,21.7318,629.066,139.358,22.5693,21.7318,0,0.479715,nan,nan
80,24,62.0352,135.276,25.8276,29.6318,62.0352,135.276,25.8276,29.6318,0,0.276367,nan,nan
80,26,170.483,138.709,23.4361,23.0329,170.483,138.709,23.4361,23.0329,0,0.297583,nan,nan
80,21,468.963,135.53,21.4662,31.8573,468.963,135.53,21.4662,31.8573,0,0.400642,nan,nan
80,23,646.908,139.144,25.2967,21.9174,646.908,139.144,25.2966,21.9174,0,0.409,nan,nan
80,27,570.946,138.961,19.9013,24.303,570.946,138.961,19.9014,24.303,0,0.279892,nan,nan
80,54,633.817,139.123,31.7186,22.6206,633.817,139.123,31.7186,22.6206,0,0.389941,nan,nan
81,1,274.076,138.623,19.8484,23.5031,274.076,138.623,19.8484,23.5031,0,0.764259,nan,nan
81,2,254.791,138.761,21.9962,23.1832,254.791,138.761,21.9962,23.1832,0,0.725445,nan,nan
81,3,525.763,139.664,19.035,24.4641,525.763,139.664,19.035,24.4641,0,0.753112,nan,nan
81,4,503.846,139.286,22.5027,24.1631,503.846,139.286,22.5027,24.1631,0,0.732016,nan,nan
81,5,195.006,138.943,22.5547,23.1138,195.006,138.943,22.5547,23.1138,0,0.717468,nan,nan
81,6,547.64,139.244,22.0436,23.5513,547.64,139.244,22.0436,23.5513,0,0.688712,nan,nan
81,7,371.901,138.563,21.2926,24.529,371.901,138.563,21.2926,24.529,0,0.591442,nan,nan
81,8,328.376,137.927,22.4312,24.4734,328.376,137.927,22.4312,24.4734,0,0.698027,nan,nan
81,9,296.075,138.08,19.6615,25.1667,296.075,138.08,19.6615,25.1667,0,0.700079,nan,nan
81,10,112.095,138.041,24.3952,24.6934,112.095,138.041,24.3952,24.6934,0,0.657373,nan,nan
81,11,351.144,138.548,18.5237,24.5724,351.144,138.548,18.5237,24.5724,0,0.638922,nan,nan
81,12,738.188,139.092,21.4741,23.1243,738.188,139.092,21.4741,23.1243,0,0.544787,nan,nan
81,13,596.033,138.408,26.4222,24.003,596.033,138.408,26.4221,24.003,0,0.628844,nan,nan
81,14,154.515,139.012,25.3274,23.2749,154.515,139.012,25.3274,23.2749,0,0.587814,nan,nan
81,15,417.36,138.354,19.824,25.0911,417.36,138.354,19.824,25.0911,0,0.481094,nan,nan
81,16,707.103,139.067,19.7277,24.1213,707.103,139.067,19.7278,24.1213,0,0.430562,nan,nan
81,17,232.509,138.936,18.2927,23.7516,232.509,138.936,18.2927,23.7516,0,0.547869,nan,nan
81,18,216.179,138.804,17.7988,23.6565,216.179,138.804,17.7988,23.6565,0,0.447911,nan,nan
81,19,630.011,139.137,24.5325,21.9583,630.011,139.137,24.5325,21.9583,0,0.439367,nan,nan
81,24,62.0054,135.271,25.8191,29.6907,62.0054,135.271,25.8191,29.6907,0,0.263109,nan,nan
81,26,170.482,138.826,24.1097,23.3499,170.482,138.826,24.1097,23.3499,0,0.255466,nan,nan
81,21,469.094,135.616,21.4435,32.0845,469.094,135.616,21.4435,32.0845,0,0.318954,nan,nan
81,23,646.535,139.12,25.507,22.1158,646.535,139.12,25.5071,22.1158,0,0.431697,nan,nan
81,27,570.773,139.016,20.1219,24.0121,570.773,139.016,20.1219,24.0121,0,0.25951,nan,nan
81,20,391.976,137.608,16.7981,27.3342,391.976,137.608,16.7981,27.3342,0,0.259561,nan,nan
82,1,274.009,138.594,20.0343,23.4895,274.009,138.594,20.0343,23.4895,0,0.764287,nan,nan
82,2,254.881,138.748,22.2108,23.1891,254.881,138.748,22.2108,23.1891,0,0.72558,nan,nan
82,3,525.758,139.692,19.0235,24.4535,525.758,139.692,19.0234,24.4535,0,0.753271,nan,nan
82,4,503.884,139.304,22.5843,24.1651,503.884,139.304,22.5843,24.1651,0,0.732556,nan,nan
82,5,194.986,138.919,22.671,23.1796,194.986,138.919,22.671,23.1796,0,0.717858,nan,nan
82,6,547.648,139.238,22.0728,23.5362,547.648,139.238,22.0728,23.5362,0,0.689108,nan,nan
82,7,371.932,138.5,21.5513,24.7063,371.932,138.5,21.5513,24.7063,0,0.592265,nan,nan
82,8,328.408,137.874,22.5367,24.5689,328.408,137.874,22.5367,24.5689,0,0.698144,nan,nan
82,9,296.09,138.028,19.742,25.2418,296.09,138.028,19.7419,25.2419,0,0.700253,nan,nan
82,10,112.104,138.016,24.4153,24.7129,112.104,138.016,24.4153,24.7129,0,0.657445,nan,nan
82,11,351.068,138.556,18.671,24.7094,351.068,138.556,18.671,24.7094,0,0.639191,nan,nan
82,12,738.249,139.089,21.5148,23.2108,738.249,139.089,21.5148,23.2108,0,0.544921,nan,nan
82,13,595.941,138.402,26.6597,23.9382,595.941,138.402,26.6597,23.9382,0,0.629867,nan,nan
82,14,154.667,138.969,25.8065,23.3551,154.667,138.969,25.8065,23.3551,0,0.588194,nan,nan
82,15,417.339,138.333,19.7836,25.1483,417.339,138.333,19.7836,25.1483,0,0.48267,nan,nan
82,16,707.126,138.983,19.7117,24.2781,707.126,138.983,19.7117,24.2781,0,0.431529,nan,nan
82,17,232.473,138.858,18.2297,23.7997,232.473,138.858,18.2297,23.7997,0,0.54839,nan,nan
82,18,216.231,138.766,18.0291,23.6651,216.231,138.766,18.0291,23.6651,0,0.448889,nan,nan
82,19,630.355,139.044,25.2402,22.0449,630.355,139.044,25.2402,22.0449,0,0.439586,nan,nan
82,24,61.9962,135.256,25.816,29.7165,61.9962,135.256,25.816,29.7165,0,0.263685,nan,nan
82,26,170.491,138.857,24.3416,23.4708,170.491,138.857,24.3416,23.4708,0,0.257583,nan,nan
82,21,469.145,135.635,21.4343,32.1711,469.145,135.635,21.4343,32.1711,0,0.319689,nan,nan
82,23,646.378,139.1,25.6229,22.193,646.378,139.1,25.6229,22.1931,0,0.432028,nan,nan
82,27,570.705,139.026,20.1965,23.903,570.705,139.026,20.1965,23.903,0,0.260802,nan,nan
82,20,391.935,137.593,16.8138,27.3268,391.935,137.593,16.8138,27.3268,0,0.262223,nan,nan
83,1,274.016,138.611,20.0038,23.5802,274.016,138.611,20.0038,23.5802,0,0.76592,nan,nan
83,2,254.932,138.82,22.1722,23.3662,254.932,138.82,22.1722,23.3662,0,0.744366,nan,nan
83,3,525.715,139.78,19.0786,24.5158,525.715,139.78,19.0786,24.5157,0,0.729756,nan,nan
83,4,503.88,139.312,22.4573,23.9554,503.88,139.312,22.4573,23.9554,0,0.73857,nan,nan
83,5,194.936,138.969,22.5655,23.5796,194.936,138.969,22.5655,23.5797,0,0.684732,nan,nan
83,6,547.692,139.27,22.3009,23.4746,547.692,139.27,22.3009,23.4746,0,0.642829,nan,nan
83,7,371.823,138.608,21.0195,24.7074,371.823,138.608,21.0195,24.7073,0,0.548921,nan,nan
83,8,328.436,137.854,22.6078,24.6826,328.436,137.854,22.6078,24.6826,0,0.685668,nan,nan
83,9,296.149,138.004,19.673,25.3716,296.149,138.004,19.673,25.3716,0,0.677462,nan,nan
83,10,112.11,137.961,24.4742,24.8466,112.11,137.961,24.4742,24.8466,0,0.665754,nan,nan
83,11,351.119,138.587,18.6626,24.7745,351.119,138.587,18.6626,24.7745,0,0.60301,nan,nan
83,12,738.263,139.061,21.6352,23.1521,738.263,139.061,21.6353,23.1521,0,0.486824,nan,nan
83,13,595.554,138.432,27.3047,23.9072,595.554,138.432,27.3047,23.9072,0,0.568861,nan,nan
83,14,154.47,138.983,25.5906,23.5487,154.47,138.983,25.5906,23.5487,0,0.563771,nan,nan
83,15,417.332,138.33,19.703,25.136,417.332,138.33,19.703,25.136,0,0.400742,nan,nan
83,16,707.108,138.924,19.702,24.1757,707.108,138.924,19.7019,24.1757,0,0.455971,nan,nan
83,17,232.552,138.959,18.1817,24.0496,232.552,138.959,18.1817,24.0496,0,0.53901,nan,nan
83,18,216.06,138.669,17.6662,24.0788,216.06,138.669,17.6661,24.0788,0,0.39004,nan,nan
83,19,629.629,139.312,23.9158,21.9481,629.629,139.312,23.9158,21.9481,0,0.375001,nan,nan
83,23,646.503,139.118,26.0645,22.0656,646.503,139.118,26.0645,22.0656,0,0.358536,nan,nan
83,54,635.481,139.138,35.3932,22.6723,635.481,139.138,35.3933,22.6723,0,0.280186,nan,nan
84,1,274.018,138.605,19.9926,23.6162,274.018,138.605,19.9926,23.6161,0,0.765123,nan,nan
84,2,254.95,138.834,22.1573,23.4345,254.95,138.834,22.1573,23.4345,0,0.74358,nan,nan
84,3,525.698,139.798,19.1011,24.5316,525.698,139.798,19.1011,24.5316,0,0.729492,nan,nan
84,4,503.878,139.302,22.4105,23.8729,503.878,139.302,22.4105,23.8729,0,0.738313,nan,nan
84,5,194.916,138.974,22.527,23.7296,194.916,138.974,22.527,23.7296,0,0.683089,nan,nan
84,6,547.71,139.268,22.3865,23.4468,547.71,139.268,22.3865,23.4468,0,0.642419,nan,nan
84,7,371.779,138.637,20.8143,24.7093,371.779,138.637,20.8143,24.7093,0,0.545587,nan,nan
84,8,328.445,137.834,22.6383,24.7277,328.445,137.834,22.6383,24.7277,0,0.683926,nan,nan
84,9,296.169,137.984,19.649,25.4202,296.169,137.984,19.649,25.4202,0,0.676054,nan,nan
84,10,112.112,137.929,24.5028,24.8945,112.112,137.929,24.5028,24.8945,0,0.663889,nan,nan
84,11,351.138,138.587,18.6592,24.7998,351.138,138.587,18.6592,24.7997,0,0.600638,nan,nan
84,12,738.269,139.04,21.6807,23.1347,738.269,139.04,21.6807,23.1346,0,0.487036,nan,nan
84,13,595.407,138.431,27.5498,23.9018,595.407,138.431,27.5498,23.9018,0,0.56853,nan,nan
84,14,154.391,138.977,25.5019,23.6205,154.391,138.977,25.5019,23.6205,0,0.561803,nan,nan
84,15,417.199,138.335,19.6086,25.188,417.199,138.335,19.6086,25.188,0,0.397473,nan,nan
84,16,707.105,138.89,19.6922,24.1422,707.105,138.89,19.6921,24.1422,0,0.453422,nan,nan
84,17,232.582,138.984,18.1669,24.1446,232.582,138.984,18.1669,24.1446,0,0.537734,nan,nan
84,18,215.988,138.619,17.5317,24.2363,215.988,138.619,17.5317,24.2363,0,0.388425,nan,nan
84,19,629.333,139.402,23.3786,21.9157,629.333,139.402,23.3787,21.9156,0,0.374566,nan,nan
84,23,646.547,139.113,26.2497,22.0209,646.547,139.113,26.2498,22.0209,0,0.35791,nan,nan
84,54,635.747,139.133,35.9981,22.6878,635.747,139.133,35.998,22.6878,0,0.279732,nan,nan
85,1,274.156,138.57,19.6362,23.6594,274.156,138.57,19.6362,23.6594,0,0.781545,nan,nan
85,2,254.846,138.809,21.7605,23.4816,254.846,138.809,21.7605,23.4816,0,0.758107,nan,nan
85,3,525.565,139.92,19.2224,24.8955,525.565,139.92,19.2224,24.8955,0,0.756132,nan,nan
85,4,503.845,139.361,22.2602,24.0943,503.845,139.361,22.2603,24.0943,0,0.746405,nan,nan
85,5,194.833,138.889,22.5388,23.6333,194.833,138.889,22.5388,23.6332,0,0.700833,nan,nan
85,6,547.65,139.147,22.3648,23.1878,547.65,139.147,22.3647,23.1878,0,0.654677,nan,nan
85,7,371.918,138.464,21.262,24.7939,371.918,138.464,21.262,24.7939,0,0.65145,nan,nan
85,8,328.461,137.769,22.7,24.9292,328.461,137.769,22.7,24.9292,0,0.708662,nan,nan
85,9,296.159,137.942,19.7161,25.5817,296.159,137.942,19.7161,25.5817,0,0.706948,nan,nan
85,10,112.124,137.895,24.4013,24.9318,112.124,137.895,24.4013,24.9318,0,0.690105,nan,nan
85,11,351.153,138.526,18.6327,24.9022,351.153,138.526,18.6327,24.9023,0,0.667213,nan,nan
85,12,738.284,139.005,21.6557,23.1432,738.284,139.005,21.6558,23.1432,0,0.567875,nan,nan
85,13,595.39,138.412,27.7645,23.8618,595.39,138.412,27.7645,23.8618,0,0.628307,nan,nan
85,14,154.643,138.975,25.8728,23.8747,154.643,138.975,25.8728,23.8747,0,0.621107,nan,nan
85,15,417.16,138.363,19.5982,25.0495,417.16,138.363,19.5982,25.0495,0,0.493501,nan,nan
85,16,707.119,138.855,19.6833,24.084,707.119,138.855,19.6833,24.084,0,0.569714,nan,nan
85,17,232.739,138.862,17.8466,24.2028,232.739,138.862,17.8466,24.2029,0,0.521631,nan,nan
85,18,216.025,138.533,17.4348,24.441,216.025,138.533,17.4348,24.441,0,0.468475,nan,nan
85,19,629.534,139.196,24.1571,22.1722,629.534,139.196,24.1571,22.1722,0,0.475459,nan,nan
85,23,647.896,139.183,23.6093,21.9657,647.896,139.183,23.6094,21.9658,0,0.444422,nan,nan
85,24,62.0256,135.216,25.9964,29.7903,62.0256,135.216,25.9964,29.7903,0,0.253794,nan,nan
85,21,468.907,135.595,21.1823,32.4335,468.907,135.595,21.1824,32.4335,0,0.286203,nan,nan
85,20,391.828,137.418,16.8175,27.091,391.828,137.418,16.8175,27.091,0,0.343963,nan,nan
86,1,274.206,138.546,19.4975,23.6809,274.206,138.546,19.4974,23.6809,0,0.781761,nan,nan
86,2,254.8,138.788,21.5982,23.5053,254.8,138.788,21.5982,23.5053,0,0.758559,nan,nan
86,3,525.513,139.954,19.2692,25.0347,525.513,139.954,19.2693,25.0347,0,0.755807,nan,nan
86,4,503.831,139.371,22.2061,24.1814,503.831,139.371,22.2061,24.1815,0,0.746265,nan,nan
86,5,194.799,138.843,22.5383,23.5968,194.799,138.843,22.5383,23.5968,0,0.701802,nan,nan
86,6,547.625,139.09,22.358,23.0941,547.625,139.09,22.3579,23.0941,0,0.654363,nan,nan
86,7,371.968,138.388,21.4254,24.8273,371.968,138.388,21.4254,24.8273,0,0.651167,nan,nan
86,8,328.463,137.735,22.7187,25.0058,328.463,137.735,22.7188,25.0058,0,0.709271,nan,nan
86,9,296.152,137.916,19.7388,25.6447,296.152,137.916,19.7388,25.6447,0,0.70717,nan,nan
86,10,112.124,137.871,24.3576,24.9429,112.124,137.871,24.3576,24.9429,0,0.690625,nan,nan
86,11,351.158,138.493,18.6187,24.9427,351.158,138.493,18.6187,24.9427,0,0.667485,nan,nan
86,12,738.287,138.982,21.6512,23.1516,738.287,138.982,21.6511,23.1516,0,0.566118,nan,nan
86,13,595.382,138.393,27.8526,23.8504,595.382,138.393,27.8525,23.8504,0,0.627711,nan,nan
86,14,154.734,138.962,26.0047,23.9724,154.734,138.962,26.0048,23.9724,0,0.622809,nan,nan
86,15,417.137,138.368,19.5906,25.0105,417.137,138.368,19.5906,25.0105,0,0.492081,nan,nan
86,16,707.124,138.831,19.6837,24.0636,707.124,138.831,19.6836,24.0636,0,0.567863,nan,nan
86,17,232.794,138.804,17.7237,24.2303,232.794,138.804,17.7237,24.2303,0,0.522862,nan,nan
86,18,216.034,138.489,17.3901,24.5213,216.034,138.489,17.3901,24.5213,0,0.469482,nan,nan
86,19,629.622,139.106,24.4746,22.2695,629.622,139.106,24.4746,22.2695,0,0.472199,nan,nan
86,23,648.41,139.196,22.6293,21.9496,648.41,139.196,22.6294,21.9496,0,0.44301,nan,nan
86,24,62.0251,135.202,26.0185,29.8073,62.0251,135.202,26.0185,29.8073,0,0.255053,nan,nan
86,21,468.867,135.581,21.1507,32.4795,468.867,135.581,21.1506,32.4795,0,0.286347,nan,nan
86,20,391.818,137.383,16.8164,27.0675,391.818,137.383,16.8164,27.0675,0,0.345126,nan,nan
87,1,274.262,138.532,19.3717,23.5519,274.262,138.532,19.3717,23.5519,0,0.77195,nan,nan
87,2,254.754,138.771,21.5449,23.4019,254.754,138.771,21.5449,23.4019,0,0.766309,nan,nan
87,3,525.632,139.788,19.2405,24.884,525.632,139.788,19.2405,24.884,0,0.736205,nan,nan
87,4,503.916,139.287,22.2543,24.2258,503.916,139.287,22.2543,24.2258,0,0.745397,nan,nan
87,5,194.756,138.946,22.3777,23.9778,194.756,138.946,22.3777,23.9778,0,0.687936,nan,nan
87,6,547.781,139.02,22.4597,23.0792,547.781,139.02,22.4597,23.0792,0,0.672273,nan,nan
87,7,371.862,138.513,20.915,24.6582,371.862,138.513,20.915,24.6581,0,0.641382,nan,nan
87,8,328.49,137.741,22.607,25.0504,328.49,137.741,22.6069,25.0504,0,0.705369,nan,nan
87,9,296.216,137.915,19.9973,25.6445,296.216,137.915,19.9973,25.6445,0,0.666243,nan,nan
87,10,112.119,137.907,24.1679,24.9339,112.119,137.907,24.1679,24.9338,0,0.661316,nan,nan
87,11,351.151,138.517,18.5794,24.9349,351.151,138.517,18.5794,24.9349,0,0.663074,nan,nan
87,12,738.146,138.993,21.4354,23.0879,738.146,138.993,21.4353,23.0879,0,0.606932,nan,nan
87,13,595.404,138.329,27.1008,23.6396,595.404,138.329,27.1008,23.6396,0,0.610816,nan,nan
87,14,154.008,139.203,24.1357,24.0913,154.008,139.203,24.1357,24.0913,0,0.537912,nan,nan
87,15,417.067,138.324,19.5276,25.3132,417.067,138.324,19.5276,25.3132,0,0.51864,nan,nan
87,16,707.095,138.862,19.7188,24.1477,707.095,138.862,19.7188,24.1477,0,0.611505,nan,nan
87,17,232.587,138.812,17.706,24.314,232.587,138.812,17.706,24.3141,0,0.503347,nan,nan
87,18,215.828,138.522,17.1451,24.9227,215.828,138.522,17.1451,24.9227,0,0.444982,nan,nan
87,19,629.375,139.135,23.9016,22.2522,629.375,139.135,23.9016,22.2522,0,0.576623,nan,nan
87,23,649.327,139.147,21.6997,22.4373,649.327,139.147,21.6997,22.4373,0,0.531982,nan,nan
87,21,469.071,135.579,21.1966,32.5525,469.071,135.579,21.1965,32.5525,0,0.371723,nan,nan
87,20,391.874,137.379,16.6884,27.1784,391.874,137.379,16.6885,27.1784,0,0.366618,nan,nan
87,26,171.248,138.987,23.1682,24.5226,171.248,138.987,23.1682,24.5226,0,0.258626,nan,nan
88,1,274.278,138.508,19.3303,23.5043,274.278,138.508,19.3303,23.5043,0,0.771482,nan,nan
88,2,254.734,138.744,21.533,23.3641,254.734,138.744,21.533,23.3641,0,0.76562,nan,nan
88,3,525.675,139.706,19.2267,24.8254,525.675,139.706,19.2267,24.8254,0,0.736794,nan,nan
88,4,503.946,139.236,22.2693,24.2427,503.946,139.236,22.2693,24.2427,0,0.745665,nan,nan
88,5,194.735,138.966,22.318,24.1188,194.735,138.966,22.3181,24.1188,0,0.686563,nan,nan
88,6,547.838,138.976,22.4942,23.0751,547.838,138.976,22.4941,23.0751,0,0.672856,nan,nan
88,7,371.816,138.541,20.7198,24.5939,371.816,138.541,20.7197,24.5939,0,0.641066,nan,nan
88,8,328.498,137.726,22.5705,25.0694,328.498,137.726,22.5705,25.0694,0,0.704398,nan,nan
88,9,296.235,137.897,20.0973,25.6443,296.235,137.897,20.0973,25.6443,0,0.664906,nan,nan
88,10,112.111,137.901,24.0979,24.9305,112.111,137.901,24.0979,24.9305,0,0.659347,nan,nan
88,11,351.15,138.51,18.5629,24.9291,351.15,138.51,18.5629,24.9291,0,0.662514,nan,nan
88,12,738.092,138.979,21.3505,23.0681,738.092,138.979,21.3506,23.0681,0,0.608678,nan,nan
88,13,595.412,138.288,26.8087,23.5657,595.412,138.288,26.8086,23.5657,0,0.611017,nan,nan
88,14,153.716,139.274,23.4016,24.1331,153.716,139.274,23.4016,24.1331,0,0.535449,nan,nan
88,15,417.037,138.287,19.5033,25.4263,417.037,138.287,19.5033,25.4263,0,0.520042,nan,nan
88,16,707.084,138.857,19.7386,24.1855,707.084,138.857,19.7386,24.1855,0,0.611453,nan,nan
88,17,232.505,138.795,17.7049,24.3495,232.505,138.795,17.7049,24.3495,0,0.502046,nan,nan
88,18,215.745,138.514,17.0582,25.0776,215.745,138.514,17.0582,25.0776,0,0.44395,nan,nan
88,19,629.274,139.129,23.6738,22.2495,629.274,139.129,23.6738,22.2495,0,0.576965,nan,nan
88,23,649.655,139.112,21.3743,22.624,649.655,139.112,21.3743,22.624,0,0.532629,nan,nan
88,21,469.145,135.559,21.2167,32.5815,469.145,135.559,21.2167,32.5815,0,0.37384,nan,nan
88,20,391.893,137.359,16.6424,27.2213,391.893,137.359,16.6424,27.2213,0,0.367213,nan,nan
88,26,171.337,138.99,23.0448,24.6215,171.337,138.99,23.0447,24.6216,0,0.257124,nan,nan
89,1,274.169,138.515,19.4901,23.3135,274.169,138.515,19.4901,23.3134,0,0.77749,nan,nan
89,2,254.815,138.693,21.6493,23.062,254.815,138.693,21.6493,23.062,0,0.756239,nan,nan
89,3,525.524,139.838,19.2426,25.2715,525.524,139.838,19.2427,25.2715,0,0.691009,nan,nan
89,4,504.007,139.313,22.5297,24.6314,504.007,139.313,22.5297,24.6314,0,0.685168,nan,nan
89,5,194.844,138.966,22.3074,23.919,194.844,138.966,22.3074,23.9189,0,0.700332,nan,nan
89,6,547.762,139.036,22.2247,23.3639,547.762,139.036,22.2247,23.3639,0,0.616587,nan,nan
89,7,371.905,138.43,21.0508,24.5213,371.905,138.43,21.0508,24.5213,0,0.646332,nan,nan
89,8,328.44,137.811,22.5255,24.761,328.44,137.811,22.5255,24.761,0,0.696398,nan,nan
89,9,296.133,137.956,20.1442,25.2344,296.133,137.956,20.1442,25.2344,0,0.676359,nan,nan
89,10,112.129,137.925,24.1355,24.8729,112.129,137.925,24.1355,24.8729,0,0.669167,nan,nan
89,11,351.103,138.521,18.4732,24.649,351.103,138.521,18.4731,24.649,0,0.666555,nan,nan
89,12,738.217,139.016,21.5126,23.1252,738.217,139.016,21.5127,23.1252,0,0.608698,nan,nan
89,13,595.66,138.379,26.7847,23.8741,595.66,138.379,26.7847,23.8741,0,0.617583,nan,nan
89,14,153.598,139.297,23.0565,23.994,153.598,139.297,23.0565,23.994,0,0.55737,nan,nan
89,15,417.143,138.358,19.6514,25.2252,417.143,138.358,19.6514,25.2252,0,0.446279,nan,nan
89,16,707.085,138.852,19.7498,24.147,707.085,138.852,19.7498,24.147,0,0.618723,nan,nan
89,17,232.476,138.737,17.4082,23.9835,232.476,138.737,17.4082,23.9835,0,0.502858,nan,nan
89,18,215.856,138.515,16.7774,24.7324,215.856,138.515,16.7774,24.7324,0,0.469715,nan,nan
89,19,629.101,139.184,23.2574,22.2313,629.101,139.184,23.2574,22.2313,0,0.624327,nan,nan
89,23,649.891,139.081,21.197,22.7432,649.891,139.081,21.197,22.7432,0,0.599558,nan,nan
89,21,468.871,135.527,21.0381,32.4614,468.871,135.527,21.0381,32.4614,0,0.34291,nan,nan
89,20,391.868,137.37,16.6187,27.1906,391.868,137.37,16.6187,27.1906,0,0.358349,nan,nan
89,26,171.321,138.99,22.8305,24.4142,171.321,138.99,22.8304,24.4142,0,0.305396,nan,nan
89,24,62.0207,135.16,26.138,29.7001,62.0207,135.16,26.138,29.7,0,0.274224,nan,nan
90,1,274.123,138.501,19.5516,23.242,274.123,138.501,19.5516,23.242,0,0.777492,nan,nan
90,2,254.84,138.658,21.6953,22.9475,254.84,138.658,21.6953,22.9475,0,0.755901,nan,nan
90,3,525.464,139.869,19.2475,25.432,525.464,139.869,19.2476,25.432,0,0.690857,nan,nan
90,4,504.027,139.326,22.6255,24.7774,504.027,139.326,22.6255,24.7774,0,0.684941,nan,nan
90,5,194.88,138.949,22.3037,23.838,194.88,138.949,22.3037,23.838,0,0.699541,nan,nan
90,6,547.731,139.042,22.1183,23.4685,547.731,139.042,22.1183,23.4685,0,0.616368,nan,nan
90,7,371.934,138.372,21.1751,24.4907,371.934,138.372,21.1752,24.4907,0,0.646938,nan,nan
90,8,328.413,137.828,22.5075,24.6393,328.413,137.828,22.5076,24.6393,0,0.696097,nan,nan
90,9,296.089,137.963,20.1611,25.0777,296.089,137.963,20.1611,25.0777,0,0.676271,nan,nan
90,10,112.131,137.917,24.1521,24.8504,112.131,137.917,24.1521,24.8504,0,0.668755,nan,nan
90,11,351.082,138.509,18.4397,24.5383,351.082,138.509,18.4397,24.5383,0,0.666482,nan,nan
90,12,738.263,139.015,21.5723,23.145,738.263,139.015,21.5723,23.145,0,0.608341,nan,nan
90,13,595.751,138.398,26.7779,23.9862,595.751,138.398,26.7778,23.9862,0,0.617096,nan,nan
90,14,153.551,139.288,22.9365,23.9377,153.551,139.288,22.9365,23.9377,0,0.556429,nan,nan
90,15,417.179,138.37,19.7059,25.1405,417.179,138.37,19.7059,25.1405,0,0.447496,nan,nan
90,16,707.083,138.835,19.7585,24.1309,707.083,138.835,19.7585,24.1309,0,0.617733,nan,nan
90,17,232.462,138.699,17.297,23.8428,232.462,138.699,17.297,23.8428,0,0.50212,nan,nan
90,18,215.892,138.499,16.6734,24.5961,215.892,138.499,16.6735,24.5961,0,0.46888,nan,nan
90,19,629.037,139.19,23.1052,22.2203,629.037,139.19,23.1052,22.2203,0,0.623477,nan,nan
90,23,649.968,139.054,21.1467,22.7837,649.968,139.054,21.1467,22.7837,0,0.598505,nan,nan
90,21,468.763,135.5,20.9716,32.4162,468.763,135.5,20.9716,32.4162,0,0.342182,nan,nan
90,20,391.855,137.361,16.6111,27.1752,391.855,137.361,16.6111,27.1752,0,0.359797,nan,nan
90,26,171.312,138.973,22.7556,24.3325,171.312,138.973,22.7556,24.3325,0,0.304954,nan,nan
90,24,62.0206,135.14,26.1599,29.6843,62.0206,135.14,26.1599,29.6843,0,0.274227,nan,nan
91,1,274.293,138.516,19.3064,23.0975,274.293,138.516,19.3064,23.0974,0,0.788645,nan,nan
91,2,254.793,138.665,21.517,22.9526,254.793,138.665,21.517,22.9526,0,0.775856,nan,nan
91,3,525.629,139.738,19.0779,24.9554,525.629,139.738,19.0779,24.9554,0,0.736577,nan,nan
91,4,503.913,139.217,22.2388,24.2052,503.913,139.217,22.2388,24.2052,0,0.739672,nan,nan
91,5,194.998,138.917,22.2734,23.6789,194.998,138.917,22.2734,23.6789,0,0.712673,nan,nan
91,6,547.562,139.187,21.8364,23.4948,547.562,139.187,21.8364,23.4948,0,0.67283,nan,nan
91,7,372.01,138.362,21.2317,24.3778,372.01,138.362,21.2317,24.3778,0,0.681293,nan,nan
91,8,328.482,137.824,22.3729,24.4444,328.482,137.824,22.3729,24.4444,0,0.709646,nan,nan
91,9,296.034,138.059,19.8046,24.7569,296.034,138.059,19.8046,24.7569,0,0.703906,nan,nan
91,10,112.01,137.954,23.8246,24.8373,112.01,137.954,23.8246,24.8373,0,0.678114,nan,nan
91,11,351.151,138.499,18.3211,24.3835,351.151,138.499,18.3211,24.3835,0,0.657219,nan,nan
91,12,738.275,139.04,21.4888,23.1167,738.275,139.04,21.4888,23.1167,0,0.661169,nan,nan
91,13,595.808,138.434,26.65,23.9813,595.808,138.434,26.6499,23.9813,0,0.604372,nan,nan
91,14,153.562,139.302,22.7088,23.8796,153.562,139.302,22.7088,23.8796,0,0.590684,nan,nan
91,15,417.076,138.546,19.1499,24.838,417.076,138.546,19.1499,24.838,0,0.423364,nan,nan
91,16,707.141,138.839,19.5621,24.0428,707.141,138.839,19.562,24.0428,0,0.648669,nan,nan
91,17,232.317,138.664,17.3876,23.9176,232.317,138.664,17.3876,23.9176,0,0.533676,nan,nan
91,18,216.302,138.518,16.7084,24.437,216.302,138.518,16.7084,24.437,0,0.461671,nan,nan
91,19,629.045,139.158,22.884,22.0529,629.045,139.158,22.884,22.0529,0,0.596016,nan,nan
91,23,650.012,139.051,21.1544,22.7297,650.012,139.051,21.1543,22.7297,0,0.566609,nan,nan
91,21,468.992,135.602,20.5846,32.541,468.992,135.602,20.5846,32.541,0,0.362725,nan,nan
91,20,391.913,137.529,16.5341,26.7394,391.913,137.529,16.5342,26.7394,0,0.315961,nan,nan
91,26,171.399,138.962,22.2587,24.249,171.399,138.962,22.2587,24.249,0,0.345357,nan,nan
91,24,61.9779,135.137,26.0924,29.6441,61.9779,135.137,26.0924,29.6441,0,0.293618,nan,nan
91,22,770.449,138.618,22.9934,23.5558,770.449,138.618,22.9934,23.5558,0,0.259639,nan,nan
92,1,274.352,138.504,19.2164,23.0465,274.352,138.504,19.2164,23.0465,0,0.78849,nan,nan
92,2,254.77,138.649,21.4535,22.9562,254.77,138.649,21.4535,22.9562,0,0.775298,nan,nan
92,3,525.689,139.671,19.0153,24.7714,525.689,139.671,19.0153,24.7714,0,0.736161,nan,nan
92,4,503.865,139.158,22.0923,23.9859,503.865,139.158,22.0923,23.986,0,0.739475,nan,nan
92,5,195.037,138.886,22.2648,23.6225,195.037,138.886,22.2648,23.6225,0,0.711509,nan,nan
92,6,547.496,139.226,21.7316,23.5027,547.496,139.226,21.7317,23.5027,0,0.672124,nan,nan
92,7,372.034,138.34,21.2538,24.341,372.034,138.34,21.2538,24.341,0,0.680758,nan,nan
92,8,328.503,137.805,22.3239,24.3756,328.503,137.805,22.3239,24.3756,0,0.709208,nan,nan
92,9,296.009,138.076,19.6701,24.6426,296.009,138.076,19.67,24.6426,0,0.703216,nan,nan
92,10,111.958,137.949,23.7045,24.837,111.958,137.949,23.7045,24.837,0,0.676697,nan,nan
92,11,351.173,138.477,18.2777,24.3301,351.173,138.477,18.2777,24.3301,0,0.657126,nan,nan
92,12,738.277,139.035,21.4588,23.1113,738.277,139.035,21.4587,23.1113,0,0.660904,nan,nan
92,13,595.828,138.43,26.6038,23.9747,595.828,138.43,26.6038,23.9747,0,0.603654,nan,nan
92,14,153.563,139.289,22.638,23.8614,153.563,139.289,22.6379,23.8615,0,0.588308,nan,nan
92,15,417.033,138.594,18.9394,24.7332,417.033,138.594,18.9393,24.7332,0,0.422985,nan,nan
92,16,707.162,138.823,19.4858,24.0107,707.162,138.823,19.4858,24.0107,0,0.64792,nan,nan
92,17,232.262,138.632,17.4241,23.951,232.262,138.632,17.4241,23.951,0,0.53188,nan,nan
92,18,216.451,138.506,16.7292,24.3806,216.451,138.506,16.7292,24.3806,0,0.459616,nan,nan
92,19,629.05,139.128,22.8123,21.9889,629.05,139.128,22.8123,21.9889,0,0.595081,nan,nan
92,23,650.018,139.033,21.1722,22.7067,650.018,139.033,21.1721,22.7067,0,0.566122,nan,nan
92,21,469.074,135.625,20.4435,32.591,469.074,135.625,20.4435,32.591,0,0.364044,nan,nan
92,20,391.932,137.574,16.5058,26.5842,391.932,137.574,16.5059,26.5842,0,0.315403,nan,nan
92,26,171.42,138.941,22.0951,24.2242,171.42,138.941,22.0951,24.2242,0,0.341509,nan,nan
92,24,61.9587,135.117,26.0704,29.6319,61.9587,135.117,26.0704,29.6318,0,0.293543,nan,nan
92,22,770.452,138.615,22.9894,23.5551,770.452,138.615,22.9894,23.5551,0,0.256657,nan,nan
93,1,274.368,138.543,19.205,23.1205,274.368,138.543,19.205,23.1205,0,0.794834,nan,nan
93,2,254.758,138.666,21.3219,23.0554,254.758,138.666,21.322,23.0554,0,0.78811,nan,nan
93,3,525.603,139.624,19.0088,24.8089,525.603,139.624,19.0088,24.8089,0,0.722773,nan,nan
93,4,503.998,139.049,22.1473,23.9083,503.998,139.049,22.1473,23.9083,0,0.70487,nan,nan
93,5,194.927,138.919,21.8855,23.6418,194.927,138.919,21.8855,23.6418,0,0.725692,nan,nan
93,6,547.577,139.172,21.9626,23.4216,547.577,139.172,21.9626,23.4216,0,0.62426,nan,nan
93,7,372.063,138.394,21.2066,24.3135,372.063,138.394,21.2066,24.3135,0,0.624489,nan,nan
93,8,328.574,137.847,22.3094,24.1328,328.574,137.847,22.3094,24.1328,0,0.725605,nan,nan
93,9,295.975,138.152,19.6274,24.602,295.975,138.152,19.6274,24.6021,0,0.698802,nan,nan
93,10,112.041,137.995,23.6614,24.8591,112.041,137.995,23.6614,24.8591,0,0.704,nan,nan
93,11,350.972,138.512,18.2689,24.3161,350.972,138.512,18.2689,24.3161,0,0.659933,nan,nan
93,12,738.286,139.078,21.4744,23.0839,738.286,139.078,21.4744,23.0839,0,0.633319,nan,nan
93,13,596.074,138.423,26.1552,23.767,596.074,138.423,26.1552,23.767,0,0.624838,nan,nan
93,14,153.509,139.321,22.3968,23.8059,153.509,139.321,22.3968,23.8059,0,0.630455,nan,nan
93,15,417.035,138.724,18.6054,24.386,417.035,138.724,18.6053,24.386,0,0.317159,nan,nan
93,16,707.203,138.861,19.4172,23.9245,707.203,138.861,19.4172,23.9245,0,0.612402,nan,nan
93,17,232.551,138.683,17.5371,23.9755,232.551,138.683,17.5371,23.9755,0,0.577724,nan,nan
93,18,215.658,138.457,16.8441,24.6194,215.658,138.457,16.8441,24.6194,0,0.559227,nan,nan
93,19,629.041,139.09,23.0209,21.9294,629.041,139.09,23.0209,21.9294,0,0.581419,nan,nan
93,23,649.982,139.043,21.1854,22.535,649.982,139.043,21.1854,22.535,0,0.55206,nan,nan
93,26,171.791,138.995,21.5187,24.308,171.791,138.995,21.5187,24.308,0,0.384238,nan,nan
93,24,61.9428,135.089,26.0181,29.6014,61.9428,135.089,26.0181,29.6014,0,0.349888,nan,nan
94,1,274.37,138.54,19.1999,23.1519,274.37,138.54,19.1999,23.1519,0,0.795113,nan,nan
94,2,254.75,138.657,21.269,23.0956,254.75,138.657,21.269,23.0956,0,0.788565,nan,nan
94,3,525.578,139.58,18.9915,24.8,525.578,139.58,18.9915,24.8,0,0.722976,nan,nan
94,4,504.039,138.989,22.1538,23.8688,504.039,138.989,22.1538,23.8688,0,0.706598,nan,nan
94,5,194.88,138.914,21.7414,23.649,194.88,138.914,21.7414,23.649,0,0.726063,nan,nan
94,6,547.605,139.137,22.0411,23.3841,547.605,139.137,22.0411,23.3841,0,0.625054,nan,nan
94,7,372.071,138.398,21.1839,24.3042,372.071,138.398,21.1839,24.3042,0,0.625711,nan,nan
94,8,328.597,137.846,22.3014,24.0423,328.597,137.846,22.3014,24.0422,0,0.726394,nan,nan
94,9,295.958,138.162,19.6091,24.5907,295.958,138.162,19.6091,24.5907,0,0.69937,nan,nan
94,10,112.067,137.995,23.6463,24.8694,112.067,137.995,23.6463,24.8694,0,0.704636,nan,nan
94,11,350.893,138.509,18.2649,24.3126,350.893,138.509,18.2649,24.3126,0,0.661069,nan,nan
94,12,738.288,139.08,21.4797,23.0718,738.288,139.08,21.4797,23.0718,0,0.632496,nan,nan
94,13,596.17,138.405,25.9734,23.686,596.17,138.405,25.9734,23.686,0,0.625522,nan,nan
94,14,153.486,139.312,22.3114,23.7823,153.486,139.312,22.3113,23.7823,0,0.631509,nan,nan
94,15,417.032,138.758,18.4806,24.2555,417.032,138.758,18.4806,24.2555,0,0.321148,nan,nan
94,16,707.219,138.862,19.3887,23.8945,707.219,138.862,19.3887,23.8945,0,0.612723,nan,nan
94,17,232.656,138.687,17.5806,23.9863,232.656,138.687,17.5806,23.9863,0,0.579013,nan,nan
94,18,215.355,138.422,16.8878,24.7093,215.355,138.422,16.8878,24.7093,0,0.560179,nan,nan
94,19,629.033,139.06,23.0931,21.9096,629.033,139.06,23.093,21.9096,0,0.583139,nan,nan
94,23,649.964,139.033,21.1924,22.4711,649.964,139.033,21.1924,22.4711,0,0.555707,nan,nan
94,26,171.93,138.997,21.3049,24.3371,171.93,138.997,21.3049,24.3372,0,0.386662,nan,nan
94,24,61.929,135.063,25.9954,29.593,61.929,135.063,25.9954,29.593,0,0.350792,nan,nan
95,1,274.312,138.558,19.2247,23.2565,274.312,138.558,19.2247,23.2565,0,0.795127,nan,nan
95,2,254.694,138.671,21.0573,23.2161,254.694,138.671,21.0573,23.2162,0,0.78411,nan,nan
95,3,525.699,139.909,19.3328,25.3622,525.699,139.909,19.3328,25.3622,0,0.695574,nan,nan
95,4,503.915,139.118,21.8813,23.825,503.915,139.118,21.8813,23.825,0,0.69479,nan,nan
95,5,194.947,138.887,21.6676,23.8052,194.947,138.887,21.6675,23.8052,0,0.721805,nan,nan
95,6,547.652,139.214,21.8142,23.4316,547.652,139.214,21.8142,23.4316,0,0.537073,nan,nan
95,7,371.981,138.694,20.465,24.1032,371.981,138.694,20.465,24.1032,0,0.61999,nan,nan
95,8,328.516,137.856,22.1186,24.1178,328.516,137.856,22.1185,24.1177,0,0.722326,nan,nan
95,9,295.953,138.138,19.56,24.6843,295.953,138.138,19.5599,24.6843,0,0.695378,nan,nan
95,10,112.07,138.037,23.3129,24.8353,112.07,138.037,23.3129,24.8353,0,0.722524,nan,nan
95,11,350.861,138.338,18.0916,24.5495,350.861,138.338,18.0916,24.5495,0,0.660249,nan,nan
95,12,738.296,139.061,21.4989,23.0833,738.296,139.061,21.4989,23.0833,0,0.669356,nan,nan
95,13,596.095,138.351,26.1694,23.7909,596.095,138.351,26.1694,23.7909,0,0.552955,nan,nan
95,14,153.427,139.336,22.2527,23.7958,153.427,139.336,22.2527,23.7958,0,0.62551,nan,nan
95,15,417.084,138.791,18.6051,24.1922,417.084,138.791,18.6051,24.1922,0,0.394348,nan,nan
95,16,707.184,138.834,19.5664,23.9444,707.184,138.834,19.5664,23.9444,0,0.617041,nan,nan
95,17,232.289,138.67,17.4285,24.3813,232.289,138.67,17.4285,24.3813,0,0.505417,nan,nan
95,18,215.61,138.358,16.7592,25.0602,215.61,138.358,16.7592,25.0602,0,0.512979,nan,nan
95,19,629.084,139.088,23.0834,21.8949,629.084,139.088,23.0835,21.8949,0,0.525993,nan,nan
95,23,649.927,139.011,21.3721,22.4509,649.927,139.011,21.3721,22.4509,0,0.486268,nan,nan
95,26,171.941,138.819,20.8654,24.2827,171.941,138.819,20.8654,24.2827,0,0.400907,nan,nan
95,24,61.9108,135.061,25.8829,29.5444,61.9108,135.061,25.8829,29.5444,0,0.337429,nan,nan
95,20,392.026,137.65,16.333,27.0957,392.026,137.65,16.333,27.0957,0,0.271874,nan,nan
96,1,274.287,138.553,19.2358,23.2958,274.287,138.553,19.2358,23.2958,0,0.795091,nan,nan
96,2,254.669,138.665,20.9805,23.2629,254.669,138.665,20.9805,23.2629,0,0.784225,nan,nan
96,3,525.745,140.014,19.4545,25.5671,525.745,140.014,19.4545,25.5671,0,0.695236,nan,nan
96,4,503.861,139.158,21.7767,23.8185,503.861,139.158,21.7767,23.8185,0,0.694454,nan,nan
96,5,194.97,138.865,21.6396,23.8662,194.97,138.865,21.6396,23.8662,0,0.722413,nan,nan
96,6,547.668,139.232,21.7274,23.4526,547.668,139.232,21.7274,23.4526,0,0.536012,nan,nan
96,7,371.944,138.795,20.1926,24.0301,371.944,138.795,20.1926,24.0301,0,0.619127,nan,nan
96,8,328.482,137.849,22.0532,24.1496,328.482,137.849,22.0532,24.1496,0,0.722097,nan,nan
96,9,295.947,138.116,19.5402,24.7214,295.947,138.116,19.5402,24.7214,0,0.695308,nan,nan
96,10,112.067,138.042,23.1849,24.8214,112.067,138.042,23.1849,24.8214,0,0.723073,nan,nan
96,11,350.848,138.263,18.0295,24.6434,350.848,138.263,18.0295,24.6434,0,0.659722,nan,nan
96,12,738.298,139.044,21.5085,23.0881,738.298,139.044,21.5085,23.0881,0,0.666737,nan,nan
96,13,596.059,138.321,26.2592,23.8319,596.059,138.321,26.2593,23.8319,0,0.55152,nan,nan
96,14,153.404,139.332,22.2328,23.8023,153.404,139.332,22.2328,23.8023,0,0.626886,nan,nan
96,15,417.1,138.791,18.6564,24.1723,417.1,138.791,18.6564,24.1724,0,0.392954,nan,nan
96,16,707.167,138.814,19.6384,23.9667,707.167,138.814,19.6384,23.9667,0,0.615104,nan,nan
96,17,232.142,138.652,17.372,24.5291,232.142,138.652,17.372,24.5291,0,0.505636,nan,nan
96,18,215.708,138.324,16.7117,25.1921,215.708,138.324,16.7117,25.1921,0,0.513628,nan,nan
96,19,629.112,139.09,23.1018,21.8938,629.112,139.09,23.1018,21.8938,0,0.521525,nan,nan
96,23,649.901,138.995,21.4692,22.4459,649.901,138.995,21.4692,22.4459,0,0.479224,nan,nan
96,26,171.939,138.74,20.7167,24.2625,171.939,138.74,20.7167,24.2625,0,0.402653,nan,nan
96,24,61.9015,135.047,25.8411,29.5284,61.9015,135.047,25.8411,29.5284,0,0.339253,nan,nan
96,20,392.04,137.651,16.3127,27.1861,392.04,137.651,16.3127,27.1861,0,0.270831,nan,nan
97,1,274.335,138.469,19.0714,23.2699,274.335,138.469,19.0714,23.2699,0,0.810046,nan,nan
97,2,254.673,138.636,20.9372,23.3353,254.673,138.636,20.9373,23.3353,0,0.799793,nan,nan
97,3,525.711,139.742,19.518,24.4298,525.711,139.742,19.5181,24.4298,0,0.569745,nan,nan
97,4,503.944,139.123,22.3914,23.1963,503.944,139.123,22.3914,23.1964,0,0.611161,nan,nan
97,5,194.999,138.828,21.7204,24.0539,194.999,138.828,21.7204,24.0539,0,0.746108,nan,nan
97,6,547.735,139.19,22.0263,23.0959,547.735,139.19,22.0264,23.0959,0,0.472537,nan,nan
97,7,372.031,138.475,20.9159,23.987,372.031,138.475,20.9159,23.987,0,0.703719,nan,nan
97,8,328.492,137.842,21.9347,24.0073,328.492,137.842,21.9347,24.0073,0,0.752196,nan,nan
97,9,295.955,138.047,19.3239,24.6439,295.955,138.047,19.3239,24.6439,0,0.750825,nan,nan
97,10,112.017,138.03,23.1069,25.0879,112.017,138.03,23.1069,25.0879,0,0.756169,nan,nan
97,11,351.141,138.231,18.17,24.1261,351.141,138.231,18.17,24.1261,0,0.686531,nan,nan
97,12,738.309,139.038,21.5549,23.1425,738.309,139.038,21.5549,23.1425,0,0.69189,nan,nan
97,13,595.857,138.299,26.7171,24.1779,595.857,138.299,26.717,24.1779,0,0.496604,nan,nan
97,14,153.389,139.298,22.3929,23.9526,153.389,139.298,22.3929,23.9526,0,0.637156,nan,nan
97,15,417.179,138.657,18.7747,23.7387,417.179,138.657,18.7748,23.7387,0,0.442913,nan,nan
97,16,707.234,138.811,19.6188,23.9944,707.234,138.811,19.6188,23.9944,0,0.609082,nan,nan
97,17,232.204,138.668,17.523,24.6238,232.204,138.668,17.523,24.6238,0,0.550015,nan,nan
97,18,215.861,138.396,16.3304,25.2237,215.861,138.396,16.3304,25.2237,0,0.524861,nan,nan
97,19,629.1,139.086,23.1612,21.9981,629.1,139.086,23.1611,21.9981,0,0.494868,nan,nan
97,23,649.943,138.991,21.3871,22.5173,649.943,138.991,21.3872,22.5173,0,0.472736,nan,nan
97,26,171.973,138.833,20.8618,24.4429,171.973,138.833,20.8618,24.4429,0,0.369758,nan,nan
97,24,62.0727,135.125,26.8819,30.3002,62.0727,135.125,26.8819,30.3002,0,0.36852,nan,nan
97,20,392.298,137.708,16.4515,26.5995,392.298,137.708,16.4515,26.5995,0,0.304283,nan,nan
98,1,274.348,138.424,19.0122,23.2567,274.348,138.424,19.0122,23.2567,0,0.80973,nan,nan
98,2,254.672,138.611,20.9238,23.3576,254.672,138.611,20.9238,23.3576,0,0.799329,nan,nan
98,3,525.694,139.617,19.5435,23.9852,525.694,139.617,19.5435,23.9852,0,0.569325,nan,nan
98,4,503.975,139.093,22.6246,22.9605,503.975,139.093,22.6246,22.9605,0,0.609552,nan,nan
98,5,195.008,138.795,21.7526,24.1129,195.008,138.795,21.7526,24.1129,0,0.745519,nan,nan
98,6,547.758,139.156,22.1394,22.9647,547.758,139.156,22.1394,22.9647,0,0.47296,nan,nan
98,7,372.06,138.339,21.1847,23.968,372.06,138.339,21.1847,23.968,0,0.70332,nan,nan
98,8,328.492,137.825,21.8926,23.9511,328.492,137.825,21.8926,23.9511,0,0.751746,nan,nan
98,9,295.955,138.007,19.2433,24.609,295.955,138.007,19.2433,24.609,0,0.750187,nan,nan
98,10,111.996,138.01,23.0824,25.1837,111.996,138.01,23.0824,25.1837,0,0.756124,nan,nan
98,11,351.249,138.207,18.2251,23.9254,351.249,138.207,18.2251,23.9254,0,0.68604,nan,nan
98,12,738.312,139.022,21.5765,23.1688,738.312,139.022,21.5765,23.1688,0,0.691602,nan,nan
98,13,595.775,138.276,26.9003,24.3089,595.775,138.276,26.9003,24.3089,0,0.49611,nan,nan
98,14,153.383,139.269,22.4634,24.0033,153.383,139.269,22.4634,24.0033,0,0.636046,nan,nan
98,15,417.206,138.592,18.8218,23.5738,417.206,138.592,18.8218,23.5738,0,0.441472,nan,nan
98,16,707.256,138.795,19.6146,24.008,707.256,138.795,19.6145,24.008,0,0.608982,nan,nan
98,17,232.215,138.657,17.5824,24.6459,232.215,138.657,17.5823,24.6459,0,0.548158,nan,nan
98,18,215.921,138.406,16.1828,25.2176,215.921,138.406,16.1828,25.2176,0,0.522187,nan,nan
98,19,629.097,139.071,23.1929,22.0386,629.097,139.071,23.1929,22.0386,0,0.493465,nan,nan
98,23,649.952,138.975,21.3669,22.5459,649.952,138.975,21.3669,22.5459,0,0.471192,nan,nan
98,26,171.955,138.85,20.9483,24.5005,171.955,138.85,20.9482,24.5005,0,0.367886,nan,nan
98,24,62.1315,135.14,27.2656,30.586,62.1315,135.14,27.2656,30.586,0,0.368126,nan,nan
98,20,392.39,137.715,16.5038,26.3686,392.39,137.715,16.5038,26.3686,0,0.303265,nan,nan
99,1,274.251,138.473,19.0591,23.3677,274.251,138.473,19.0591,23.3677,0,0.79399,nan,nan
99,2,254.63,138.663,20.8543,23.3941,254.63,138.663,20.8543,23.3941,0,0.77302,nan,nan
99,3,525.796,139.654,19.1666,24.3998,525.796,139.654,19.1665,24.3998,0,0.607965,nan,nan
99,4,503.972,139.441,23.1739,23.8362,503.972,139.441,23.174,23.8362,0,0.477674,nan,nan
99,5,195.007,138.764,21.8307,24.0021,195.007,138.764,21.8307,24.0021,0,0.747883,nan,nan
99,6,547.749,139.156,22.2382,23.355,547.749,139.156,22.2382,23.355,0,0.533687,nan,nan
99,7,371.995,138.235,21.3628,24.1158,371.995,138.235,21.3628,24.1158,0,0.656178,nan,nan
99,8,328.519,137.799,21.9551,24.0766,328.519,137.799,21.9551,24.0766,0,0.72226,nan,nan
99,9,295.977,137.985,19.3743,24.8029,295.977,137.985,19.3743,24.8029,0,0.72452,nan,nan
99,10,112.122,137.982,23.4333,25.225,112.122,137.982,23.4333,25.225,0,0.708853,nan,nan
99,11,351.06,138.235,18.2068,24.1085,351.06,138.235,18.2068,24.1085,0,0.645286,nan,nan
99,12,738.292,139.055,21.5942,23.1746,738.292,139.055,21.5942,23.1746,0,0.670995,nan,nan
99,13,595.135,138.307,27.6405,24.1265,595.135,138.307,27.6405,24.1265,0,0.462729,nan,nan
99,14,153.455,139.21,22.6341,23.989,153.455,139.21,22.6341,23.989,0,0.614503,nan,nan
99,15,417.308,138.441,19.1124,23.9946,417.308,138.441,19.1124,23.9946,0,0.386176,nan,nan
99,16,707.193,138.824,19.7449,24.0051,707.193,138.824,19.7449,24.0051,0,0.591798,nan,nan
99,17,232.191,138.636,17.8917,25.0861,232.191,138.636,17.8917,25.0861,0,0.565163,nan,nan
99,18,215.893,138.427,16.1529,25.1814,215.893,138.427,16.1529,25.1814,0,0.528179,nan,nan
99,19,629.159,139.074,23.2668,22.017,629.159,139.074,23.2668,22.017,0,0.520902,nan,nan
99,23,649.962,138.982,21.5302,22.5365,649.962,138.982,21.5302,22.5365,0,0.545103,nan,nan
99,26,171.714,138.803,21.3857,24.2937,171.714,138.803,21.3857,24.2937,0,0.345344,nan,nan
99,24,61.8492,135.227,26.3597,29.9987,61.8492,135.227,26.3597,29.9987,0,0.306297,nan,nan
99,20,392.304,137.524,16.5516,26.6794,392.304,137.524,16.5516,26.6794,0,0.274453,nan,nan
100,1,274.214,138.475,19.0757,23.4072,274.214,138.475,19.0757,23.4072,0,0.794176,nan,nan
100,2,254.614,138.666,20.8275,23.4056,254.614,138.666,20.8275,23.4056,0,0.773337,nan,nan
100,3,525.836,139.654,19.019,24.5508,525.836,139.654,19.019,24.5508,0,0.609504,nan,nan
100,4,503.97,139.554,23.3763,24.1572,503.97,139.554,23.3763,24.1572,0,0.478818,nan,nan
100,5,195.005,138.735,21.8569,23.955,195.005,138.735,21.8569,23.955,0,0.748377,nan,nan
100,6,547.745,139.14,22.276,23.5002,547.745,139.14,22.276,23.5002,0,0.534298,nan,nan
100,7,371.97,138.179,21.4261,24.1671,371.97,138.179,21.4261,24.1671,0,0.657086,nan,nan
100,8,328.529,137.772,21.9768,24.117,328.529,137.772,21.9768,24.117,0,0.722353,nan,nan
100,9,295.983,137.961,19.419,24.8689,295.983,137.961,19.4191,24.8689,0,0.724919,nan,nan
100,10,112.167,137.953,23.5641,25.2371,112.167,137.953,23.5641,25.2371,0,0.709245,nan,nan
100,11,350.987,138.229,18.1981,24.1697,350.987,138.229,18.1981,24.1697,0,0.645173,nan,nan
100,12,738.287,139.052,21.5991,23.178,738.287,139.052,21.5991,23.178,0,0.671737,nan,nan
100,13,594.894,138.301,27.9212,24.0588,594.894,138.301,27.9211,24.0588,0,0.462789,nan,nan
100,14,153.482,139.17,22.6987,23.9811,153.482,139.17,22.6987,23.9811,0,0.614779,nan,nan
100,15,417.345,138.367,19.219,24.1476,417.345,138.367,19.219,24.1476,0,0.388562,nan,nan
100,16,707.171,138.82,19.7894,24.006,707.171,138.82,19.7894,24.006,0,0.593473,nan,nan
100,17,232.184,138.611,18.0073,25.2452,232.184,138.611,18.0073,25.2452,0,0.566755,nan,nan
100,18,215.877,138.418,16.144,25.1614,215.877,138.418,16.144,25.1614,0,0.529402,nan,nan
100,19,629.18,139.058,23.2927,22.0063,629.18,139.058,23.2927,22.0063,0,0.520995,nan,nan
100,23,649.965,138.967,21.585,22.5313,649.965,138.967,21.585,22.5313,0,0.546661,nan,nan
100,26,171.618,138.767,21.5481,24.2131,171.618,138.767,21.5481,24.2131,0,0.346609,nan,nan
100,24,61.7367,135.241,26.002,29.7673,61.7367,135.241,26.002,29.7673,0,0.307158,nan,nan
100,20,392.269,137.434,16.5688,26.7897,392.269,137.434,16.5688,26.7897,0,0.276534,nan,nan
101,1,274.313,138.453,19.0806,23.5213,274.313,138.453,19.0806,23.5213,0,0.793298,nan,nan
101,2,254.708,138.734,21.014,23.6187,254.708,138.734,21.014,23.6187,0,0.779077,nan,nan
101,3,525.948,139.474,18.7906,24.0837,525.948,139.474,18.7905,24.0837,0,0.724116,nan,nan
101,4,503.91,139.242,22.6591,23.7717,503.91,139.242,22.6592,23.7717,0,0.684809,nan,nan
101,5,195.004,138.71,21.8638,23.8106,195.004,138.71,21.8638,23.8106,0,0.737245,nan,nan
101,6,547.678,139.136,22.1733,23.2848,547.678,139.136,22.1733,23.2848,0,0.651231,nan,nan
101,7,372.031,138.136,21.4004,24.2397,372.031,138.136,21.4004,24.2397,0,0.65523,nan,nan
101,8,328.572,137.738,21.9857,24.0711,328.572,137.738,21.9857,24.0711,0,0.722899,nan,nan
101,9,295.985,137.916,19.4461,24.8762,295.985,137.916,19.446,24.8762,0,0.722135,nan,nan
101,10,112.192,137.913,23.8113,24.9778,112.192,137.913,23.8113,24.9778,0,0.667184,nan,nan
101,11,350.999,138.237,18.1172,24.1368,350.999,138.237,18.1172,24.1368,0,0.635582,nan,nan
101,12,738.276,139.073,21.5038,23.1179,738.276,139.073,21.5039,23.1179,0,0.702533,nan,nan
101,13,595.139,138.371,27.9214,23.8866,595.139,138.371,27.9214,23.8866,0,0.567887,nan,nan
101,14,153.779,138.988,23.3172,23.731,153.779,138.988,23.3172,23.731,0,0.630196,nan,nan
101,15,417.346,138.395,19.2035,24.3398,417.346,138.395,19.2035,24.3398,0,0.464829,nan,nan
101,16,707.096,138.85,19.8058,23.9576,707.096,138.85,19.8058,23.9576,0,0.642557,nan,nan
101,17,232.32,138.645,17.8069,25.0721,232.32,138.645,17.8069,25.0721,0,0.571618,nan,nan
101,18,215.825,138.412,16.1579,25.1337,215.825,138.412,16.1579,25.1337,0,0.526395,nan,nan
101,19,629.227,139.062,23.3851,21.8882,629.227,139.062,23.3851,21.8882,0,0.554393,nan,nan
101,23,649.971,138.986,21.5474,22.4751,649.971,138.986,21.5474,22.4751,0,0.593886,nan,nan
101,26,171.689,138.723,21.7364,23.9698,171.689,138.723,21.7364,23.9698,0,0.360476,nan,nan
101,20,392.002,137.275,16.3517,27.0457,392.002,137.275,16.3517,27.0457,0,0.337267,nan,nan
101,22,770.473,138.711,22.9491,23.3637,770.473,138.711,22.9491,23.3637,0,0.303596,nan,nan
102,1,274.346,138.436,19.0853,23.5642,274.346,138.436,19.0853,23.5642,0,0.793092,nan,nan
102,2,254.739,138.751,21.0871,23.6988,254.739,138.751,21.0871,23.6988,0,0.778901,nan,nan
102,3,525.987,139.401,18.7069,23.9067,525.987,139.401,18.7069,23.9067,0,0.723865,nan,nan
102,4,503.883,139.114,22.3754,23.6225,503.883,139.114,22.3754,23.6225,0,0.684291,nan,nan
102,5,194.999,138.693,21.8706,23.757,194.999,138.693,21.8706,23.757,0,0.736925,nan,nan
102,6,547.65,139.129,22.1312,23.2009,547.65,139.129,22.1312,23.2009,0,0.651331,nan,nan
102,7,372.053,138.113,21.3869,24.2685,372.053,138.113,21.3868,24.2685,0,0.653868,nan,nan
102,8,328.586,137.717,21.9903,24.0575,328.586,137.717,21.9904,24.0575,0,0.72253,nan,nan
102,9,295.982,137.891,19.457,24.882,295.982,137.891,19.457,24.882,0,0.721307,nan,nan
102,10,112.198,137.889,23.9113,24.8813,112.198,137.889,23.9113,24.8813,0,0.666339,nan,nan
102,11,351.004,138.234,18.0879,24.1257,351.004,138.234,18.0879,24.1257,0,0.63509,nan,nan
102,12,738.268,139.074,21.4627,23.0943,738.268,139.074,21.4626,23.0943,0,0.703419,nan,nan
102,13,595.241,138.39,27.9003,23.8213,595.241,138.39,27.9004,23.8213,0,0.568585,nan,nan
102,14,153.887,138.911,23.5535,23.6359,153.887,138.911,23.5535,23.6359,0,0.629586,nan,nan
102,15,417.343,138.398,19.1946,24.4096,417.343,138.398,19.1946,24.4095,0,0.463317,nan,nan
102,16,707.066,138.855,19.8116,23.9391,707.066,138.855,19.8116,23.9391,0,0.643472,nan,nan
102,17,232.369,138.65,17.732,25.0017,232.369,138.65,17.732,25.0017,0,0.571056,nan,nan
102,18,215.804,138.401,16.1695,25.1224,215.804,138.401,16.1695,25.1224,0,0.525427,nan,nan
102,19,629.239,139.056,23.4136,21.8423,629.239,139.056,23.4136,21.8423,0,0.555538,nan,nan
102,23,649.972,138.987,21.5306,22.4517,649.972,138.987,21.5305,22.4517,0,0.595558,nan,nan
102,26,171.709,138.698,21.8158,23.8783,171.709,138.698,21.8157,23.8783,0,0.35918,nan,nan
102,20,391.897,137.207,16.2686,27.1393,391.897,137.207,16.2686,27.1393,0,0.335655,nan,nan
102,22,770.472,138.711,22.9412,23.3589,770.472,138.711,22.9412,23.3589,0,0.307709,nan,nan
103,1,274.263,138.488,18.9071,23.6261,274.263,138.488,18.9071,23.6261,0,0.792255,nan,nan
103,2,254.701,138.771,20.9417,23.7156,254.701,138.771,20.9417,23.7156,0,0.785442,nan,nan
103,3,525.694,139.535,18.9368,24.2558,525.694,139.535,18.9368,24.2558,0,0.695122,nan,nan
103,4,503.933,139.13,22.284,23.6656,503.933,139.13,22.2841,23.6656,0,0.670516,nan,nan
103,5,195.032,138.683,21.7036,23.632,195.032,138.683,21.7036,23.632,0,0.744858,nan,nan
103,6,547.67,139.117,22.1706,23.1914,547.67,139.117,22.1707,23.1914,0,0.62596,nan,nan
103,7,372.107,138.038,21.5217,24.016,372.107,138.038,21.5217,24.016,0,0.732736,nan,nan
103,8,328.621,137.728,21.9196,23.9839,328.621,137.728,21.9196,23.9839,0,0.743356,nan,nan
103,9,295.936,137.96,19.3486,24.9274,295.936,137.96,19.3486,24.9274,0,0.733123,nan,nan
103,10,112.159,137.923,23.6153,24.6703,112.159,137.923,23.6153,24.6703,0,0.669536,nan,nan
103,11,351.323,138.142,18.2411,23.7541,351.323,138.142,18.2411,23.7541,0,0.682918,nan,nan
103,12,738.292,139.084,21.431,23.0532,738.292,139.084,21.431,23.0532,0,0.691431,nan,nan
103,13,595.542,138.371,27.2294,23.7994,595.542,138.371,27.2294,23.7994,0,0.598707,nan,nan
103,14,153.862,138.892,23.3708,23.6245,153.862,138.892,23.3708,23.6245,0,0.661485,nan,nan
103,15,417.317,138.184,19.5089,24.5192,417.317,138.184,19.5089,24.5192,0,0.552096,nan,nan
103,16,707.094,138.854,19.6979,23.8882,707.094,138.854,19.6979,23.8882,0,0.637895,nan,nan
103,17,232.292,138.699,17.8188,25.1311,232.292,138.699,17.8188,25.1311,0,0.59978,nan,nan
103,18,215.676,138.406,16.0504,25.0024,215.676,138.406,16.0504,25.0024,0,0.55586,nan,nan
103,19,629.098,139.061,23.2195,21.8822,629.098,139.061,23.2195,21.8822,0,0.597625,nan,nan
103,23,649.986,139.004,21.3042,22.4626,649.986,139.004,21.3042,22.4626,0,0.6594,nan,nan
103,26,171.879,138.691,21.6642,23.8598,171.879,138.691,21.6642,23.8598,0,0.430637,nan,nan
103,20,391.829,137.237,16.1833,26.6496,391.829,137.237,16.1833,26.6496,0,0.439823,nan,nan
103,22,770.525,138.73,23.0221,23.3331,770.525,138.73,23.0221,23.3331,0,0.275946,nan,nan
103,60,846.132,137.581,25.1119,25.667,846.132,137.581,25.1119,25.667,0,0.314533,nan,nan
103,24,61.8342,135.145,26.9643,30.5233,61.8342,135.145,26.9643,30.5233,0,0.290267,nan,nan
104,1,274.227,138.502,18.8449,23.6472,274.227,138.502,18.8448,23.6472,0,0.792702,nan,nan
104,2,254.683,138.771,20.8892,23.7195,254.683,138.771,20.8892,23.7195,0,0.785314,nan,nan
104,3,525.598,139.556,18.9837,24.3397,525.598,139.556,18.9836,24.3397,0,0.692937,nan,nan
104,4,503.936,139.128,22.221,23.6737,503.936,139.128,22.221,23.6737,0,0.672632,nan,nan
104,5,195.044,138.676,21.6376,23.5861,195.044,138.676,21.6376,23.5861,0,0.745162,nan,nan
104,6,547.667,139.105,22.1755,23.1877,547.667,139.105,22.1755,23.1877,0,0.628096,nan,nan
104,7,372.118,138.008,21.563,23.9072,372.118,138.008,21.563,23.9072,0,0.735883,nan,nan
104,8,328.633,137.732,21.9142,23.9537,328.633,137.732,21.9142,23.9537,0,0.744167,nan,nan
104,9,295.909,137.976,19.3265,24.968,295.909,137.976,19.3265,24.968,0,0.736151,nan,nan
104,10,112.141,137.931,23.5008,24.5898,112.141,137.931,23.5008,24.5898,0,0.669919,nan,nan
104,11,351.447,138.102,18.3032,23.6034,351.447,138.102,18.3032,23.6034,0,0.68305,nan,nan
104,12,738.298,139.083,21.4219,23.0429,738.298,139.083,21.4219,23.0428,0,0.691725,nan,nan
104,13,595.669,138.36,26.9241,23.7926,595.669,138.36,26.9241,23.7926,0,0.602381,nan,nan
104,14,153.844,138.881,23.2894,23.6215,153.844,138.881,23.2894,23.6215,0,0.662917,nan,nan
104,15,417.301,138.101,19.6325,24.5481,417.301,138.101,19.6325,24.5481,0,0.558358,nan,nan
104,16,707.098,138.849,19.6675,23.8762,707.098,138.849,19.6675,23.8762,0,0.638813,nan,nan
104,17,232.259,138.713,17.8475,25.1772,232.259,138.713,17.8475,25.1772,0,0.599971,nan,nan
104,18,215.628,138.405,16.0059,24.9545,215.628,138.405,16.0059,24.9545,0,0.556038,nan,nan
104,19,629.071,139.059,23.2026,21.8951,629.071,139.059,23.2026,21.8951,0,0.587821,nan,nan
104,23,649.978,139.001,21.2743,22.4721,649.978,139.001,21.2743,22.4721,0,0.649687,nan,nan
104,26,171.941,138.686,21.5987,23.8554,171.941,138.686,21.5988,23.8554,0,0.432318,nan,nan
104,20,391.765,137.229,16.0894,26.4639,391.765,137.229,16.0894,26.4639,0,0.441015,nan,nan
104,22,770.549,138.733,23.0656,23.3307,770.549,138.733,23.0657,23.3307,0,0.277127,nan,nan
104,60,846.121,137.577,25.1163,25.678,846.121,137.577,25.1162,25.678,0,0.312134,nan,nan
104,24,61.8581,135.127,27.1124,30.6393,61.8581,135.127,27.1124,30.6393,0,0.291417,nan,nan
105,1,274.341,138.538,19.0082,23.7597,274.341,138.538,19.0082,23.7597,0,0.78503,nan,nan
105,2,254.647,138.768,20.914,23.7297,254.647,138.768,20.914,23.7297,0,0.776869,nan,nan
105,3,525.551,139.429,19.1431,24.0735,525.551,139.429,19.1431,24.0735,0,0.67528,nan,nan
105,4,503.981,139.09,22.6462,23.529,503.981,139.09,22.6462,23.529,0,0.623552,nan,nan
105,5,195.035,138.675,21.7707,23.7306,195.035,138.675,21.7707,23.7306,0,0.725817,nan,nan
105,6,547.621,139.066,22.1386,23.123,547.621,139.066,22.1387,23.123,0,0.638783,nan,nan
105,7,372.16,138.028,21.8982,23.8779,372.16,138.028,21.8982,23.8779,0,0.683682,nan,nan
105,8,328.658,137.732,22.0384,24.0076,328.658,137.732,22.0383,24.0076,0,0.730574,nan,nan
105,9,296.021,138.024,19.4829,25.0102,296.021,138.024,19.4829,25.0102,0,0.718138,nan,nan
105,10,112.093,137.923,23.4403,24.8286,112.093,137.923,23.4403,24.8286,0,0.659061,nan,nan
105,11,351.131,138.174,18.326,23.7255,351.131,138.174,18.326,23.7255,0,0.646003,nan,nan
105,12,738.291,139.105,21.4313,23.0524,738.291,139.105,21.4314,23.0524,0,0.671532,nan,nan
105,13,595.98,138.38,26.3044,23.8255,595.98,138.38,26.3044,23.8255,0,0.642008,nan,nan
105,14,153.883,138.884,23.4648,23.8622,153.883,138.884,23.4648,23.8622,0,0.59698,nan,nan
105,15,417.295,138.064,19.5948,24.3173,417.295,138.064,19.5948,24.3173,0,0.454603,nan,nan
105,16,707.057,138.878,19.7419,23.8877,707.057,138.878,19.7419,23.8877,0,0.618971,nan,nan
105,17,232.403,138.707,17.8054,25.041,232.403,138.707,17.8054,25.041,0,0.580114,nan,nan
105,18,215.643,138.348,16.2451,25.1376,215.643,138.348,16.2451,25.1376,0,0.529916,nan,nan
105,19,629.042,139.081,23.2018,21.9317,629.042,139.081,23.2019,21.9317,0,0.597703,nan,nan
105,23,649.994,139.019,21.3047,22.4967,649.994,139.019,21.3047,22.4967,0,0.651649,nan,nan
105,26,171.858,138.701,21.9108,24.1178,171.858,138.701,21.9108,24.1178,0,0.376188,nan,nan
105,20,391.631,137.354,16.1976,25.9238,391.631,137.354,16.1976,25.9238,0,0.301494,nan,nan
105,60,846.122,137.587,25.1236,25.6733,846.122,137.587,25.1235,25.6733,0,0.313596,nan,nan
105,24,61.8857,135.123,26.385,30.1627,61.8857,135.123,26.385,30.1627,0,0.335852,nan,nan
105,27,569.968,138.956,19.7677,24.1424,569.968,138.956,19.7677,24.1424,0,0.305603,nan,nan
105,21,468.883,135.192,21.3542,31.8324,468.883,135.192,21.3542,31.8324,0,0.250701,nan,nan
106,1,274.382,138.541,19.0682,23.7987,274.382,138.541,19.0682,23.7987,0,0.785523,nan,nan
106,2,254.632,138.755,20.9218,23.7312,254.632,138.755,20.9218,23.7312,0,0.777473,nan,nan
106,3,525.53,139.37,19.2064,23.9757,525.53,139.37,19.2063,23.9757,0,0.673842,nan,nan
106,4,503.998,139.064,22.8073,23.4727,503.998,139.064,22.8074,23.4727,0,0.621418,nan,nan
106,5,195.033,138.662,21.8133,23.7815,195.033,138.662,21.8133,23.7815,0,0.727006,nan,nan
106,6,547.603,139.042,22.127,23.0988,547.603,139.042,22.127,23.0988,0,0.63673,nan,nan
106,7,372.173,138.027,22.0244,23.863,372.173,138.027,22.0244,23.863,0,0.684971,nan,nan
106,8,328.669,137.727,22.0978,24.017,328.669,137.727,22.0978,24.017,0,0.731094,nan,nan
106,9,296.062,138.031,19.5402,25.0211,296.062,138.031,19.5402,25.0211,0,0.718789,nan,nan
106,10,112.07,137.91,23.4118,24.9127,112.07,137.91,23.4118,24.9127,0,0.66219,nan,nan
106,11,351.009,138.19,18.334,23.7662,351.009,138.19,18.334,23.7662,0,0.646089,nan,nan
106,12,738.29,139.103,21.4323,23.0568,738.29,139.103,21.4323,23.0568,0,0.671082,nan,nan
106,13,596.109,138.379,26.0336,23.8352,596.109,138.379,26.0337,23.8352,0,0.641253,nan,nan
106,14,153.893,138.874,23.525,23.9478,153.893,138.874,23.525,23.9478,0,0.600198,nan,nan
106,15,417.29,138.042,19.5812,24.2296,417.29,138.042,19.5812,24.2296,0,0.453616,nan,nan
106,16,707.042,138.88,19.7641,23.8928,707.042,138.88,19.7642,23.8928,0,0.619077,nan,nan
106,17,232.457,138.696,17.7886,24.9841,232.457,138.696,17.7886,24.9841,0,0.58191,nan,nan
106,18,215.643,138.317,16.3332,25.2025,215.643,138.317,16.3332,25.2025,0,0.532136,nan,nan
106,19,629.04,139.082,23.2117,21.9394,629.04,139.082,23.2117,21.9395,0,0.595749,nan,nan
106,23,649.996,139.016,21.3231,22.5039,649.996,139.016,21.323,22.5039,0,0.650555,nan,nan
106,26,171.838,138.693,22.0128,24.2111,171.838,138.693,22.0128,24.2111,0,0.378545,nan,nan
106,20,391.58,137.394,16.2439,25.7176,391.58,137.394,16.2439,25.7176,0,0.301785,nan,nan
106,60,846.13,137.584,25.1165,25.6625,846.13,137.584,25.1165,25.6625,0,0.311919,nan,nan
106,24,61.8993,135.109,26.1054,29.9758,61.8993,135.109,26.1054,29.9758,0,0.338153,nan,nan
106,27,569.962,138.949,19.7504,24.1525,569.962,138.949,19.7505,24.1525,0,0.304718,nan,nan
107,1,274.37,138.532,19.0178,23.8749,274.37,138.532,19.0178,23.8749,0,0.783632,nan,nan
107,2,254.613,138.741,20.8651,23.8162,254.613,138.741,20.8651,23.8162,0,0.779754,nan,nan
107,3,525.585,139.72,19.143,24.7369,525.585,139.72,19.1431,24.7369,0,0.708751,nan,nan
107,4,504.052,139.237,22.6487,24.0171,504.052,139.237,22.6487,24.0171,0,0.669925,nan,nan
107,5,195.049,138.624,21.7964,23.9236,195.049,138.624,21.7964,23.9236,0,0.744509,nan,nan
107,6,547.547,139.149,21.9207,23.2198,547.547,139.149,21.9207,23.2198,0,0.650855,nan,nan
107,7,372.154,138.11,21.8953,23.8107,372.154,138.11,21.8953,23.8107,0,0.680137,nan,nan
107,8,328.647,137.694,22.2883,24.2215,328.647,137.694,22.2883,24.2215,0,0.714633,nan,nan
107,9,295.939,137.996,19.5709,25.3381,295.939,137.996,19.5709,25.3381,0,0.729204,nan,nan
107,10,112.05,137.888,23.2862,25.0385,112.05,137.888,23.2862,25.0385,0,0.715245,nan,nan
107,11,351.037,138.231,18.4291,23.841,351.037,138.231,18.4291,23.841,0,0.647097,nan,nan
107,12,738.307,139.127,21.4302,23.0145,738.307,139.127,21.4302,23.0145,0,0.62795,nan,nan
107,13,596.191,138.363,25.8536,24.0442,596.191,138.363,25.8536,24.0442,0,0.628708,nan,nan
107,14,153.941,138.873,23.6349,24.0362,153.941,138.873,23.6349,24.0362,0,0.625808,nan,nan
107,15,417.356,138.045,19.8878,24.4352,417.356,138.045,19.8878,24.4352,0,0.461578,nan,nan
107,16,707.064,138.91,19.7524,23.8233,707.064,138.91,19.7524,23.8233,0,0.575946,nan,nan
107,17,232.314,138.654,17.8688,25.3152,232.314,138.654,17.8688,25.3152,0,0.603556,nan,nan
107,18,215.708,138.28,16.3928,25.3075,215.708,138.28,16.3928,25.3076,0,0.546049,nan,nan
107,19,629.031,139.085,23.1584,21.9913,629.031,139.085,23.1584,21.9913,0,0.591564,nan,nan
107,23,650.016,139.027,21.3576,22.5269,650.016,139.027,21.3577,22.5269,0,0.631663,nan,nan
107,26,171.748,138.684,21.7742,24.3389,171.748,138.684,21.7742,24.3389,0,0.376174,nan,nan
107,20,391.735,137.493,16.4778,25.6687,391.735,137.493,16.4778,25.6687,0,0.339147,nan,nan
107,60,846.177,137.636,24.9861,25.4973,846.177,137.636,24.9861,25.4973,0,0.319366,nan,nan
107,24,61.8187,135.086,26.6121,30.5194,61.8187,135.086,26.6121,30.5194,0,0.466968,nan,nan
107,27,570.191,138.993,19.637,24.5563,570.191,138.993,19.637,24.5563,0,0.280959,nan,nan
107,21,469.18,135.194,21.4748,31.9239,469.18,135.194,21.4748,31.9239,0,0.251883,nan,nan
108,1,274.361,138.515,18.9966,23.9001,274.361,138.515,18.9966,23.9001,0,0.783773,nan,nan
108,2,254.601,138.721,20.8381,23.8443,254.601,138.721,20.8381,23.8444,0,0.779906,nan,nan
108,3,525.607,139.833,19.1178,25.004,525.607,139.833,19.1178,25.004,0,0.706445,nan,nan
108,4,504.077,139.291,22.6136,24.21,504.077,139.291,22.6136,24.21,0,0.666647,nan,nan
108,5,195.052,138.598,21.7777,23.9751,195.052,138.598,21.7777,23.9751,0,0.744963,nan,nan
108,6,547.524,139.177,21.8471,23.263,547.524,139.177,21.8472,23.263,0,0.650087,nan,nan
108,7,372.143,138.129,21.8423,23.7915,372.143,138.129,21.8423,23.7915,0,0.680462,nan,nan
108,8,328.634,137.67,22.3565,24.2939,328.634,137.67,22.3564,24.2939,0,0.714975,nan,nan
108,9,295.888,137.97,19.5807,25.4516,295.888,137.97,19.5807,25.4516,0,0.729561,nan,nan
108,10,112.04,137.87,23.232,25.0783,112.04,137.87,23.232,25.0783,0,0.715943,nan,nan
108,11,351.043,138.235,18.4618,23.8679,351.043,138.235,18.4618,23.8679,0,0.646849,nan,nan
108,12,738.31,139.124,21.4346,22.9955,738.31,139.124,21.4346,22.9955,0,0.627882,nan,nan
108,13,596.209,138.343,25.8058,24.1324,596.209,138.343,25.8059,24.1324,0,0.629131,nan,nan
108,14,153.948,138.861,23.6604,24.0645,153.948,138.861,23.6604,24.0645,0,0.627568,nan,nan
108,15,417.377,138.034,19.9999,24.5127,417.377,138.034,19.9999,24.5127,0,0.461526,nan,nan
108,16,707.07,138.908,19.752,23.7978,707.07,138.908,19.752,23.7978,0,0.575816,nan,nan
108,17,232.26,138.628,17.8885,25.4339,232.26,138.628,17.8885,25.4339,0,0.605264,nan,nan
108,18,215.722,138.257,16.4115,25.3458,215.722,138.257,16.4115,25.3458,0,0.548228,nan,nan
108,19,629.033,139.074,23.1501,22.0125,629.033,139.074,23.1501,22.0125,0,0.590227,nan,nan
108,23,650.018,139.018,21.3773,22.5369,650.018,139.018,21.3773,22.5369,0,0.628842,nan,nan
108,26,171.732,138.667,21.6532,24.3835,171.732,138.667,21.6532,24.3835,0,0.37793,nan,nan
108,20,391.793,137.518,16.5662,25.6537,391.793,137.518,16.5662,25.6537,0,0.33964,nan,nan
108,60,846.189,137.64,24.9476,25.4485,846.189,137.64,24.9475,25.4485,0,0.318622,nan,nan
108,24,61.7938,135.065,26.8171,30.7182,61.7938,135.065,26.8171,30.7182,0,0.466373,nan,nan
108,27,570.284,138.996,19.5974,24.7007,570.284,138.996,19.5974,24.7007,0,0.277827,nan,nan
108,21,469.242,135.191,21.4905,31.9521,469.242,135.191,21.4905,31.9521,0,0.250619,nan,nan
109,1,274.348,138.506,19.1494,23.8743,274.348,138.506,19.1494,23.8743,0,0.769646,nan,nan
109,2,254.614,138.709,20.878,23.7674,254.614,138.709,20.878,23.7674,0,0.773449,nan,nan
109,3,525.608,139.995,19.169,24.907,525.608,139.995,19.1689,24.907,0,0.750322,nan,nan
109,4,504.048,139.383,22.3613,24.0458,504.048,139.383,22.3613,24.0458,0,0.716691,nan,nan
109,5,195.112,138.632,21.7971,24.0315,195.112,138.632,21.7971,24.0315,0,0.74898,nan,nan
109,6,547.51,139.247,21.9776,23.1233,547.51,139.247,21.9775,23.1233,0,0.659893,nan,nan
109,7,372.141,138.142,22.0251,23.7775,372.141,138.142,22.025,23.7775,0,0.593461,nan,nan
109,8,328.866,137.737,22.2784,24.0857,328.866,137.737,22.2784,24.0857,0,0.656887,nan,nan
109,9,296.013,137.99,19.6956,25.5073,296.013,137.99,19.6956,25.5073,0,0.69483,nan,nan
109,10,112.036,137.888,23.2883,24.9974,112.036,137.888,23.2883,24.9974,0,0.727334,nan,nan
109,11,351.105,138.262,18.5189,23.8479,351.105,138.262,18.5189,23.8479,0,0.589802,nan,nan
109,12,738.342,139.121,21.431,22.9619,738.342,139.121,21.431,22.9619,0,0.625167,nan,nan
109,13,596.178,138.363,25.9427,24.2073,596.178,138.363,25.9427,24.2073,0,0.594125,nan,nan
109,14,153.968,138.874,23.6961,23.9447,153.968,138.874,23.6961,23.9447,0,0.651126,nan,nan
109,15,417.496,138.028,20.2312,24.3335,417.496,138.028,20.2312,24.3335,0,0.360181,nan,nan
109,16,707.146,138.91,19.6525,23.7527,707.146,138.91,19.6526,23.7527,0,0.547893,nan,nan
109,17,232.283,138.636,17.926,25.3628,232.283,138.636,17.926,25.3628,0,0.612912,nan,nan
109,18,215.755,138.252,16.5768,25.361,215.755,138.252,16.5768,25.361,0,0.551059,nan,nan
109,19,629.047,139.07,23.1498,22.0375,629.047,139.07,23.1499,22.0375,0,0.566534,nan,nan
109,23,650.039,139.024,21.3655,22.5375,650.039,139.024,21.3655,22.5375,0,0.612877,nan,nan
109,26,171.918,138.666,21.6464,24.3706,171.918,138.666,21.6464,24.3706,0,0.409846,nan,nan
109,60,846.258,137.672,24.7775,25.2959,846.258,137.672,24.7776,25.2959,0,0.360368,nan,nan
109,24,61.8331,135.06,26.9443,30.7851,61.8331,135.06,26.9443,30.7851,0,0.496654,nan,nan
110,1,274.339,138.491,19.212,23.8645,274.339,138.491,19.212,23.8645,0,0.769774,nan,nan
110,2,254.616,138.693,20.8982,23.7387,254.616,138.693,20.8982,23.7387,0,0.7734,nan,nan
110,3,525.609,140.042,19.1894,24.854,525.609,140.042,19.1895,24.8541,0,0.74911,nan,nan
110,4,504.037,139.408,22.2878,23.9691,504.037,139.408,22.2878,23.9691,0,0.714268,nan,nan
110,5,195.13,138.633,21.8122,24.058,195.13,138.633,21.8122,24.058,0,0.748641,nan,nan
110,6,547.503,139.264,22.0319,23.0666,547.503,139.264,22.032,23.0666,0,0.658551,nan,nan
110,7,372.138,138.137,22.1006,23.7752,372.138,138.137,22.1006,23.7752,0,0.590986,nan,nan
110,8,328.952,137.752,22.249,24.0059,328.952,137.752,22.249,24.0059,0,0.656897,nan,nan
110,9,296.057,137.985,19.7443,25.5292,296.057,137.985,19.7443,25.5292,0,0.695142,nan,nan
110,10,112.032,137.881,23.3151,24.9727,112.032,137.881,23.3151,24.9727,0,0.72621,nan,nan
110,11,351.126,138.261,18.547,23.842,351.126,138.261,18.547,23.842,0,0.588989,nan,nan
110,12,738.352,139.111,21.4301,22.9499,738.352,139.111,21.4302,22.9499,0,0.625634,nan,nan
110,13,596.17,138.361,25.984,24.231,596.17,138.361,25.984,24.231,0,0.594472,nan,nan
110,14,153.973,138.867,23.7139,23.9054,153.973,138.867,23.7139,23.9054,0,0.649425,nan,nan
110,15,417.539,138.016,20.3231,24.2658,417.539,138.016,20.3231,24.2658,0,0.355665,nan,nan
110,16,707.173,138.902,19.6174,23.7366,707.173,138.902,19.6174,23.7366,0,0.547975,nan,nan
110,17,232.287,138.627,17.9434,25.3385,232.287,138.627,17.9434,25.3385,0,0.612447,nan,nan
110,18,215.772,138.238,16.6414,25.3704,215.772,138.238,16.6414,25.3704,0,0.550097,nan,nan
110,19,629.048,139.059,23.1455,22.0459,629.048,139.059,23.1455,22.0459,0,0.567802,nan,nan
110,23,650.043,139.017,21.3668,22.5389,650.043,139.017,21.3668,22.5389,0,0.615086,nan,nan
110,26,171.977,138.655,21.6553,24.3698,171.977,138.655,21.6553,24.3698,0,0.406964,nan,nan
110,60,846.28,137.671,24.722,25.246,846.28,137.671,24.722,25.246,0,0.359666,nan,nan
110,24,61.8441,135.048,26.9927,30.8109,61.8441,135.048,26.9927,30.8109,0,0.493467,nan,nan
111,1,274.335,138.491,19.2523,23.9474,274.335,138.491,19.2523,23.9474,0,0.773152,nan,nan
111,2,254.608,138.684,20.9479,23.8103,254.608,138.684,20.9479,23.8102,0,0.77194,nan,nan
111,3,525.573,140.043,19.2446,25.1327,525.573,140.043,19.2446,25.1327,0,0.741261,nan,nan
111,4,504.001,139.309,22.33,23.9827,504.001,139.309,22.33,23.9827,0,0.660099,nan,nan
111,5,195.189,138.658,21.8961,23.9779,195.189,138.658,21.8961,23.9779,0,0.748137,nan,nan
111,6,547.488,139.244,22.2065,23.2974,547.488,139.244,22.2065,23.2974,0,0.631184,nan,nan
111,7,372.171,138.149,22.1673,24.1171,372.171,138.149,22.1672,24.1171,0,0.542051,nan,nan
111,8,328.842,137.814,22.3646,24.3303,328.842,137.814,22.3646,24.3303,0,0.668624,nan,nan
111,9,296.056,137.975,19.7016,25.7637,296.056,137.975,19.7017,25.7637,0,0.70124,nan,nan
111,10,111.959,137.951,23.413,24.8695,111.959,137.951,23.413,24.8695,0,0.737214,nan,nan
111,11,351.268,138.291,18.6078,24.1913,351.268,138.291,18.6078,24.1913,0,0.604532,nan,nan
111,12,738.337,139.12,21.444,22.9779,738.337,139.12,21.4441,22.9779,0,0.64066,nan,nan
111,13,596.099,138.335,26.2224,24.4282,596.099,138.335,26.2224,24.4282,0,0.583766,nan,nan
111,14,154.047,138.813,23.874,23.6484,154.047,138.813,23.874,23.6484,0,0.655031,nan,nan
111,15,417.348,138.238,19.9513,24.2733,417.348,138.238,19.9513,24.2733,0,0.300238,nan,nan
111,16,707.188,138.913,19.5327,23.75,707.188,138.913,19.5327,23.75,0,0.576413,nan,nan
111,17,232.279,138.612,18.0187,25.3695,232.279,138.612,18.0187,25.3695,0,0.587494,nan,nan
111,18,215.914,138.234,16.8072,25.4143,215.914,138.234,16.8072,25.4143,0,0.533065,nan,nan
111,19,629.064,139.046,23.1779,22.1045,629.064,139.046,23.178,22.1045,0,0.587668,nan,nan
111,23,650.054,139.008,21.3372,22.558,650.054,139.008,21.3372,22.558,0,0.636576,nan,nan
111,26,171.693,138.463,21.9803,24.0086,171.693,138.463,21.9803,24.0086,0,0.374409,nan,nan
111,60,846.282,137.67,24.6724,25.3015,846.282,137.67,24.6724,25.3015,0,0.370976,nan,nan
111,24,61.9521,135.045,26.2485,30.185,61.9521,135.045,26.2485,30.185,0,0.44779,nan,nan
111,22,770.508,138.765,22.8692,23.174,770.508,138.765,22.8691,23.174,0,0.257569,nan,nan
112,1,274.329,138.486,19.2691,23.9817,274.329,138.486,19.2691,23.9817,0,0.773025,nan,nan
112,2,254.603,138.676,20.9711,23.8416,254.603,138.676,20.9711,23.8416,0,0.771832,nan,nan
112,3,525.567,140.016,19.2593,25.2054,525.567,140.016,19.2593,25.2054,0,0.741876,nan,nan
112,4,503.983,139.258,22.3529,23.986,503.983,139.258,22.3529,23.986,0,0.662716,nan,nan
112,5,195.208,138.665,21.9349,23.9515,195.208,138.665,21.9349,23.9515,0,0.747853,nan,nan
112,6,547.484,139.23,22.2676,23.3841,547.484,139.23,22.2676,23.3841,0,0.6314,nan,nan
112,7,372.18,138.149,22.1982,24.248,372.18,138.149,22.1982,24.248,0,0.542991,nan,nan
112,8,328.797,137.831,22.4122,24.4574,328.797,137.831,22.4122,24.4574,0,0.66833,nan,nan
112,9,296.052,137.966,19.6884,25.8562,296.052,137.966,19.6884,25.8562,0,0.701031,nan,nan
112,10,111.928,137.973,23.4498,24.8346,111.928,137.973,23.4498,24.8346,0,0.737014,nan,nan
112,11,351.317,138.297,18.6335,24.3267,351.317,138.297,18.6334,24.3267,0,0.604124,nan,nan
112,12,738.329,139.119,21.442,22.9835,738.329,139.119,21.4419,22.9835,0,0.641569,nan,nan
112,13,596.07,138.321,26.3071,24.4934,596.07,138.321,26.3071,24.4933,0,0.583745,nan,nan
112,14,154.076,138.79,23.9428,23.5549,154.076,138.79,23.9428,23.5549,0,0.654097,nan,nan
112,15,417.27,138.317,19.809,24.2732,417.27,138.317,19.809,24.2732,0,0.300392,nan,nan
112,16,707.191,138.913,19.5004,23.7488,707.191,138.913,19.5004,23.7488,0,0.575153,nan,nan
112,17,232.271,138.602,18.0474,25.3846,232.271,138.602,18.0474,25.3846,0,0.587196,nan,nan
112,18,215.966,138.228,16.8693,25.4351,215.966,138.228,16.8693,25.4351,0,0.532328,nan,nan
112,19,629.064,139.039,23.1837,22.1229,629.064,139.039,23.1836,22.1229,0,0.58879,nan,nan
112,23,650.051,139.002,21.3165,22.5619,650.051,139.002,21.3164,22.562,0,0.638218,nan,nan
112,26,171.566,138.387,22.1178,23.8748,171.566,138.387,22.1178,23.8748,0,0.373007,nan,nan
112,60,846.281,137.669,24.6541,25.3195,846.281,137.669,24.6541,25.3195,0,0.37452,nan,nan
112,24,61.988,135.041,25.9656,29.9431,61.988,135.041,25.9656,29.9431,0,0.447536,nan,nan
112,22,770.501,138.761,22.8549,23.1617,770.501,138.761,22.8549,23.1617,0,0.261166,nan,nan
113,1,274.316,138.506,19.2067,23.8259,274.316,138.506,19.2067,23.8259,0,0.78281,nan,nan
113,2,254.621,138.68,20.9859,23.6979,254.621,138.68,20.986,23.6978,0,0.774533,nan,nan
113,3,525.55,139.888,19.307,24.9514,525.55,139.888,19.307,24.9514,0,0.764278,nan,nan
113,4,503.939,139.201,22.2646,23.812,503.939,139.201,22.2645,23.812,0,0.735326,nan,nan
113,5,195.165,138.607,21.9756,23.6286,195.165,138.607,21.9756,23.6287,0,0.750096,nan,nan
113,6,547.527,139.195,22.1039,23.3244,547.527,139.195,22.104,23.3244,0,0.6948,nan,nan
113,7,372.215,138.246,22.0803,24.0975,372.215,138.246,22.0803,24.0975,0,0.673369,nan,nan
113,8,328.552,137.807,22.4744,24.4371,328.552,137.807,22.4744,24.4371,0,0.687169,nan,nan
113,9,296.029,138.012,19.5253,25.6577,296.029,138.012,19.5253,25.6577,0,0.730176,nan,nan
113,10,112.081,138.047,23.6396,24.5833,112.081,138.047,23.6396,24.5833,0,0.727268,nan,nan
113,11,351.041,138.336,18.5194,24.1498,351.041,138.336,18.5194,24.1498,0,0.626841,nan,nan
113,12,738.323,139.119,21.3835,22.9748,738.323,139.119,21.3835,22.9748,0,0.661865,nan,nan
113,13,596.243,138.35,25.8585,24.4348,596.243,138.35,25.8584,24.4348,0,0.651608,nan,nan
113,14,154.177,138.82,23.9427,23.5105,154.177,138.82,23.9427,23.5105,0,0.63457,nan,nan
113,15,417.225,138.504,19.3668,23.6886,417.225,138.504,19.3668,23.6886,0,0.467066,nan,nan
113,16,707.139,138.926,19.5924,23.7218,707.139,138.926,19.5924,23.7218,0,0.581895,nan,nan
113,17,232.241,138.626,18.2406,25.1512,232.241,138.626,18.2406,25.1512,0,0.608012,nan,nan
113,18,215.985,138.303,17.0502,25.1191,215.985,138.303,17.0502,25.1191,0,0.53506,nan,nan
113,19,629.07,139.065,23.1339,22.1024,629.07,139.065,23.1339,22.1024,0,0.614466,nan,nan
113,23,650.042,139.016,21.2894,22.5417,650.042,139.016,21.2893,22.5417,0,0.651851,nan,nan
113,26,171.573,138.468,22.3572,23.642,171.573,138.468,22.3572,23.642,0,0.354216,nan,nan
113,60,846.299,137.689,24.5721,25.2331,846.299,137.689,24.5721,25.2331,0,0.394441,nan,nan
113,24,61.963,135.103,26.5797,30.4619,61.963,135.103,26.5797,30.4619,0,0.404119,nan,nan
113,22,770.49,138.771,22.8229,23.1355,770.49,138.771,22.823,23.1355,0,0.298313,nan,nan
113,27,570.45,139.062,19.9171,24.9737,570.45,139.062,19.9171,24.9738,0,0.309234,nan,nan
114,1,274.307,138.508,19.1812,23.7639,274.307,138.508,19.1812,23.7639,0,0.782741,nan,nan
114,2,254.624,138.678,20.9919,23.642,254.624,138.678,20.9919,23.642,0,0.774423,nan,nan
114,3,525.545,139.821,19.317,24.8542,525.545,139.821,19.317,24.8542,0,0.764,nan,nan
114,4,503.924,139.168,22.2378,23.7563,503.924,139.168,22.2378,23.7563,0,0.736294,nan,nan
114,5,195.147,138.579,21.9925,23.505,195.147,138.579,21.9925,23.505,0,0.750226,nan,nan
114,6,547.538,139.173,22.0272,23.3134,547.538,139.173,22.0272,23.3134,0,0.694231,nan,nan
114,7,372.225,138.277,22.0332,24.0376,372.225,138.277,22.0332,24.0376,0,0.672848,nan,nan
114,8,328.457,137.794,22.4966,24.435,328.457,137.794,22.4966,24.435,0,0.687573,nan,nan
114,9,296.018,138.028,19.4669,25.5771,296.018,138.028,19.4669,25.5771,0,0.730086,nan,nan
114,10,112.136,138.069,23.7141,24.4929,112.136,138.069,23.7141,24.4929,0,0.727555,nan,nan
114,11,350.931,138.344,18.4752,24.0799,350.931,138.344,18.4752,24.0799,0,0.626088,nan,nan
114,12,738.318,139.114,21.3598,22.9696,738.318,139.114,21.3599,22.9696,0,0.661677,nan,nan
114,13,596.304,138.354,25.6976,24.4151,596.304,138.354,25.6976,24.4151,0,0.652302,nan,nan
114,14,154.212,138.826,23.9436,23.4957,154.212,138.826,23.9436,23.4957,0,0.634969,nan,nan
114,15,417.206,138.569,19.2009,23.468,417.206,138.569,19.2009,23.468,0,0.468655,nan,nan
114,16,707.117,138.926,19.6281,23.7113,707.117,138.926,19.6281,23.7114,0,0.580116,nan,nan
114,17,232.224,138.63,18.3134,25.0631,232.224,138.63,18.3134,25.0631,0,0.607121,nan,nan
114,18,215.996,138.327,17.1159,24.9958,215.996,138.327,17.1159,24.9958,0,0.534308,nan,nan
114,19,629.075,139.068,23.125,22.0979,629.075,139.068,23.125,22.0979,0,0.611958,nan,nan
114,23,650.035,139.017,21.2871,22.5362,650.035,139.017,21.2871,22.5362,0,0.647847,nan,nan
114,26,171.572,138.495,22.4506,23.5548,171.572,138.495,22.4506,23.5547,0,0.35407,nan,nan
114,60,846.304,137.693,24.541,25.1942,846.304,137.693,24.541,25.1942,0,0.397835,nan,nan
114,24,61.9508,135.118,26.7966,30.6519,61.9508,135.118,26.7966,30.6519,0,0.405579,nan,nan
114,22,770.486,138.771,22.8129,23.1266,770.486,138.771,22.8129,23.1266,0,0.300605,nan,nan
114,27,570.448,139.058,19.9509,25.0023,570.448,139.058,19.9509,25.0023,0,0.309008,nan,nan
115,1,274.292,138.496,19.2574,23.7255,274.292,138.496,19.2573,23.7255,0,0.782558,nan,nan
115,2,254.634,138.684,21.1279,23.6211,254.634,138.684,21.1279,23.6211,0,0.770071,nan,nan
115,3,525.544,139.821,19.4237,25.0174,525.544,139.821,19.4237,25.0174,0,0.75289,nan,nan
115,4,503.938,139.163,22.2189,24.0189,503.938,139.163,22.2189,24.0189,0,0.726814,nan,nan
115,5,195.218,138.538,22.2571,23.6217,195.218,138.538,22.2571,23.6216,0,0.734299,nan,nan
115,6,547.575,139.175,22.0828,23.4171,547.575,139.175,22.0828,23.4171,0,0.675019,nan,nan
115,7,372.137,138.328,21.9213,24.0774,372.137,138.328,21.9213,24.0774,0,0.652423,nan,nan
115,8,328.445,137.734,22.6251,24.6682,328.445,137.734,22.6251,24.6682,0,0.675001,nan,nan
115,9,296.029,137.987,19.5465,25.6622,296.029,137.987,19.5465,25.6622,0,0.725751,nan,nan
115,10,112.127,137.99,23.635,24.7667,112.127,137.99,23.635,24.7667,0,0.716696,nan,nan
115,11,351.006,138.426,18.5674,24.1817,351.006,138.426,18.5674,24.1817,0,0.627496,nan,nan
115,12,738.324,139.123,21.4614,23.0094,738.324,139.123,21.4614,23.0094,0,0.634542,nan,nan
115,13,596.287,138.369,25.8083,24.4456,596.287,138.369,25.8083,24.4456,0,0.63726,nan,nan
115,14,154.325,138.841,24.0067,23.9658,154.325,138.841,24.0067,23.9658,0,0.638731,nan,nan
115,15,417.209,138.548,19.1589,23.5792,417.209,138.548,19.1589,23.5792,0,0.464879,nan,nan
115,16,707.116,138.927,19.7125,23.7677,707.116,138.927,19.7125,23.7677,0,0.549527,nan,nan
115,17,232.287,138.61,18.5131,24.9134,232.287,138.61,18.5131,24.9134,0,0.569807,nan,nan
115,18,215.98,138.325,16.8759,24.9185,215.98,138.325,16.8759,24.9185,0,0.464097,nan,nan
115,19,629.185,139.087,23.4107,22.1204,629.185,139.087,23.4106,22.1204,0,0.560062,nan,nan
115,23,650.052,139.034,21.5556,22.5735,650.052,139.034,21.5557,22.5735,0,0.582619,nan,nan
115,26,170.997,138.513,23.1639,23.9649,170.997,138.513,23.1639,23.9649,0,0.289428,nan,nan
115,60,846.294,137.675,24.6295,25.2314,846.294,137.675,24.6294,25.2314,0,0.385054,nan,nan
115,24,61.8992,135.107,26.7883,30.7671,61.8992,135.107,26.7883,30.7671,0,0.420611,nan,nan
115,22,770.5,138.757,22.8735,23.2188,770.5,138.757,22.8735,23.2188,0,0.279704,nan,nan
115,27,570.55,139.015,20.2014,25.177,570.55,139.015,20.2014,25.177,0,0.294234,nan,nan
115,20,392.357,137.793,17.0755,25.8477,392.357,137.793,17.0756,25.8477,0,0.267101,nan,nan
116,1,274.308,138.477,19.3434,23.6747,274.308,138.477,19.3434,23.6747,0,0.771113,nan,nan
116,2,254.647,138.698,21.1419,23.5779,254.647,138.698,21.1419,23.5779,0,0.748843,nan,nan
116,3,525.586,139.687,19.4746,24.5212,525.586,139.687,19.4746,24.5211,0,0.718343,nan,nan
116,4,503.917,139.158,22.2524,23.7867,503.917,139.158,22.2524,23.7867,0,0.685577,nan,nan
116,5,195.272,138.53,22.5944,23.6981,195.272,138.53,22.5944,23.6981,0,0.702493,nan,nan
116,6,547.592,139.132,22.0706,23.2309,547.592,139.132,22.0706,23.2309,0,0.622769,nan,nan
116,7,372.111,138.362,21.9161,24.0896,372.111,138.362,21.9161,24.0896,0,0.521953,nan,nan
116,8,328.433,137.706,22.8152,24.7159,328.433,137.706,22.8152,24.7159,0,0.611567,nan,nan
116,9,296.086,137.943,19.6092,25.6687,296.086,137.943,19.6093,25.6687,0,0.69864,nan,nan
116,10,112.049,137.934,23.5821,24.9775,112.049,137.934,23.5821,24.9775,0,0.69981,nan,nan
116,11,351.125,138.452,18.6588,24.2027,351.125,138.452,18.6588,24.2027,0,0.529247,nan,nan
116,12,738.29,139.123,21.5574,23.0484,738.29,139.123,21.5574,23.0484,0,0.555385,nan,nan
116,13,596.286,138.395,25.921,24.2107,596.286,138.395,25.921,24.2107,0,0.570175,nan,nan
116,14,154.465,138.855,24.2074,24.1836,154.465,138.855,24.2073,24.1836,0,0.558275,nan,nan
116,15,417.173,138.526,19.1013,23.579,417.173,138.526,19.1013,23.579,0,0.323969,nan,nan
116,16,707.143,138.933,19.7867,23.7914,707.143,138.933,19.7866,23.7914,0,0.4607,nan,nan
116,17,232.337,138.557,18.5627,24.8408,232.337,138.557,18.5627,24.8408,0,0.499976,nan,nan
116,18,216.273,138.314,17.116,24.8582,216.273,138.314,17.116,24.8582,0,0.374782,nan,nan
116,19,629.272,139.116,23.5833,22.1258,629.272,139.116,23.5833,22.1258,0,0.500061,nan,nan
116,23,650.004,139.062,21.8316,22.603,650.004,139.062,21.8315,22.603,0,0.470971,nan,nan
116,60,846.253,137.691,24.819,25.2265,846.253,137.691,24.819,25.2266,0,0.269434,nan,nan
116,24,61.8343,135.09,26.889,30.8612,61.8343,135.09,26.889,30.8611,0,0.354644,nan,nan
117,1,274.268,138.484,19.6141,23.6756,274.268,138.484,19.6141,23.6756,0,0.655441,nan,nan
117,2,254.707,138.761,21.1025,23.5855,254.707,138.761,21.1025,23.5855,0,0.570819,nan,nan
117,3,525.546,139.584,19.4035,24.086,525.546,139.584,19.4036,24.086,0,0.404232,nan,nan
117,4,503.882,139.31,22.7043,23.5321,503.882,139.31,22.7043,23.532,0,0.389958,nan,nan
117,5,195.043,138.804,22.5406,23.8716,195.043,138.804,22.5406,23.8716,0,0.3954,nan,nan
117,6,547.65,139.143,21.6685,23.1199,547.65,139.143,21.6685,23.1199,0,0.269421,nan,nan
117,8,328.373,137.859,23.1718,24.5151,328.373,137.859,23.1719,24.5151,0,0.402921,nan,nan
117,9,296.222,137.955,19.734,25.5679,296.222,137.955,19.734,25.5679,0,0.504301,nan,nan
117,10,111.94,137.937,23.4348,25.5855,111.94,137.937,23.4348,25.5855,0,0.549049,nan,nan
117,12,738.163,139.148,21.6894,23.1361,738.163,139.148,21.6895,23.1361,0,0.279918,nan,nan
117,13,596.6,138.486,24.739,23.8601,596.6,138.486,24.739,23.8601,0,0.334855,nan,nan
117,19,629.35,139.232,23.4803,22.2632,629.35,139.232,23.4802,22.2632,0,0.305443,nan,nan
118,1,274.242,138.517,19.8268,23.6794,863.34,-583.607,30.4076,30.0059,0,0.40568,nan,nan
118,2,254.783,138.81,21.0587,23.6349,847.89,-594.791,31.2977,30.6345,0,0.308028,nan,nan
118,10,111.852,137.964,23.3653,25.7953,737.439,-678.395,34.0572,33.1705,0,0.355735,nan,nan
119,10,111.779,138.019,23.1063,25.9123,746.663,-687.886,33.7921,33.1798,0,0.279836,nan,nan
242,65,831.076,1312.5,975.051,417.328,765.553,1366.22,1086.76,466.907,0,0.313148,948.514,315.26
249,65,878.966,1367.05,942.014,475.576,813.25,1431.66,1059.66,537.692,0,0.264106,948.514,315.26
250,65,879.687,1368.08,939.921,479.982,815.081,1431.96,1055.65,541.492,0,0.264132,948.514,315.26
251,65,892.732,1371.96,939.894,465.28,829.886,1435.64,1055.58,524.263,0,0.477356,948.514,315.26
252,65,894.524,1370.03,938.387,461.908,833.206,1433.62,1052.44,520.344,0,0.481073,948.514,315.26
253,65,889.948,1354.48,956.074,454.206,827.024,1417.34,1074.6,512.881,0,0.466193,948.514,315.26
254,65,884.729,1345.97,961.625,453.486,821.763,1407.97,1080.36,512.161,0,0.463276,948.514,315.26
255,65,880.76,1348.94,973.058,452.856,815.963,1410.95,1093.92,510.987,0,0.378644,948.514,315.26
256,65,875.758,1346.94,977.206,455.102,811.396,1408.49,1097.85,513.71,0,0.379302,948.514,315.26
259,65,911.053,1373.45,974.141,461.879,847.786,1439.76,1100.22,523.294,0,0.36807,948.514,315.26
260,65,914.299,1375.21,972.868,464.75,852.057,1441.47,1098.3,526.862,0,0.36554,948.514,315.26
261,65,923.48,1381.26,970.699,452.34,860.466,1450.4,1098.72,514.64,0,0.385286,948.514,315.26
262,65,923.073,1380.44,970.307,450.557,860.435,1449.42,1096.88,512.19,0,0.38894,948.514,315.26
263,65,925.884,1382.84,974.077,451.013,861.389,1452.42,1105.33,513.661,0,0.362756,948.514,315.26
264,65,923.294,1380.73,975.206,453.847,858.064,1450.04,1107.35,516.812,0,0.35983,948.514,315.26
265,65,920.755,1379.23,993.88,465.612,855.167,1448.69,1129.47,530.171,0,0.291198,948.514,315.26
266,65,916.277,1375.72,1000.33,472.285,850.347,1444.63,1136.31,537.555,0,0.287684,948.514,315.26
267,65,956.734,1385.66,965.087,461.636,895.829,1456.52,1095.9,525.997,0,0.522125,948.514,315.26
268,65,968.595,1386.33,951.419,460.314,909.745,1457.23,1079.66,524.418,0,0.514816,948.514,315.26
269,65,971.964,1394.35,965.493,459.549,916.276,1465.04,1090.99,521.031,0,0.46109,948.514,315.26
270,65,969.709,1394.43,970.178,461.661,913.057,1465.05,1097,523.34,0,0.464288,948.514,315.26
270,70,815.046,1351.84,896.796,480.407,738.858,1416.83,1014.86,544.32,2,0.371088,nan,nan
271,65,970.55,1412.97,984.406,458.778,909.525,1488.48,1122.3,524.606,0,0.335964,948.514,315.26
271,70,832.518,1354.71,900.692,472.312,753.545,1421.97,1027.78,539.121,2,0.256159,nan,nan
272,65,967.343,1417.04,989.584,460.925,905.952,1492.97,1127.97,526.927,0,0.342433,948.514,315.26
272,70,835.339,1352.74,902.069,472.222,756.93,1419.59,1028.97,538.794,2,0.254369,nan,nan
273,65,966.13,1432.63,995.39,462.394,908.196,1509.01,1127.44,525.057,0,0.501151,948.514,315.26
274,65,961.863,1435.52,996.971,465.657,903.861,1512.25,1128.6,528.552,0,0.49051,948.514,315.26
275,65,990.059,1436.3,950.606,457.083,932.893,1515.28,1081.73,522.1,0,0.447899,948.514,315.26
276,65,996.796,1434.69,931.944,457.306,941.807,1512.38,1057.73,520.705,0,0.463248,948.514,315.26
277,65,1005.92,1440.67,954.127,461.68,952.939,1518.49,1081.48,523.874,0,0.309165,948.514,315.26
278,65,1005.59,1440.11,961.658,465.795,952.033,1518.75,1091.04,530.291,0,0.305486,948.514,315.26
279,70,863.319,1400.45,877.526,481.145,787.452,1475.94,1002.71,550.763,2,0.359745,nan,nan
280,70,862.234,1401.18,875.431,482.889,787.254,1476.15,998.395,551.653,2,0.362559,nan,nan
281,70,881.451,1406.36,891.042,472.87,805.329,1484.77,1022.48,544.18,2,0.373794,nan,nan
281,65,1010.9,1448.39,988.442,442.593,952.459,1532.67,1132.49,510.159,0,0.30307,948.514,315.26
282,70,884.762,1405.1,897.2,471.511,810.362,1482.52,1027.76,541.533,2,0.375939,nan,nan
282,65,1008.49,1447.37,992.806,440.647,950.944,1530.52,1135.61,506.847,0,0.304066,948.514,315.26
283,65,1030.41,1454.44,955.039,436.902,975.889,1537.87,1092.19,500.877,0,0.339722,948.514,315.26
284,65,1034.79,1454.35,940.258,438.101,980.591,1537.96,1076.12,502.774,0,0.340668,948.514,315.26
287,70,921.273,1427.4,899.177,449.217,852.805,1508.1,1028.48,514.83,2,0.434111,nan,nan
288,70,921.588,1427.2,898.967,448.728,850.915,1509.01,1031.29,516.104,2,0.437625,nan,nan
289,70,912.781,1430.38,871.831,447.882,839.763,1515.42,1003.65,518.304,2,0.327792,nan,nan
290,70,905.009,1428.65,860.234,449.559,830.543,1513.7,991.13,520.588,2,0.331517,nan,nan
291,70,927.939,1439.02,891.511,452.338,855.129,1527.18,1029.53,525.629,2,0.33746,nan,nan
291,65,1053.4,1473.11,1004,399.888,998.797,1566.3,1157.33,465.499,0,0.315797,948.514,315.26
292,70,932.451,1439.92,902.254,455.477,860.448,1528.25,1041.51,529.19,2,0.333491,nan,nan
292,65,1051.95,1472.63,1007.52,399.044,997.291,1565.77,1161.01,464.404,0,0.317014,948.514,315.26
301,65,1118.91,1479.78,957.631,386.677,1075.54,1575.32,1105.76,449.954,0,0.310067,948.514,315.26
302,65,1119.75,1478.58,954.875,387.672,1076.48,1574.07,1102.64,451.194,0,0.307436,948.514,315.26
303,65,1133.61,1481.22,952.344,384.282,1093.9,1573.79,1093.33,443.12,0,0.286532,948.514,315.26
304,65,1134.54,1479.83,951.515,385.134,1090.57,1576.41,1101.61,449.381,0,0.28931,948.514,315.26
305,65,1142.86,1482.5,985.673,382.221,1101.59,1578.19,1136.49,443.719,0,0.358614,948.514,315.26
306,65,1141.68,1481.12,998.323,383.357,1099.91,1576.29,1150.84,445.041,0,0.346508,948.514,315.26
307,65,1149.06,1484.1,986.288,379.127,1107.35,1583.2,1142.45,443.388,0,0.641606,948.514,315.26
308,65,1147.51,1482.86,981.399,379.775,1105.23,1581.21,1136.37,443.712,0,0.641496,948.514,315.26
309,65,1152.41,1485.2,978.307,376.926,1112.43,1585.74,1133.8,441.099,0,0.665015,948.514,315.26
310,65,1149.96,1483.76,976.877,377.875,1109.5,1586.26,1135.67,444.28,0,0.664909,948.514,315.26
311,65,1170.72,1492.25,945.982,362.311,1133.28,1592.63,1092.95,423.339,0,0.564565,948.514,315.26
312,65,1174.48,1493.13,933.594,358.693,1138.17,1593.09,1077.12,418.387,0,0.562599,948.514,315.26
313,65,1195.81,1497.44,942.371,350.836,1162.2,1598,1088.91,408.854,0,0.734888,948.514,315.26
314,65,1199.43,1496.83,945.63,350.102,1165.81,1598.02,1094.4,408.597,0,0.733554,948.514,315.26
315,65,1207.64,1500.45,945.177,344.199,1175.98,1603.6,1094.53,403.03,0,0.687549,948.514,315.26
316,65,1206.59,1499.57,944.21,344.497,1175.1,1601.51,1091.32,402.599,0,0.695114,948.514,315.26
317,65,1222.74,1503.02,920.962,339.794,1195.08,1602.59,1059.91,394.061,0,0.409806,948.514,315.26
318,65,1224.6,1502.14,913.365,340.115,1196.64,1602.39,1053.33,394.82,0,0.414397,948.514,315.26
319,65,1237.57,1506.17,921.039,335.273,1210.61,1608.36,1063.56,390.48,0,0.62153,948.514,315.26
320,65,1237.67,1505.48,924.001,335.661,1210.19,1609.11,1069.52,392.391,0,0.616129,948.514,315.26
321,65,1250.46,1508.64,935.05,331.572,1225.65,1610.5,1077.47,385.157,0,0.64828,948.514,315.26
322,65,1250.86,1507.72,938.999,332.563,1226.47,1609.48,1082.27,386.409,0,0.653315,948.514,315.26
323,65,1249.55,1509.75,953.18,328.755,1222.27,1615.27,1106.29,385.062,0,0.638136,948.514,315.26
324,65,1244.4,1508.35,958.58,329.511,1217.43,1612.04,1109.38,384.958,0,0.635291,948.514,315.26
325,65,1265.61,1510.66,946.156,326.161,1241.52,1621.05,1105.95,385.604,0,0.557701,948.514,315.26
326,65,1269.01,1509.43,941.495,326.942,1246.11,1619.51,1100.27,386.048,0,0.550182,948.514,315.26
327,65,1285.58,1511.78,948.514,322,1265.72,1627,1113.91,383.286,0,0.76787,948.514,315.26
328,65,1287.55,1510.53,951.048,322.377,1267.73,1617.56,1103.55,377.298,0,0.76826,948.514,315.26
329,65,1293.83,1514.55,952.809,315.26,1274.15,1629.6,1116.39,374.41,0,0.684091,948.514,315.26
330,65,1291.56,1513.94,953.049,315.006,1271.67,1627.67,1115.46,373.262,0,0.684742,948.514,315.26
331,65,1290.42,1518.03,954.149,309.085,1274.01,1635.78,1120.79,368.548,0,0.304518,948.514,315.26
332,65,1285.31,1517.46,954.53,309.114,1266.17,1626.55,1104.51,361.343,0,0.310072,948.514,315.26
337,65,1334.71,1525.6,945.173,293.148,1322.41,1638.02,1099.83,345.322,0,0.735175,948.514,315.26
338,65,1336.17,1525.03,945.008,293.355,1324.91,1637.99,1102.06,345.703,0,0.735384,948.514,315.26
339,65,1337.52,1528.29,963.991,287.783,1324.17,1648.77,1135.91,344.977,0,0.767218,948.514,315.26
340,65,1333.3,1527.68,973.102,287.591,1319.84,1647.23,1145.83,343.886,0,0.765396,948.514,315.26
341,65,1331.75,1530.11,987.603,284.197,1318.89,1652.91,1166.58,341.145,0,0.557647,948.514,315.26
342,65,1326.55,1529.14,995.3,284.834,1312.97,1652.06,1175.51,341.718,0,0.56598,948.514,315.26
343,65,1354.61,1532.72,963.639,279.953,1346.44,1656.09,1137.58,335.327,0,0.695719,948.514,315.26
344,65,1360.64,1532.2,953.67,280.06,1353.83,1655.89,1126.36,335.747,0,0.695189,948.514,315.26
345,65,1368.77,1534.76,966.566,274.782,1362.52,1653.25,1131.71,325.704,0,0.619145,948.514,315.26
346,65,1366.88,1533.83,971.998,275.677,1361.88,1657.4,1148.11,329.701,0,0.616978,948.514,315.26
347,65,1372.32,1536.06,993.191,271.89,1367.19,1655.4,1162.8,321.47,0,0.540954,948.514,315.26
348,65,1369.43,1535.01,1001.09,273.228,1364.55,1660.55,1183.77,327.766,0,0.536765,948.514,315.26
349,65,1372.73,1537.71,1021.68,270.156,1366.44,1663.66,1209.27,324.654,0,0.507186,948.514,315.26
350,65,1368.95,1536.75,1029.63,271.31,1364.06,1663.1,1218.89,326.235,0,0.512312,948.514,315.26
351,65,1376.32,1540.66,1046.57,265.597,1370.25,1669.32,1241.86,321.122,0,0.588114,948.514,315.26
352,65,1374.35,1540.23,1052.6,265.711,1367.51,1668.35,1247.88,320.988,0,0.588237,948.514,315.26
353,65,1380.42,1543.75,1067.62,260.465,1375.04,1674.42,1269.48,316.587,0,0.595339,948.514,315.26
354,65,1377.68,1543.16,1073.54,260.973,1371.48,1673.6,1276.72,316.905,0,0.596109,948.514,315.26
355,65,1410.02,1544.58,1014.97,257.455,1409.48,1668.6,1192.62,307.295,0,0.721005,948.514,315.26
356,65,1417.63,1543.28,994.172,258.249,1421.82,1674.31,1181.62,312.128,0,0.720335,948.514,315.26
357,65,1430.99,1545.73,1015.95,254.218,1436.97,1678.89,1211.52,309.006,0,0.577889,948.514,315.26
358,65,1430.97,1544.89,1024.29,254.976,1436.34,1677.76,1220.97,309.877,0,0.574443,948.514,315.26
359,65,1452.17,1546.9,1004.45,250.54,1460.84,1677.74,1195.22,302.623,0,0.610124,948.514,315.26
360,65,1455.2,1546,995.42,251.363,1464.05,1676.99,1183.95,303.546,0,0.609887,948.514,315.26
361,65,1461.55,1550.4,996.531,242.929,1472.2,1683.71,1185.61,293.739,0,0.345193,948.514,315.26
362,65,1458.89,1550.35,995.857,242.406,1469.23,1682.88,1184.5,293.026,0,0.343063,948.514,315.26
