0,1,104.757,545.199,203.877,233.627,104.757,545.199,203.877,233.627,0,0.824104,nan,nan
0,2,274.124,138.728,19.534,23.8148,274.124,138.728,19.534,23.8148,0,0.784964,nan,nan
0,3,525.589,140.245,19.2401,27.2437,525.589,140.245,19.2401,27.2437,0,0.775906,nan,nan
0,4,547.931,139.417,22.3486,25.1012,547.931,139.417,22.3486,25.1012,0,0.757199,nan,nan
0,5,254.68,138.927,21.5498,23.7823,254.68,138.927,21.5498,23.7823,0,0.756601,nan,nan
0,6,504.006,139.531,21.9214,25.9355,504.006,139.531,21.9214,25.9355,0,0.75591,nan,nan
0,7,195.031,138.723,22.4787,23.3807,195.031,138.723,22.4787,23.3807,0,0.734359,nan,nan
0,8,372.063,138.346,21.6774,24.7421,372.063,138.346,21.6774,24.7421,0,0.729675,nan,nan
0,9,328.47,137.926,22.3661,24.8076,328.47,137.926,22.3661,24.8076,0,0.726214,nan,nan
0,10,738.258,139.1,21.3992,23.1866,738.258,139.1,21.3992,23.1866,0,0.725176,nan,nan
0,11,295.938,138.152,19.7335,25.3815,295.938,138.152,19.7335,25.3815,0,0.721925,nan,nan
0,12,596.339,138.442,25.7871,24.9441,596.339,138.442,25.7871,24.9441,0,0.718359,nan,nan
0,13,351.004,138.508,18.4706,24.7016,351.004,138.508,18.4706,24.7016,0,0.70147,nan,nan
0,14,112.103,138.208,23.4618,24.2867,112.103,138.208,23.4618,24.2867,0,0.664982,nan,nan
0,15,417.495,138.244,19.475,25.1789,417.495,138.244,19.475,25.1789,0,0.646193,nan,nan
0,16,154.188,139.073,24.3398,23.2968,154.188,139.073,24.3398,23.2968,0,0.632456,nan,nan
0,17,707.195,139.085,19.5172,23.6528,707.195,139.085,19.5172,23.6528,0,0.611002,nan,nan
0,18,629.344,139.142,23.386,22.2878,629.344,139.142,23.386,22.2878,0,0.570529,nan,nan
0,19,649.877,139.078,22.0833,22.5927,649.877,139.078,22.0833,22.5927,0,0.564526,nan,nan
0,20,66.3447,841.714,132.58,204.422,66.3447,841.714,132.58,204.422,0,0.560311,nan,nan
0,21,232.254,138.911,18.1713,24.574,232.254,138.911,18.1713,24.574,0,0.529124,nan,nan
0,22,846.182,137.421,24.7058,25.825,846.182,137.421,24.7058,25.825,0,0.483734,nan,nan
0,23,216.076,138.622,16.8399,24.2299,216.076,138.622,16.8399,24.2299,0,0.481531,nan,nan
0,24,770.48,138.635,22.9524,23.3939,770.48,138.635,22.9524,23.3939,0,0.452956,nan,nan
0,25,391.86,137.666,16.7687,27.0566,391.86,137.666,16.7687,27.0566,0,0.372975,nan,nan
0,26,468.938,135.846,20.9801,32.7867,468.938,135.846,20.9801,32.7867,0,0.346791,nan,nan
0,27,441.029,136.686,18.2018,28.4696,441.029,136.686,18.2018,28.4696,0,0.330254,nan,nan
0,28,571.585,139.072,19.6782,25.9964,571.585,139.072,19.6782,25.9964,0,0.328887,nan,nan
0,29,37.2948,1122.45,72.1153,196.74,37.2948,1122.45,72.1153,196.74,0,0.305002,nan,nan
0,30,61.9186,135.335,25.5678,29.4452,61.9186,135.335,25.5678,29.4452,0,0.289428,nan,nan
1,1,104.768,545.17,203.902,233.641,104.768,545.17,203.902,233.641,0,0.824144,nan,nan
1,2,274.126,138.729,19.522,23.8122,274.126,138.729,19.522,23.8123,0,0.785139,nan,nan
1,3,525.588,140.244,19.2371,27.2341,525.588,140.244,19.2371,27.2341,0,0.776032,nan,nan
1,4,547.93,139.416,22.3441,25.0957,547.93,139.416,22.344,25.0957,0,0.75728,nan,nan
1,5,254.676,138.928,21.5366,23.771,254.676,138.928,21.5366,23.771,0,0.756998,nan,nan
1,6,504.006,139.529,21.9165,25.929,504.006,139.529,21.9165,25.929,0,0.755881,nan,nan
1,7,195.033,138.727,22.4634,23.3577,195.033,138.727,22.4634,23.3577,0,0.734873,nan,nan
1,8,372.064,138.349,21.675,24.7469,372.064,138.349,21.675,24.7469,0,0.729326,nan,nan
1,9,328.472,137.929,22.3608,24.8094,328.472,137.929,22.3608,24.8094,0,0.726035,nan,nan
1,10,738.259,139.1,21.397,23.1886,738.259,139.1,21.397,23.1886,0,0.725086,nan,nan
1,11,295.935,138.155,19.7328,25.3822,295.935,138.155,19.7328,25.3822,0,0.722644,nan,nan
1,12,596.342,138.442,25.7736,24.9402,596.342,138.442,25.7736,24.9402,0,0.718723,nan,nan
1,13,351.006,138.511,18.4715,24.7038,351.006,138.511,18.4715,24.7038,0,0.701607,nan,nan
1,14,112.102,138.209,23.4692,24.2867,112.102,138.209,23.4692,24.2867,0,0.664285,nan,nan
1,15,417.495,138.244,19.4698,25.1791,417.495,138.244,19.4697,25.1791,0,0.64568,nan,nan
1,16,154.182,139.077,24.3268,23.2861,154.182,139.077,24.3268,23.2861,0,0.633435,nan,nan
1,17,707.192,139.084,19.5215,23.6516,707.192,139.084,19.5215,23.6516,0,0.611283,nan,nan
1,18,629.34,139.141,23.3727,22.2859,629.34,139.141,23.3728,22.2859,0,0.572447,nan,nan
1,19,649.882,139.077,22.066,22.5906,649.882,139.077,22.0659,22.5906,0,0.567258,nan,nan
1,20,66.3373,841.952,132.564,204.093,66.3373,841.952,132.564,204.093,0,0.544083,nan,nan
1,21,232.255,138.915,18.1656,24.5468,232.255,138.915,18.1656,24.5468,0,0.530191,nan,nan
1,22,846.179,137.419,24.709,25.8408,846.179,137.419,24.709,25.8408,0,0.485314,nan,nan
1,23,216.064,138.627,16.833,24.2026,216.064,138.627,16.833,24.2026,0,0.483286,nan,nan
1,24,770.48,138.635,22.9557,23.3959,770.48,138.635,22.9558,23.3959,0,0.45227,nan,nan
1,25,391.86,137.666,16.769,27.0626,391.86,137.666,16.769,27.0626,0,0.371893,nan,nan
1,26,468.924,135.849,20.978,32.7876,468.924,135.849,20.978,32.7876,0,0.348204,nan,nan
1,27,441.026,136.689,18.2019,28.4661,441.026,136.689,18.2019,28.4661,0,0.330134,nan,nan
1,28,571.578,139.073,19.6764,25.99,571.578,139.073,19.6764,25.99,0,0.329894,nan,nan
1,29,37.2967,1122.5,72.1056,196.654,37.2967,1122.5,72.1056,196.654,0,0.30279,nan,nan
1,30,61.9228,135.336,25.5635,29.447,61.9228,135.336,25.5636,29.447,0,0.290242,nan,nan
2,1,104.747,545.132,203.917,233.611,104.747,545.132,203.917,233.611,0,0.821464,nan,nan
2,2,274.119,138.728,19.5688,23.8337,274.119,138.728,19.5688,23.8337,0,0.785143,nan,nan
2,3,525.585,140.25,19.2383,27.2647,525.585,140.25,19.2383,27.2646,0,0.774886,nan,nan
2,4,547.93,139.417,22.3507,25.113,547.93,139.417,22.3507,25.113,0,0.755753,nan,nan
2,5,254.686,138.926,21.5885,23.7835,254.686,138.926,21.5884,23.7834,0,0.755858,nan,nan
2,6,504.003,139.534,21.9275,25.9549,504.003,139.534,21.9275,25.955,0,0.754811,nan,nan
2,7,195.024,138.727,22.4993,23.375,195.024,138.727,22.4993,23.375,0,0.735204,nan,nan
2,8,372.06,138.345,21.7099,24.7844,372.06,138.345,21.71,24.7844,0,0.728903,nan,nan
2,9,328.468,137.925,22.383,24.8401,328.468,137.925,22.3829,24.8401,0,0.728111,nan,nan
2,10,738.254,139.099,21.3947,23.1944,738.254,139.099,21.3947,23.1944,0,0.726858,nan,nan
2,11,295.94,138.146,19.759,25.4201,295.94,138.146,19.759,25.4201,0,0.723243,nan,nan
2,12,596.332,138.452,25.7904,24.9929,596.332,138.452,25.7904,24.9929,0,0.717399,nan,nan
2,13,351.005,138.504,18.4777,24.7362,351.005,138.504,18.4777,24.7362,0,0.702188,nan,nan
2,14,112.101,138.202,23.4796,24.2902,112.101,138.202,23.4796,24.2902,0,0.66186,nan,nan
2,15,417.489,138.239,19.5003,25.237,417.489,138.239,19.5004,25.237,0,0.645776,nan,nan
2,16,154.333,139.028,25.126,23.3424,154.333,139.028,25.126,23.3424,0,0.63348,nan,nan
2,17,707.188,139.083,19.5327,23.6571,707.188,139.083,19.5327,23.6571,0,0.612181,nan,nan
2,18,629.332,139.142,23.3618,22.299,629.332,139.142,23.3618,22.299,0,0.572546,nan,nan
2,19,649.886,139.077,22.0548,22.5955,649.886,139.077,22.0548,22.5955,0,0.568603,nan,nan
2,20,66.5191,842.103,132.96,205.255,66.5191,842.103,132.96,205.255,0,0.513333,nan,nan
2,21,232.237,138.909,18.1846,24.5588,232.237,138.909,18.1846,24.5588,0,0.526583,nan,nan
2,22,846.179,137.422,24.6945,25.8207,846.179,137.422,24.6946,25.8207,0,0.489415,nan,nan
2,23,216.078,138.631,16.862,24.2091,216.078,138.631,16.8619,24.2091,0,0.482784,nan,nan
2,24,770.477,138.636,22.9538,23.3956,770.477,138.636,22.9539,23.3956,0,0.457636,nan,nan
2,25,391.854,137.662,16.7722,27.1081,391.854,137.662,16.7722,27.1081,0,0.365991,nan,nan
2,26,468.963,135.87,21.0166,32.8002,468.963,135.87,21.0166,32.8002,0,0.349387,nan,nan
2,27,441.068,136.688,18.2504,28.5174,441.068,136.688,18.2504,28.5175,0,0.325754,nan,nan
2,28,571.598,139.077,19.705,26.0357,571.598,139.077,19.7051,26.0357,0,0.325516,nan,nan
2,29,37.2312,1122.72,72.1784,196.455,37.2312,1122.72,72.1784,196.455,0,0.306154,nan,nan
2,30,61.9256,135.344,25.5444,29.447,61.9256,135.344,25.5444,29.447,0,0.29352,nan,nan
3,1,104.747,545.134,203.914,233.604,104.747,545.134,203.914,233.604,0,0.822029,nan,nan
3,2,274.122,138.728,19.5695,23.8383,274.122,138.728,19.5695,23.8383,0,0.785215,nan,nan
3,3,525.587,140.248,19.2373,27.2621,525.587,140.248,19.2373,27.2621,0,0.775343,nan,nan
3,4,547.932,139.416,22.3474,25.1073,547.932,139.416,22.3474,25.1073,0,0.756435,nan,nan
3,5,254.69,138.925,21.589,23.7854,254.69,138.925,21.589,23.7854,0,0.756104,nan,nan
3,6,504.005,139.532,21.9278,25.9535,504.005,139.532,21.9278,25.9536,0,0.755236,nan,nan
3,7,195.023,138.725,22.4899,23.3839,195.023,138.725,22.4899,23.3839,0,0.735808,nan,nan
3,8,372.061,138.343,21.7149,24.7904,372.061,138.343,21.7148,24.7904,0,0.728762,nan,nan
3,9,328.469,137.923,22.3853,24.8482,328.469,137.923,22.3854,24.8482,0,0.727734,nan,nan
3,10,738.258,139.098,21.3917,23.1973,738.258,139.098,21.3917,23.1974,0,0.72724,nan,nan
3,11,295.943,138.143,19.7531,25.4262,295.943,138.143,19.7532,25.4262,0,0.722929,nan,nan
3,12,596.339,138.452,25.7778,24.9954,596.339,138.452,25.7778,24.9954,0,0.718129,nan,nan
3,13,351.008,138.502,18.4785,24.7434,351.008,138.502,18.4785,24.7433,0,0.702096,nan,nan
3,14,112.102,138.198,23.4676,24.2908,112.102,138.198,23.4676,24.2908,0,0.661821,nan,nan
3,15,417.49,138.237,19.5003,25.2342,417.49,138.237,19.5004,25.2342,0,0.644845,nan,nan
3,16,154.378,139.009,25.3597,23.3653,154.378,139.009,25.3597,23.3653,0,0.632805,nan,nan
3,17,707.191,139.082,19.5336,23.6575,707.191,139.082,19.5336,23.6575,0,0.613387,nan,nan
3,18,629.326,139.141,23.3448,22.3011,629.326,139.141,23.3448,22.3011,0,0.575523,nan,nan
3,19,649.895,139.075,22.0287,22.596,649.895,139.075,22.0288,22.596,0,0.572706,nan,nan
3,20,66.5577,842.275,133.044,205.417,66.5577,842.275,133.044,205.417,0,0.510192,nan,nan
3,21,232.238,138.907,18.179,24.5645,232.238,138.907,18.179,24.5645,0,0.527626,nan,nan
3,22,846.183,137.42,24.6923,25.8211,846.183,137.42,24.6923,25.8211,0,0.490564,nan,nan
3,23,216.081,138.63,16.8607,24.2188,216.081,138.63,16.8607,24.2188,0,0.484436,nan,nan
3,24,770.478,138.635,22.9497,23.3965,770.478,138.635,22.9497,23.3965,0,0.458806,nan,nan
3,25,391.855,137.658,16.77,27.1121,391.855,137.658,16.77,27.1121,0,0.366508,nan,nan
3,26,468.963,135.869,21.0197,32.7951,468.963,135.869,21.0197,32.7951,0,0.349124,nan,nan
3,27,441.07,136.689,18.2541,28.507,441.07,136.689,18.2542,28.507,0,0.325482,nan,nan
3,28,571.6,139.075,19.7062,26.0352,571.6,139.075,19.7063,26.0352,0,0.32812,nan,nan
3,29,37.1985,1122.74,72.192,196.51,37.1985,1122.74,72.192,196.51,0,0.304069,nan,nan
3,30,61.9319,135.341,25.5437,29.4537,61.9319,135.341,25.5437,29.4537,0,0.293616,nan,nan
4,1,104.748,545.15,203.911,233.55,104.748,545.15,203.911,233.55,0,0.823082,nan,nan
4,2,274.123,138.725,19.5733,23.8512,274.123,138.725,19.5732,23.8512,0,0.785749,nan,nan
4,3,525.589,140.247,19.2379,27.27,525.589,140.247,19.2379,27.27,0,0.774678,nan,nan
4,4,547.934,139.414,22.3554,25.1183,547.934,139.414,22.3555,25.1183,0,0.755769,nan,nan
4,5,254.69,138.924,21.5898,23.7971,254.69,138.924,21.5898,23.7971,0,0.75659,nan,nan
4,6,504.004,139.531,21.9321,25.9638,504.004,139.531,21.9321,25.9638,0,0.754483,nan,nan
4,7,195.022,138.722,22.4917,23.3853,195.022,138.722,22.4916,23.3853,0,0.736702,nan,nan
4,8,372.063,138.34,21.7132,24.8052,372.063,138.34,21.7132,24.8052,0,0.72957,nan,nan
4,9,328.469,137.92,22.3864,24.8566,328.469,137.92,22.3865,24.8566,0,0.727962,nan,nan
4,10,738.259,139.096,21.3952,23.196,738.259,139.096,21.3953,23.196,0,0.726661,nan,nan
4,11,295.943,138.138,19.7585,25.4405,295.943,138.138,19.7584,25.4405,0,0.724308,nan,nan
4,12,596.334,138.45,25.7983,25.0133,596.334,138.45,25.7983,25.0133,0,0.717243,nan,nan
4,13,351.01,138.498,18.4763,24.7536,351.01,138.498,18.4763,24.7536,0,0.702679,nan,nan
4,14,112.103,138.195,23.4642,24.2831,112.103,138.195,23.4642,24.2831,0,0.664142,nan,nan
4,15,417.49,138.232,19.5035,25.2546,417.49,138.232,19.5035,25.2546,0,0.645837,nan,nan
4,16,154.39,139.002,25.4193,23.368,154.39,139.002,25.4193,23.368,0,0.63519,nan,nan
4,17,707.19,139.08,19.5399,23.6597,707.19,139.08,19.5398,23.6597,0,0.612257,nan,nan
4,18,629.335,139.14,23.3627,22.3062,629.335,139.14,23.3628,22.3062,0,0.571277,nan,nan
4,19,649.891,139.074,22.0571,22.5993,649.891,139.074,22.0571,22.5993,0,0.566064,nan,nan
4,20,66.58,842.258,133.092,205.589,66.58,842.258,133.092,205.589,0,0.517297,nan,nan
4,21,232.237,138.906,18.1839,24.5696,232.237,138.906,18.1839,24.5696,0,0.528658,nan,nan
4,22,846.186,137.421,24.6932,25.8127,846.186,137.421,24.6931,25.8127,0,0.489465,nan,nan
4,23,216.078,138.629,16.8598,24.22,216.078,138.629,16.8598,24.22,0,0.485198,nan,nan
4,24,770.481,138.633,22.9551,23.3955,770.481,138.633,22.9551,23.3955,0,0.457296,nan,nan
4,25,391.855,137.655,16.767,27.1325,391.855,137.655,16.767,27.1325,0,0.367877,nan,nan
4,26,468.976,135.873,21.0244,32.8059,468.976,135.873,21.0244,32.8059,0,0.350573,nan,nan
4,27,441.081,136.686,18.2583,28.5264,441.081,136.686,18.2583,28.5264,0,0.326149,nan,nan
4,28,571.615,139.071,19.7209,26.0535,571.615,139.071,19.7209,26.0535,0,0.324384,nan,nan
4,29,37.1769,1122.84,72.2764,196.595,37.1769,1122.84,72.2764,196.595,0,0.30129,nan,nan
4,30,61.9312,135.34,25.5214,29.4488,61.9312,135.34,25.5214,29.4488,0,0.296327,nan,nan
5,1,104.748,545.186,203.89,233.479,104.748,545.186,203.89,233.479,0,0.821922,nan,nan
5,2,274.125,138.726,19.5626,23.8563,274.125,138.726,19.5626,23.8563,0,0.785683,nan,nan
5,3,525.588,140.248,19.2384,27.282,525.588,140.248,19.2384,27.282,0,0.774928,nan,nan
5,4,547.932,139.414,22.3514,25.1254,547.932,139.414,22.3514,25.1254,0,0.756019,nan,nan
5,5,254.687,138.925,21.5787,23.803,254.687,138.925,21.5787,23.803,0,0.756871,nan,nan
5,6,504.003,139.532,21.9328,25.9744,504.003,139.532,21.9329,25.9744,0,0.754927,nan,nan
5,7,195.021,138.722,22.4831,23.3896,195.021,138.722,22.4831,23.3896,0,0.736497,nan,nan
5,8,372.062,138.342,21.7084,24.8094,372.062,138.342,21.7084,24.8094,0,0.730122,nan,nan
5,9,328.47,137.921,22.3838,24.8605,328.47,137.921,22.3838,24.8605,0,0.727761,nan,nan
5,10,738.258,139.097,21.3925,23.198,738.258,139.097,21.3925,23.198,0,0.726414,nan,nan
5,11,295.941,138.14,19.7507,25.4431,295.941,138.14,19.7507,25.4431,0,0.72393,nan,nan
5,12,596.338,138.45,25.7917,25.022,596.338,138.45,25.7917,25.022,0,0.718109,nan,nan
5,13,351.009,138.501,18.4801,24.7575,351.009,138.501,18.4801,24.7574,0,0.703055,nan,nan
5,14,112.101,138.197,23.4576,24.2804,112.101,138.197,23.4576,24.2804,0,0.662454,nan,nan
5,15,417.491,138.232,19.4984,25.2539,417.491,138.232,19.4984,25.2539,0,0.646242,nan,nan
5,16,154.39,139.004,25.4242,23.3734,154.39,139.004,25.4242,23.3734,0,0.632936,nan,nan
5,17,707.188,139.08,19.5393,23.6622,707.188,139.08,19.5393,23.6622,0,0.613478,nan,nan
5,18,629.33,139.141,23.351,22.31,629.33,139.141,23.351,22.31,0,0.574378,nan,nan
5,19,649.892,139.074,22.0421,22.6016,649.892,139.074,22.0421,22.6016,0,0.570681,nan,nan
5,20,66.6307,842.612,133.2,205.439,66.6307,842.612,133.2,205.439,0,0.495425,nan,nan
5,21,232.237,138.909,18.1803,24.5755,232.237,138.909,18.1803,24.5755,0,0.529448,nan,nan
5,22,846.184,137.419,24.6948,25.8197,846.184,137.419,24.6948,25.8197,0,0.48974,nan,nan
5,23,216.077,138.629,16.8545,24.2295,216.077,138.629,16.8545,24.2295,0,0.486138,nan,nan
5,24,770.477,138.633,22.9518,23.3954,770.477,138.633,22.9519,23.3954,0,0.457417,nan,nan
5,25,391.856,137.654,16.7682,27.1386,391.856,137.654,16.7682,27.1386,0,0.369773,nan,nan
5,26,468.968,135.871,21.0177,32.8123,468.968,135.871,21.0177,32.8123,0,0.352531,nan,nan
5,27,441.075,136.687,18.2552,28.527,441.075,136.687,18.2552,28.5269,0,0.3284,nan,nan
5,28,571.607,139.07,19.7079,26.0641,571.607,139.07,19.708,26.0641,0,0.327112,nan,nan
5,29,37.0527,1122.79,72.1271,196.831,37.0527,1122.79,72.1271,196.832,0,0.290603,nan,nan
5,30,61.9305,135.338,25.5236,29.4542,61.9305,135.338,25.5236,29.4542,0,0.295221,nan,nan
6,1,104.735,545.174,203.872,233.483,104.735,545.174,203.872,233.483,0,0.822498,nan,nan
6,2,274.126,138.726,19.5599,23.867,274.126,138.726,19.5599,23.8669,0,0.786122,nan,nan
6,3,525.59,140.248,19.2388,27.2875,525.59,140.248,19.2388,27.2875,0,0.774861,nan,nan
6,4,547.933,139.413,22.3545,25.1296,547.933,139.413,22.3545,25.1295,0,0.756082,nan,nan
6,5,254.686,138.925,21.5748,23.8136,254.686,138.925,21.5748,23.8136,0,0.75713,nan,nan
6,6,504.005,139.533,21.934,25.9819,504.005,139.533,21.934,25.9819,0,0.755044,nan,nan
6,7,195.02,138.722,22.4915,23.3947,195.02,138.722,22.4915,23.3947,0,0.737001,nan,nan
6,8,372.063,138.342,21.7033,24.8155,372.063,138.342,21.7034,24.8155,0,0.730319,nan,nan
6,9,328.468,137.922,22.3832,24.8671,328.468,137.922,22.3832,24.8671,0,0.728355,nan,nan
6,10,738.258,139.097,21.395,23.1979,738.258,139.097,21.395,23.1979,0,0.726806,nan,nan
6,11,295.941,138.139,19.7551,25.4535,295.941,138.139,19.7551,25.4535,0,0.724881,nan,nan
6,12,596.336,138.45,25.8029,25.0255,596.336,138.45,25.8029,25.0255,0,0.71787,nan,nan
6,13,351.009,138.501,18.4759,24.7615,351.009,138.501,18.4758,24.7615,0,0.703482,nan,nan
6,14,112.103,138.197,23.4599,24.2785,112.103,138.197,23.4599,24.2785,0,0.664774,nan,nan
6,15,417.491,138.231,19.4983,25.2614,417.491,138.231,19.4983,25.2614,0,0.646981,nan,nan
6,16,154.281,139.047,24.776,23.3174,154.281,139.047,24.776,23.3174,0,0.635286,nan,nan
6,17,707.19,139.08,19.5405,23.662,707.19,139.08,19.5405,23.662,0,0.612902,nan,nan
6,18,629.338,139.14,23.3642,22.3112,629.338,139.14,23.3643,22.3112,0,0.57111,nan,nan
6,19,649.889,139.074,22.064,22.6023,649.889,139.074,22.064,22.6023,0,0.565543,nan,nan
6,20,66.6456,842.615,133.234,205.633,66.6456,842.615,133.234,205.633,0,0.499158,nan,nan
6,21,232.238,138.911,18.1808,24.5829,232.238,138.911,18.1808,24.5829,0,0.529834,nan,nan
6,22,846.186,137.421,24.6954,25.8138,846.186,137.421,24.6953,25.8138,0,0.488838,nan,nan
6,23,216.07,138.63,16.8513,24.2318,216.07,138.63,16.8513,24.2318,0,0.486045,nan,nan
6,24,770.48,138.634,22.954,23.3955,770.48,138.634,22.9541,23.3955,0,0.457584,nan,nan
6,25,391.856,137.654,16.7657,27.1462,391.856,137.654,16.7657,27.1462,0,0.370037,nan,nan
6,26,468.975,135.872,21.0178,32.8184,468.975,135.872,21.0178,32.8184,0,0.352164,nan,nan
6,27,441.076,136.685,18.2509,28.5359,441.076,136.685,18.2509,28.5359,0,0.328297,nan,nan
6,28,571.614,139.07,19.7106,26.0677,571.614,139.07,19.7107,26.0677,0,0.325451,nan,nan
6,29,37.0194,1122.78,72.1031,196.982,37.0194,1122.78,72.1031,196.982,0,0.285728,nan,nan
6,30,61.9301,135.339,25.5119,29.4515,61.9301,135.339,25.5119,29.4515,0,0.296979,nan,nan
7,1,104.736,545.21,203.853,233.448,104.736,545.21,203.853,233.448,0,0.82347,nan,nan
7,2,274.127,138.729,19.5562,23.8533,274.127,138.729,19.5562,23.8533,0,0.785792,nan,nan
7,3,525.588,140.249,19.2376,27.2907,525.588,140.249,19.2375,27.2907,0,0.7757,nan,nan
7,4,547.933,139.412,22.3484,25.1286,547.933,139.412,22.3484,25.1286,0,0.756818,nan,nan
7,5,254.687,138.927,21.5726,23.8005,254.687,138.927,21.5726,23.8005,0,0.756741,nan,nan
7,6,504.006,139.53,21.926,25.9754,504.006,139.53,21.926,25.9754,0,0.755619,nan,nan
7,7,195.018,138.726,22.4958,23.3875,195.018,138.726,22.4958,23.3875,0,0.73646,nan,nan
7,8,372.063,138.344,21.6999,24.7956,372.063,138.344,21.7,24.7956,0,0.730169,nan,nan
7,9,328.469,137.925,22.3807,24.8517,328.469,137.925,22.3807,24.8517,0,0.72802,nan,nan
7,10,738.259,139.097,21.3915,23.1997,738.259,139.097,21.3916,23.1997,0,0.726887,nan,nan
7,11,295.94,138.145,19.7472,25.4324,295.94,138.145,19.7472,25.4324,0,0.723925,nan,nan
7,12,596.343,138.446,25.7731,25.0255,596.343,138.446,25.7732,25.0255,0,0.71878,nan,nan
7,13,351.01,138.504,18.4758,24.7459,351.01,138.504,18.4758,24.7459,0,0.702873,nan,nan
7,14,112.102,138.201,23.4712,24.2708,112.102,138.201,23.4712,24.2708,0,0.663625,nan,nan
7,15,417.491,138.235,19.4911,25.2363,417.491,138.235,19.4911,25.2363,0,0.646536,nan,nan
7,16,154.35,139.023,25.1783,23.3503,154.35,139.023,25.1783,23.3503,0,0.633716,nan,nan
7,17,707.19,139.08,19.5355,23.6647,707.19,139.08,19.5354,23.6647,0,0.614089,nan,nan
7,18,629.331,139.139,23.3487,22.311,629.331,139.139,23.3486,22.3109,0,0.575554,nan,nan
7,19,649.895,139.072,22.036,22.603,649.895,139.072,22.036,22.603,0,0.572518,nan,nan
7,20,66.6436,842.621,133.233,205.262,66.6436,842.621,133.233,205.262,0,0.485451,nan,nan
7,21,232.239,138.916,18.178,24.565,232.239,138.916,18.178,24.565,0,0.529175,nan,nan
7,22,846.186,137.421,24.6915,25.8152,846.186,137.421,24.6914,25.8152,0,0.491269,nan,nan
7,23,216.07,138.635,16.8468,24.2176,216.07,138.635,16.8468,24.2176,0,0.485845,nan,nan
7,24,770.478,138.635,22.9459,23.3941,770.478,138.635,22.9458,23.3941,0,0.458422,nan,nan
7,25,391.856,137.657,16.7646,27.1185,391.856,137.657,16.7645,27.1185,0,0.370069,nan,nan
7,26,468.965,135.873,21.0086,32.8102,468.965,135.873,21.0085,32.8102,0,0.3501,nan,nan
7,27,441.067,136.692,18.2435,28.5113,441.067,136.692,18.2435,28.5113,0,0.328008,nan,nan
7,28,571.601,139.065,19.6904,26.0696,571.601,139.065,19.6904,26.0696,0,0.330296,nan,nan
7,29,37.0482,1122.93,72.058,196.573,37.0482,1122.93,72.058,196.573,0,0.268652,nan,nan
7,30,61.9293,135.338,25.5154,29.452,61.9293,135.338,25.5154,29.452,0,0.294612,nan,nan
8,1,104.714,545.152,203.829,233.508,104.714,545.152,203.829,233.508,0,0.823083,nan,nan
8,2,274.127,138.731,19.5567,23.8557,274.127,138.731,19.5567,23.8557,0,0.785709,nan,nan
8,3,525.589,140.25,19.2385,27.2967,525.589,140.25,19.2385,27.2967,0,0.775695,nan,nan
8,4,547.935,139.412,22.3502,25.1359,547.935,139.412,22.3501,25.1359,0,0.756706,nan,nan
8,5,254.686,138.93,21.5731,23.8018,254.686,138.93,21.5731,23.8018,0,0.756788,nan,nan
8,6,504.006,139.531,21.9254,25.9748,504.006,139.531,21.9254,25.9748,0,0.75577,nan,nan
8,7,195.019,138.73,22.5046,23.3867,195.019,138.73,22.5046,23.3867,0,0.735722,nan,nan
8,8,372.061,138.346,21.6986,24.79,372.061,138.346,21.6986,24.79,0,0.729082,nan,nan
8,9,328.467,137.928,22.3795,24.847,328.467,137.928,22.3795,24.847,0,0.727909,nan,nan
8,10,738.258,139.097,21.3916,23.1986,738.258,139.097,21.3916,23.1986,0,0.727337,nan,nan
8,11,295.938,138.148,19.7512,25.4293,295.938,138.148,19.7512,25.4293,0,0.723552,nan,nan
8,12,596.342,138.445,25.7746,25.0326,596.342,138.445,25.7747,25.0326,0,0.718747,nan,nan
8,13,351.008,138.507,18.4734,24.7412,351.008,138.507,18.4734,24.7412,0,0.702676,nan,nan
8,14,112.103,138.203,23.4713,24.2632,112.103,138.203,23.4713,24.2632,0,0.664089,nan,nan
8,15,417.493,138.236,19.4925,25.2303,417.493,138.236,19.4925,25.2303,0,0.646416,nan,nan
8,16,154.378,139.018,25.3269,23.3631,154.378,139.018,25.3269,23.3632,0,0.633557,nan,nan
8,17,707.189,139.079,19.538,23.6669,707.189,139.079,19.538,23.6669,0,0.613574,nan,nan
8,18,629.335,139.138,23.3552,22.3115,629.335,139.138,23.3552,22.3115,0,0.572834,nan,nan
8,19,649.894,139.071,22.0515,22.6036,649.894,139.071,22.0515,22.6036,0,0.568279,nan,nan
8,20,66.6543,842.56,133.261,205.366,66.6543,842.56,133.261,205.366,0,0.478805,nan,nan
8,21,232.24,138.921,18.1734,24.5607,232.24,138.921,18.1734,24.5607,0,0.529272,nan,nan
8,22,846.188,137.424,24.6859,25.8049,846.188,137.424,24.6858,25.8049,0,0.491124,nan,nan
8,23,216.066,138.639,16.8438,24.2112,216.066,138.639,16.8438,24.2112,0,0.484926,nan,nan
8,24,770.478,138.635,22.9437,23.3913,770.478,138.635,22.9436,23.3912,0,0.458706,nan,nan
8,25,391.854,137.661,16.7635,27.1109,391.854,137.661,16.7634,27.1109,0,0.367637,nan,nan
8,26,468.971,135.874,21.0098,32.8049,468.971,135.874,21.0098,32.8049,0,0.348692,nan,nan
8,27,441.066,136.691,18.241,28.509,441.066,136.691,18.241,28.509,0,0.327203,nan,nan
8,28,571.602,139.064,19.6802,26.079,571.602,139.064,19.6802,26.079,0,0.329313,nan,nan
8,29,37.0676,1123.04,72.0528,196.373,37.0676,1123.04,72.0528,196.373,0,0.264632,nan,nan
8,30,61.9318,135.34,25.5161,29.4449,61.9318,135.34,25.5161,29.4449,0,0.294698,nan,nan
8,31,2647.81,1049.64,107.344,208.493,2647.81,1049.64,107.345,208.493,0,0.347138,424.99,345.727
9,1,104.729,545.183,203.828,233.394,104.729,545.183,203.828,233.394,0,0.826153,nan,nan
9,2,274.131,138.732,19.568,23.8412,274.131,138.732,19.568,23.8412,0,0.785155,nan,nan
9,3,525.595,140.251,19.239,27.2909,525.595,140.251,19.239,27.2909,0,0.775612,nan,nan
9,4,547.942,139.413,22.3503,25.1325,547.942,139.413,22.3503,25.1324,0,0.756903,nan,nan
9,5,254.693,138.933,21.5839,23.7906,254.693,138.933,21.5839,23.7906,0,0.755835,nan,nan
9,6,504.012,139.531,21.9266,25.9703,504.012,139.531,21.9266,25.9703,0,0.755557,nan,nan
9,7,195.03,138.734,22.5091,23.3718,195.03,138.734,22.5091,23.3718,0,0.73561,nan,nan
9,8,372.067,138.346,21.7111,24.7877,372.067,138.346,21.7111,24.7877,0,0.729227,nan,nan
9,9,328.478,137.928,22.3825,24.8388,328.478,137.928,22.3824,24.8388,0,0.727371,nan,nan
9,10,738.264,139.099,21.3896,23.1998,738.264,139.099,21.3896,23.1998,0,0.727219,nan,nan
9,11,295.948,138.149,19.7546,25.414,295.948,138.149,19.7546,25.4139,0,0.722833,nan,nan
9,12,596.348,138.446,25.7723,25.034,596.348,138.446,25.7722,25.034,0,0.718861,nan,nan
9,13,351.015,138.507,18.4766,24.7394,351.015,138.507,18.4766,24.7394,0,0.70208,nan,nan
9,14,112.111,138.212,23.4766,24.2407,112.111,138.212,23.4766,24.2407,0,0.660884,nan,nan
9,15,417.499,138.237,19.4969,25.2258,417.499,138.237,19.4969,25.2258,0,0.646048,nan,nan
9,16,154.403,139.018,25.3962,23.3446,154.403,139.018,25.3962,23.3446,0,0.633892,nan,nan
9,17,707.193,139.081,19.5388,23.6678,707.193,139.081,19.5388,23.6678,0,0.614497,nan,nan
9,18,629.338,139.139,23.3491,22.313,629.338,139.139,23.3491,22.313,0,0.574627,nan,nan
9,19,649.902,139.073,22.0405,22.604,649.902,139.073,22.0405,22.604,0,0.57135,nan,nan
9,20,66.6107,842.784,133.154,205.323,66.6107,842.784,133.154,205.323,0,0.489568,nan,nan
9,21,232.248,138.922,18.1859,24.5502,232.248,138.922,18.1859,24.5502,0,0.527852,nan,nan
9,22,846.191,137.424,24.6875,25.8118,846.191,137.424,24.6875,25.8118,0,0.491918,nan,nan
9,23,216.073,138.643,16.8366,24.1946,216.073,138.643,16.8366,24.1945,0,0.48424,nan,nan
9,24,770.484,138.637,22.9451,23.3917,770.484,138.637,22.9451,23.3917,0,0.458963,nan,nan
9,25,391.861,137.662,16.7671,27.1029,391.861,137.662,16.7671,27.1028,0,0.367659,nan,nan
9,26,468.974,135.875,21.0115,32.8022,468.974,135.875,21.0115,32.8022,0,0.349863,nan,nan
9,27,441.077,136.692,18.2499,28.5055,441.077,136.692,18.2499,28.5055,0,0.327639,nan,nan
9,28,571.604,139.066,19.6845,26.0767,571.604,139.066,19.6846,26.0767,0,0.330278,nan,nan
9,29,37.184,1123.08,72.088,196.356,37.184,1123.08,72.088,196.356,0,0.289465,nan,nan
9,30,61.9405,135.345,25.5228,29.4421,61.9405,135.345,25.5228,29.4421,0,0.29375,nan,nan
10,1,104.723,545.182,203.839,233.382,104.723,545.182,203.839,233.382,0,0.825523,nan,nan
10,2,274.123,138.731,19.5738,23.8442,274.123,138.731,19.5738,23.8442,0,0.785373,nan,nan
10,3,525.591,140.249,19.2405,27.2915,525.591,140.249,19.2405,27.2915,0,0.775573,nan,nan
10,4,547.938,139.411,22.3543,25.1358,547.938,139.411,22.3542,25.1358,0,0.756785,nan,nan
10,5,254.686,138.934,21.5872,23.7926,254.686,138.934,21.5872,23.7926,0,0.756065,nan,nan
10,6,504.006,139.53,21.9282,25.9695,504.006,139.53,21.9282,25.9695,0,0.755631,nan,nan
10,7,195.025,138.736,22.5137,23.3669,195.025,138.736,22.5137,23.3669,0,0.735699,nan,nan
10,8,372.061,138.343,21.7144,24.7894,372.061,138.343,21.7144,24.7894,0,0.729055,nan,nan
10,9,328.471,137.926,22.3852,24.8393,328.471,137.926,22.3853,24.8393,0,0.727865,nan,nan
10,10,738.259,139.097,21.3942,23.1991,738.259,139.097,21.3942,23.1991,0,0.7277,nan,nan
10,11,295.942,138.146,19.7621,25.4166,295.942,138.146,19.7621,25.4166,0,0.723329,nan,nan
10,12,596.339,138.444,25.7855,25.0335,596.339,138.444,25.7854,25.0335,0,0.718583,nan,nan
10,13,351.01,138.504,18.4751,24.7413,351.01,138.504,18.4751,24.7413,0,0.702234,nan,nan
10,14,112.107,138.212,23.483,24.233,112.107,138.212,23.483,24.233,0,0.661519,nan,nan
10,15,417.494,138.236,19.5019,25.2274,417.494,138.236,19.5018,25.2274,0,0.646204,nan,nan
10,16,154.4,139.019,25.4146,23.3404,154.4,139.019,25.4146,23.3404,0,0.63508,nan,nan
10,17,707.189,139.079,19.5424,23.6686,707.189,139.079,19.5425,23.6686,0,0.613723,nan,nan
10,18,629.34,139.137,23.3651,22.3122,629.34,139.137,23.365,22.3122,0,0.571195,nan,nan
10,19,649.893,139.071,22.067,22.6041,649.893,139.071,22.067,22.6041,0,0.565801,nan,nan
10,20,66.5862,842.695,133.122,205.789,66.5862,842.695,133.122,205.789,0,0.485404,nan,nan
10,21,232.242,138.922,18.1953,24.5472,232.242,138.922,18.1953,24.5472,0,0.528197,nan,nan
10,22,846.188,137.425,24.6855,25.805,846.188,137.425,24.6855,25.805,0,0.490917,nan,nan
10,23,216.066,138.644,16.8345,24.1843,216.066,138.644,16.8345,24.1843,0,0.48384,nan,nan
10,24,770.481,138.635,22.9487,23.3909,770.481,138.635,22.9487,23.3909,0,0.459044,nan,nan
10,25,391.854,137.661,16.7674,27.1023,391.854,137.661,16.7674,27.1023,0,0.366491,nan,nan
10,26,468.977,135.876,21.0168,32.7986,468.977,135.876,21.0168,32.7986,0,0.348002,nan,nan
10,27,441.074,136.692,18.2517,28.5074,441.074,136.692,18.2517,28.5074,0,0.326134,nan,nan
10,28,571.603,139.063,19.6884,26.0766,571.603,139.063,19.6884,26.0767,0,0.328893,nan,nan
10,29,37.2181,1123.09,72.1133,196.338,37.2181,1123.09,72.1133,196.338,0,0.283872,nan,nan
10,30,61.9332,135.345,25.5226,29.4386,61.9332,135.345,25.5226,29.4385,0,0.294139,nan,nan
11,1,104.732,545.191,203.866,233.359,104.732,545.191,203.866,233.359,0,0.826483,nan,nan
11,2,274.116,138.729,19.5682,23.8459,274.116,138.729,19.5682,23.8459,0,0.785566,nan,nan
11,3,525.583,140.247,19.2394,27.283,525.583,140.247,19.2395,27.283,0,0.775842,nan,nan
11,4,547.93,139.41,22.3506,25.1279,547.93,139.41,22.3506,25.1279,0,0.757133,nan,nan
11,5,254.678,138.932,21.5833,23.7945,254.678,138.932,21.5833,23.7945,0,0.756422,nan,nan
11,6,503.999,139.527,21.9255,25.9616,503.999,139.527,21.9255,25.9616,0,0.755616,nan,nan
11,7,195.017,138.735,22.5072,23.365,195.017,138.735,22.5072,23.365,0,0.736799,nan,nan
11,8,372.054,138.342,21.713,24.7892,372.054,138.342,21.713,24.7892,0,0.729986,nan,nan
11,9,328.464,137.924,22.3842,24.8376,328.464,137.924,22.3843,24.8376,0,0.727809,nan,nan
11,10,738.255,139.096,21.3937,23.2015,738.255,139.096,21.3937,23.2015,0,0.727756,nan,nan
11,11,295.934,138.144,19.758,25.4164,295.934,138.144,19.7579,25.4164,0,0.723604,nan,nan
11,12,596.335,138.443,25.7758,25.0288,596.335,138.443,25.7759,25.0288,0,0.718985,nan,nan
11,13,351.002,138.502,18.475,24.7422,351.002,138.502,18.475,24.7422,0,0.702599,nan,nan
11,14,112.098,138.211,23.4794,24.2285,112.098,138.211,23.4794,24.2285,0,0.663107,nan,nan
11,15,417.487,138.234,19.4999,25.224,417.487,138.234,19.4999,25.224,0,0.64697,nan,nan
11,16,154.39,139.017,25.4116,23.3384,154.39,139.017,25.4116,23.3384,0,0.636137,nan,nan
11,17,707.182,139.079,19.5445,23.6722,707.182,139.079,19.5444,23.6722,0,0.614894,nan,nan
11,18,629.331,139.136,23.3574,22.3125,629.331,139.136,23.3574,22.3124,0,0.57412,nan,nan
11,19,649.889,139.07,22.0507,22.6038,649.889,139.07,22.0507,22.6038,0,0.570458,nan,nan
11,20,66.5889,842.641,133.15,205.86,66.5889,842.641,133.15,205.86,0,0.485202,nan,nan
11,21,232.237,138.921,18.1969,24.5499,232.237,138.921,18.1969,24.5499,0,0.529948,nan,nan
11,22,846.182,137.423,24.6881,25.8128,846.182,137.423,24.6881,25.8128,0,0.492036,nan,nan
11,23,216.052,138.644,16.8262,24.1837,216.052,138.644,16.8262,24.1837,0,0.486226,nan,nan
11,24,770.476,138.634,22.9507,23.3924,770.476,138.634,22.9507,23.3924,0,0.459538,nan,nan
11,25,391.848,137.659,16.7692,27.102,391.848,137.659,16.7692,27.102,0,0.369779,nan,nan
11,26,468.962,135.873,21.0138,32.7977,468.962,135.873,21.0138,32.7977,0,0.350314,nan,nan
11,27,441.066,136.691,18.2526,28.5019,441.066,136.691,18.2526,28.5019,0,0.328397,nan,nan
11,28,571.587,139.062,19.6845,26.0686,571.587,139.062,19.6846,26.0686,0,0.331178,nan,nan
11,29,37.2069,1123.09,72.1071,196.321,37.2069,1123.09,72.1071,196.321,0,0.28564,nan,nan
11,30,61.9269,135.342,25.5273,29.4413,61.9269,135.342,25.5273,29.4413,0,0.296359,nan,nan
12,1,104.852,545.173,204.068,233.371,104.852,545.173,204.068,233.371,0,0.827115,nan,nan
12,2,274.119,138.731,19.5547,23.8454,274.119,138.731,19.5547,23.8455,0,0.786622,nan,nan
12,3,525.484,140.33,19.199,27.3286,525.484,140.33,19.199,27.3286,0,0.777793,nan,nan
12,4,547.942,139.401,22.3405,25.1719,547.942,139.401,22.3405,25.1718,0,0.761541,nan,nan
12,5,254.676,138.941,21.56,23.7885,254.676,138.941,21.56,23.7885,0,0.757118,nan,nan
12,6,504.01,139.519,21.9194,26.0071,504.01,139.519,21.9194,26.0071,0,0.757753,nan,nan
12,7,195.037,138.734,22.5175,23.3448,195.037,138.734,22.5175,23.3448,0,0.738108,nan,nan
12,8,372.058,138.342,21.709,24.8067,372.058,138.342,21.709,24.8067,0,0.734646,nan,nan
12,9,328.471,137.925,22.3719,24.8386,328.471,137.925,22.3719,24.8386,0,0.729966,nan,nan
12,10,738.257,139.098,21.4001,23.2108,738.257,139.098,21.4001,23.2108,0,0.731297,nan,nan
12,11,295.931,138.151,19.7629,25.3949,295.931,138.151,19.7629,25.3949,0,0.727274,nan,nan
12,12,596.351,138.43,25.7288,25.0628,596.351,138.43,25.7288,25.0628,0,0.724934,nan,nan
12,13,351.001,138.508,18.4773,24.7442,351.001,138.508,18.4773,24.7442,0,0.705614,nan,nan
12,14,112.096,138.207,23.4972,24.2435,112.096,138.207,23.4972,24.2435,0,0.665671,nan,nan
12,15,417.488,138.247,19.488,25.2288,417.488,138.247,19.488,25.2288,0,0.653103,nan,nan
12,16,154.407,139.017,25.4452,23.3156,154.407,139.017,25.4452,23.3156,0,0.640599,nan,nan
12,17,707.187,139.08,19.5291,23.6777,707.187,139.08,19.5291,23.6777,0,0.624094,nan,nan
12,18,629.312,139.133,23.3081,22.323,629.312,139.133,23.3081,22.323,0,0.584773,nan,nan
12,19,649.895,139.069,21.987,22.6136,649.895,139.069,21.9871,22.6136,0,0.582859,nan,nan
12,20,66.5575,843.25,133.064,205.08,66.5575,843.25,133.064,205.08,0,0.492366,nan,nan
12,21,232.224,138.94,18.1871,24.5364,232.224,138.94,18.1871,24.5364,0,0.527261,nan,nan
12,22,846.205,137.426,24.6702,25.8052,846.205,137.426,24.6702,25.8052,0,0.49989,nan,nan
12,23,216.083,138.652,16.7972,24.1589,216.083,138.652,16.7972,24.1589,0,0.485282,nan,nan
12,24,770.469,138.634,22.9243,23.3984,770.469,138.634,22.9243,23.3984,0,0.4633,nan,nan
12,25,391.857,137.663,16.7792,27.1163,391.857,137.663,16.7792,27.1163,0,0.375933,nan,nan
12,26,468.987,135.876,21.0195,32.8315,468.987,135.876,21.0195,32.8315,0,0.352185,nan,nan
12,27,441.08,136.699,18.2467,28.521,441.08,136.699,18.2467,28.521,0,0.328961,nan,nan
12,28,571.548,139.043,19.6187,26.1336,571.548,139.043,19.6187,26.1336,0,0.342035,nan,nan
12,29,37.2105,1123.32,72.1725,195.985,37.2105,1123.32,72.1725,195.985,0,0.251539,nan,nan
12,30,61.94,135.349,25.5002,29.4383,61.94,135.349,25.5002,29.4383,0,0.304085,nan,nan
12,31,2604.36,1036.74,198.327,280.183,2604.36,1036.74,198.327,280.183,0,0.601242,424.99,345.727
13,1,104.893,545.162,204.143,233.388,104.893,545.162,204.143,233.388,0,0.827403,nan,nan
13,2,274.115,138.73,19.5573,23.8464,274.115,138.73,19.5574,23.8464,0,0.786633,nan,nan
13,3,525.445,140.356,19.179,27.3414,525.445,140.356,19.179,27.3414,0,0.77762,nan,nan
13,4,547.94,139.397,22.3409,25.1829,547.94,139.397,22.3409,25.1829,0,0.761027,nan,nan
13,5,254.669,138.942,21.5551,23.7865,254.669,138.942,21.5551,23.7865,0,0.757017,nan,nan
13,6,504.005,139.516,21.9016,26.027,504.005,139.516,21.9016,26.027,0,0.758423,nan,nan
13,7,195.04,138.732,22.5252,23.3373,195.04,138.732,22.5252,23.3373,0,0.738138,nan,nan
13,8,372.055,138.336,21.7157,24.807,372.055,138.336,21.7157,24.807,0,0.736993,nan,nan
13,9,328.474,137.919,22.3707,24.8449,328.474,137.919,22.3707,24.8449,0,0.73063,nan,nan
13,10,738.254,139.097,21.4031,23.213,738.254,139.097,21.4031,23.213,0,0.73102,nan,nan
13,11,295.929,138.149,19.7772,25.3911,295.929,138.149,19.7772,25.3911,0,0.727592,nan,nan
13,12,596.353,138.425,25.7131,25.0734,596.353,138.425,25.7131,25.0734,0,0.724657,nan,nan
13,13,351,138.505,18.4798,24.7444,351,138.505,18.4799,24.7444,0,0.706126,nan,nan
13,14,112.092,138.204,23.5062,24.2479,112.092,138.204,23.5062,24.2479,0,0.665733,nan,nan
13,15,417.486,138.247,19.4871,25.2361,417.486,138.247,19.4871,25.2361,0,0.655873,nan,nan
13,16,154.411,139.015,25.4587,23.3058,154.411,139.015,25.4587,23.3058,0,0.640818,nan,nan
13,17,707.186,139.08,19.5258,23.6781,707.186,139.08,19.5258,23.6781,0,0.623444,nan,nan
13,18,629.329,139.127,23.3326,22.3257,629.329,139.127,23.3326,22.3257,0,0.575418,nan,nan
13,19,649.874,139.064,22.0246,22.6173,649.874,139.064,22.0247,22.6173,0,0.567781,nan,nan
13,20,66.541,843.449,133.03,204.816,66.541,843.449,133.03,204.816,0,0.497071,nan,nan
13,21,232.213,138.944,18.1862,24.5295,232.213,138.944,18.1862,24.5295,0,0.526711,nan,nan
13,22,846.208,137.422,24.6655,25.8139,846.208,137.422,24.6655,25.8139,0,0.498179,nan,nan
13,23,216.095,138.654,16.7916,24.1488,216.095,138.654,16.7916,24.1488,0,0.484971,nan,nan
13,24,770.464,138.631,22.9177,23.4031,770.464,138.631,22.9177,23.4031,0,0.463961,nan,nan
13,25,391.864,137.66,16.7753,27.1223,391.864,137.66,16.7753,27.1223,0,0.381225,nan,nan
13,26,468.992,135.876,21.0231,32.8408,468.992,135.876,21.0231,32.8408,0,0.353703,nan,nan
13,27,441.08,136.706,18.2426,28.5185,441.08,136.706,18.2426,28.5185,0,0.333647,nan,nan
13,28,571.521,139.036,19.5895,26.1536,571.521,139.036,19.5895,26.1536,0,0.342724,nan,nan
13,29,37.2062,1123.41,72.1965,195.859,37.2062,1123.41,72.1965,195.859,0,0.251808,nan,nan
13,30,61.941,135.35,25.4898,29.4369,61.941,135.35,25.4899,29.4369,0,0.304004,nan,nan
13,31,2599.47,1035.47,208.57,287.211,2599.47,1035.47,208.569,287.211,0,0.601542,424.99,345.727
14,1,104.896,545.235,204.119,233.193,104.896,545.235,204.119,233.193,0,0.829641,nan,nan
14,2,274.118,138.733,19.5735,23.8499,274.118,138.733,19.5735,23.8499,0,0.786109,nan,nan
14,3,525.437,140.367,19.1744,27.3397,525.437,140.367,19.1743,27.3397,0,0.776961,nan,nan
14,4,547.946,139.398,22.3463,25.1786,547.946,139.398,22.3462,25.1786,0,0.759814,nan,nan
14,5,254.676,138.946,21.5652,23.7929,254.676,138.946,21.5652,23.7929,0,0.756034,nan,nan
14,6,504.009,139.518,21.9008,26.0334,504.009,139.518,21.9008,26.0334,0,0.757672,nan,nan
14,7,195.047,138.734,22.5423,23.3385,195.047,138.734,22.5423,23.3385,0,0.736288,nan,nan
14,8,372.06,138.336,21.7253,24.813,372.06,138.336,21.7252,24.813,0,0.735714,nan,nan
14,9,328.477,137.922,22.3766,24.8507,328.477,137.922,22.3766,24.8507,0,0.729805,nan,nan
14,10,738.256,139.1,21.4078,23.2175,738.256,139.1,21.4077,23.2175,0,0.730068,nan,nan
14,11,295.934,138.15,19.7893,25.3955,295.934,138.15,19.7893,25.3955,0,0.726907,nan,nan
14,12,596.353,138.425,25.7217,25.0724,596.353,138.425,25.7217,25.0724,0,0.724094,nan,nan
14,13,351.002,138.506,18.4846,24.7516,351.002,138.506,18.4846,24.7516,0,0.705561,nan,nan
14,14,112.098,138.204,23.5219,24.2497,112.098,138.204,23.5219,24.2497,0,0.664375,nan,nan
14,15,417.492,138.248,19.4925,25.2486,417.492,138.248,19.4926,25.2486,0,0.654312,nan,nan
14,16,154.422,139.016,25.4748,23.2985,154.422,139.016,25.4748,23.2985,0,0.639405,nan,nan
14,17,707.19,139.08,19.5251,23.6846,707.19,139.08,19.5251,23.6846,0,0.624797,nan,nan
14,18,629.338,139.126,23.3419,22.3267,629.338,139.126,23.3419,22.3267,0,0.575719,nan,nan
14,19,649.872,139.065,22.0366,22.6196,649.872,139.065,22.0366,22.6196,0,0.568578,nan,nan
14,20,66.6458,843.591,133.229,204.851,66.6458,843.591,133.229,204.851,0,0.499371,nan,nan
14,21,232.213,138.947,18.192,24.5353,232.213,138.947,18.192,24.5352,0,0.524228,nan,nan
14,22,846.205,137.421,24.6748,25.8378,846.205,137.421,24.6748,25.8378,0,0.489956,nan,nan
14,23,216.115,138.658,16.7865,24.1478,216.115,138.658,16.7865,24.1478,0,0.481184,nan,nan
14,24,770.465,138.631,22.9115,23.4102,770.465,138.631,22.9115,23.4102,0,0.46125,nan,nan
14,25,391.872,137.662,16.7735,27.1267,391.872,137.662,16.7735,27.1267,0,0.376633,nan,nan
14,26,469.006,135.882,21.0361,32.8467,469.006,135.882,21.0361,32.8467,0,0.351096,nan,nan
14,27,441.094,136.709,18.2477,28.5291,441.094,136.709,18.2477,28.5291,0,0.330407,nan,nan
14,28,571.522,139.039,19.5913,26.1474,571.522,139.039,19.5913,26.1474,0,0.339409,nan,nan
14,30,61.9534,135.353,25.489,29.4317,61.9534,135.353,25.489,29.4317,0,0.30108,nan,nan
14,31,2584.06,1027.71,239.878,304.786,2584.06,1027.71,239.878,304.786,0,0.778726,424.99,345.727
15,1,104.888,545.27,204.103,233.106,104.888,545.27,204.103,233.106,0,0.829724,nan,nan
15,2,274.112,138.731,19.5811,23.8504,274.112,138.731,19.5811,23.8504,0,0.786143,nan,nan
15,3,525.429,140.369,19.1738,27.3344,525.429,140.369,19.1738,27.3344,0,0.776772,nan,nan
15,4,547.942,139.398,22.3495,25.1742,547.942,139.398,22.3495,25.1742,0,0.759683,nan,nan
15,5,254.672,138.945,21.5699,23.7951,254.672,138.945,21.5699,23.7951,0,0.756109,nan,nan
15,6,504.005,139.517,21.9011,26.0325,504.005,139.517,21.9011,26.0325,0,0.757473,nan,nan
15,7,195.043,138.733,22.5495,23.3378,195.043,138.733,22.5494,23.3378,0,0.736362,nan,nan
15,8,372.055,138.334,21.7307,24.814,372.055,138.334,21.7307,24.814,0,0.735899,nan,nan
15,9,328.475,137.918,22.3821,24.8565,328.475,137.918,22.3821,24.8565,0,0.730112,nan,nan
15,10,738.251,139.099,21.4095,23.2186,738.251,139.099,21.4095,23.2186,0,0.730271,nan,nan
15,11,295.929,138.146,19.7986,25.3983,295.929,138.146,19.7986,25.3983,0,0.726765,nan,nan
15,12,596.347,138.425,25.7258,25.0727,596.347,138.425,25.7258,25.0727,0,0.723895,nan,nan
15,13,351,138.503,18.4835,24.7533,351,138.503,18.4835,24.7533,0,0.705619,nan,nan
15,14,112.092,138.202,23.5254,24.2497,112.092,138.202,23.5254,24.2497,0,0.664568,nan,nan
15,15,417.488,138.247,19.4951,25.2501,417.488,138.247,19.4951,25.2502,0,0.65433,nan,nan
15,16,154.417,139.015,25.4775,23.2968,154.417,139.015,25.4775,23.2968,0,0.639707,nan,nan
15,17,707.186,139.079,19.525,23.6857,707.186,139.079,19.525,23.6857,0,0.624982,nan,nan
15,18,629.323,139.124,23.3218,22.3314,629.323,139.124,23.3218,22.3314,0,0.580561,nan,nan
15,19,649.87,139.064,22.0231,22.6205,649.87,139.064,22.0232,22.6205,0,0.573964,nan,nan
15,20,66.6556,843.661,133.259,204.868,66.6556,843.661,133.259,204.868,0,0.499331,nan,nan
15,21,232.207,138.947,18.1912,24.5378,232.207,138.947,18.1912,24.5378,0,0.524326,nan,nan
15,22,846.199,137.42,24.6778,25.8455,846.199,137.42,24.6777,25.8455,0,0.489875,nan,nan
15,23,216.115,138.657,16.7847,24.1475,216.115,138.657,16.7847,24.1475,0,0.481531,nan,nan
15,24,770.459,138.629,22.9084,23.4128,770.459,138.629,22.9084,23.4128,0,0.461724,nan,nan
15,25,391.868,137.661,16.7737,27.1263,391.868,137.661,16.7737,27.1263,0,0.37696,nan,nan
15,26,469.005,135.881,21.0418,32.8468,469.005,135.881,21.0419,32.8468,0,0.350973,nan,nan
15,27,441.093,136.709,18.2509,28.5305,441.093,136.709,18.251,28.5305,0,0.330508,nan,nan
15,28,571.517,139.04,19.5955,26.1416,571.517,139.04,19.5955,26.1416,0,0.339243,nan,nan
15,30,61.951,135.352,25.4869,29.43,61.951,135.352,25.4868,29.43,0,0.301059,nan,nan
15,31,2577.65,1024.78,252.696,311.296,2577.65,1024.78,252.696,311.296,0,0.781669,424.99,345.727
16,1,104.885,545.274,204.099,233.107,104.885,545.274,204.099,233.107,0,0.829802,nan,nan
16,2,274.11,138.731,19.5801,23.8521,274.11,138.731,19.5801,23.8521,0,0.786359,nan,nan
16,3,525.424,140.369,19.1761,27.3369,525.424,140.369,19.1761,27.3369,0,0.776979,nan,nan
16,4,547.941,139.397,22.3495,25.1735,547.941,139.397,22.3496,25.1735,0,0.75981,nan,nan
16,5,254.67,138.944,21.5648,23.7989,254.67,138.944,21.5648,23.7989,0,0.756272,nan,nan
16,6,504.001,139.515,21.8996,26.0369,504.001,139.515,21.8996,26.0369,0,0.757592,nan,nan
16,7,195.041,138.732,22.5426,23.3403,195.041,138.732,22.5425,23.3403,0,0.73686,nan,nan
16,8,372.053,138.335,21.7302,24.8166,372.053,138.335,21.7302,24.8166,0,0.735694,nan,nan
16,9,328.47,137.92,22.3812,24.8569,328.47,137.92,22.3812,24.8569,0,0.729887,nan,nan
16,10,738.249,139.099,21.4085,23.2188,738.249,139.099,21.4084,23.2188,0,0.730429,nan,nan
16,11,295.927,138.146,19.8018,25.4011,295.927,138.146,19.8019,25.4011,0,0.726801,nan,nan
16,12,596.346,138.424,25.7295,25.0724,596.346,138.424,25.7295,25.0724,0,0.724361,nan,nan
16,13,350.996,138.504,18.4856,24.7557,350.996,138.504,18.4856,24.7557,0,0.705616,nan,nan
16,14,112.09,138.203,23.5201,24.244,112.09,138.203,23.5201,24.244,0,0.665513,nan,nan
16,15,417.487,138.247,19.4957,25.2543,417.487,138.247,19.4957,25.2543,0,0.654141,nan,nan
16,16,154.412,139.015,25.469,23.2942,154.412,139.015,25.469,23.2942,0,0.640178,nan,nan
16,17,707.185,139.078,19.5229,23.6858,707.185,139.078,19.5229,23.6858,0,0.625099,nan,nan
16,18,629.321,139.122,23.3229,22.3303,629.321,139.122,23.323,22.3303,0,0.580761,nan,nan
16,19,649.869,139.062,22.0126,22.6209,649.869,139.062,22.0126,22.6209,0,0.57308,nan,nan
16,20,66.6917,843.673,133.337,204.84,66.6917,843.673,133.337,204.84,0,0.497194,nan,nan
16,21,232.205,138.947,18.1871,24.5424,232.205,138.947,18.1871,24.5424,0,0.524949,nan,nan
16,22,846.197,137.419,24.6771,25.8483,846.197,137.419,24.6771,25.8483,0,0.490535,nan,nan
16,23,216.114,138.657,16.7811,24.1515,216.114,138.657,16.7811,24.1515,0,0.482712,nan,nan
16,24,770.458,138.629,22.9066,23.4132,770.458,138.629,22.9065,23.4132,0,0.461818,nan,nan
16,25,391.866,137.661,16.7725,27.1294,391.866,137.661,16.7725,27.1294,0,0.376603,nan,nan
16,26,469.004,135.881,21.0424,32.8478,469.004,135.881,21.0424,32.8478,0,0.350681,nan,nan
16,27,441.092,136.708,18.2507,28.5333,441.092,136.708,18.2507,28.5333,0,0.329983,nan,nan
16,28,571.518,139.038,19.5981,26.1412,571.518,139.038,19.5981,26.1411,0,0.339225,nan,nan
16,30,61.9519,135.352,25.4872,29.427,61.9519,135.352,25.4872,29.427,0,0.301746,nan,nan
16,31,2575.32,1023.79,257.368,313.336,2575.32,1023.79,257.368,313.336,0,0.780512,424.99,345.727
17,1,104.972,545.259,204.287,233.207,104.972,545.259,204.287,233.207,0,0.828306,nan,nan
17,2,274.111,138.724,19.5776,23.8513,274.111,138.724,19.5776,23.8513,0,0.786702,nan,nan
17,3,525.422,140.371,19.1752,27.3461,525.422,140.371,19.1752,27.3461,0,0.776894,nan,nan
17,4,547.941,139.395,22.3463,25.1778,547.941,139.395,22.3462,25.1778,0,0.759819,nan,nan
17,5,254.666,138.937,21.5679,23.7988,254.666,138.937,21.5679,23.7988,0,0.756418,nan,nan
17,6,504.002,139.513,21.8961,26.0409,504.002,139.513,21.8961,26.0409,0,0.757459,nan,nan
17,7,195.046,138.726,22.538,23.3397,195.046,138.726,22.538,23.3397,0,0.73715,nan,nan
17,8,372.056,138.33,21.7292,24.8376,372.056,138.33,21.7292,24.8376,0,0.73686,nan,nan
17,9,328.47,137.916,22.3803,24.8687,328.47,137.916,22.3803,24.8687,0,0.730849,nan,nan
17,10,738.252,139.096,21.4073,23.2164,738.252,139.096,21.4073,23.2164,0,0.729885,nan,nan
17,11,295.929,138.136,19.8033,25.4096,295.929,138.136,19.8032,25.4096,0,0.727799,nan,nan
17,12,596.345,138.423,25.7358,25.0812,596.345,138.423,25.7358,25.0812,0,0.723901,nan,nan
17,13,350.996,138.499,18.4889,24.7756,350.996,138.499,18.4889,24.7755,0,0.706795,nan,nan
17,14,112.09,138.196,23.5309,24.2598,112.09,138.196,23.5309,24.2598,0,0.666172,nan,nan
17,15,417.489,138.24,19.4997,25.2845,417.489,138.24,19.4996,25.2845,0,0.656275,nan,nan
17,16,154.417,139.009,25.4819,23.3039,154.417,139.009,25.4819,23.3039,0,0.640994,nan,nan
17,17,707.187,139.074,19.5184,23.6877,707.187,139.074,19.5184,23.6877,0,0.625501,nan,nan
17,18,629.319,139.121,23.3134,22.3315,629.319,139.121,23.3134,22.3315,0,0.582069,nan,nan
17,19,649.874,139.06,21.9985,22.6218,649.874,139.06,21.9985,22.6218,0,0.575023,nan,nan
17,20,66.7301,843.456,133.409,204.798,66.7301,843.456,133.409,204.798,0,0.51196,nan,nan
17,21,232.202,138.935,18.2075,24.547,232.202,138.935,18.2075,24.547,0,0.525991,nan,nan
17,22,846.199,137.418,24.6742,25.8407,846.199,137.418,24.6742,25.8407,0,0.485541,nan,nan
17,23,216.116,138.648,16.7893,24.1563,216.116,138.648,16.7893,24.1563,0,0.482775,nan,nan
17,24,770.459,138.626,22.9029,23.4102,770.459,138.626,22.9028,23.4102,0,0.460207,nan,nan
17,25,391.858,137.65,16.7567,27.1622,391.858,137.65,16.7567,27.1622,0,0.380536,nan,nan
17,26,469.004,135.88,21.0334,32.8624,469.004,135.88,21.0334,32.8624,0,0.355501,nan,nan
17,27,441.097,136.703,18.2524,28.5571,441.097,136.703,18.2524,28.5571,0,0.334219,nan,nan
17,28,571.519,139.035,19.587,26.1533,571.519,139.035,19.5869,26.1533,0,0.339221,nan,nan
17,30,61.9551,135.349,25.4861,29.4327,61.9551,135.349,25.4861,29.4327,0,0.304042,nan,nan
17,31,2560,1008.9,286.709,316.71,2560,1008.9,286.709,316.71,0,0.726944,424.99,345.727
18,1,105.004,545.262,204.358,233.272,105.004,545.262,204.358,233.272,0,0.828308,nan,nan
18,2,274.109,138.724,19.5767,23.8493,274.109,138.724,19.5767,23.8493,0,0.786593,nan,nan
18,3,525.418,140.371,19.174,27.3427,525.418,140.371,19.1741,27.3427,0,0.776957,nan,nan
18,4,547.938,139.396,22.3439,25.1758,547.938,139.396,22.3439,25.1758,0,0.759701,nan,nan
18,5,254.662,138.937,21.5677,23.798,254.662,138.937,21.5677,23.798,0,0.756255,nan,nan
18,6,503.999,139.514,21.8937,26.0366,503.999,139.514,21.8937,26.0366,0,0.757568,nan,nan
18,7,195.047,138.726,22.5396,23.3364,195.047,138.726,22.5396,23.3364,0,0.736701,nan,nan
18,8,372.054,138.33,21.7287,24.841,372.054,138.33,21.7287,24.841,0,0.736592,nan,nan
18,9,328.467,137.917,22.3798,24.8708,328.467,137.917,22.3798,24.8708,0,0.730515,nan,nan
18,10,738.249,139.097,21.4074,23.2153,738.249,139.097,21.4075,23.2153,0,0.729791,nan,nan
18,11,295.927,138.135,19.8035,25.4105,295.927,138.135,19.8035,25.4105,0,0.727719,nan,nan
18,12,596.343,138.424,25.733,25.0797,596.343,138.424,25.733,25.0797,0,0.724236,nan,nan
18,13,350.993,138.499,18.4897,24.7786,350.993,138.499,18.4897,24.7786,0,0.706435,nan,nan
18,14,112.089,138.197,23.5362,24.2614,112.089,138.197,23.5362,24.2614,0,0.666227,nan,nan
18,15,417.487,138.241,19.4995,25.2924,417.487,138.241,19.4995,25.2924,0,0.655855,nan,nan
18,16,154.416,139.009,25.4857,23.3044,154.416,139.009,25.4857,23.3044,0,0.640389,nan,nan
18,17,707.185,139.075,19.5167,23.6874,707.185,139.075,19.5167,23.6874,0,0.625517,nan,nan
18,18,629.315,139.122,23.3083,22.3301,629.315,139.122,23.3083,22.3301,0,0.582311,nan,nan
18,19,649.873,139.061,21.9915,22.6203,649.873,139.061,21.9915,22.6203,0,0.575067,nan,nan
18,20,66.7732,843.397,133.501,205.017,66.7732,843.397,133.501,205.017,0,0.503007,nan,nan
18,21,232.197,138.933,18.216,24.5467,232.197,138.933,18.216,24.5467,0,0.525535,nan,nan
18,22,846.196,137.42,24.6744,25.839,846.196,137.42,24.6743,25.839,0,0.484852,nan,nan
18,23,216.121,138.647,16.7945,24.1545,216.121,138.647,16.7945,24.1545,0,0.481775,nan,nan
18,24,770.456,138.627,22.9015,23.4089,770.456,138.627,22.9015,23.4089,0,0.459384,nan,nan
18,25,391.851,137.65,16.7491,27.168,391.851,137.65,16.7491,27.168,0,0.379526,nan,nan
18,26,468.999,135.88,21.0294,32.8619,468.999,135.88,21.0294,32.8619,0,0.353882,nan,nan
18,27,441.096,136.704,18.2471,28.5575,441.096,136.704,18.2471,28.5575,0,0.332801,nan,nan
18,28,571.514,139.035,19.5798,26.1523,571.514,139.035,19.5798,26.1523,0,0.339471,nan,nan
18,30,61.9532,135.352,25.4853,29.4332,61.9532,135.352,25.4853,29.4332,0,0.303996,nan,nan
18,31,2553.87,1003.19,298.315,317.558,2553.87,1003.19,298.315,317.558,0,0.724084,424.99,345.727
19,1,105.086,545.256,204.496,233.238,105.086,545.256,204.496,233.238,0,0.829018,nan,nan
19,2,274.113,138.725,19.5988,23.8439,274.113,138.725,19.5988,23.8439,0,0.785192,nan,nan
19,3,525.427,140.368,19.1765,27.3255,525.427,140.368,19.1765,27.3255,0,0.776203,nan,nan
19,4,547.946,139.396,22.3462,25.1615,547.946,139.396,22.3462,25.1615,0,0.758555,nan,nan
19,5,254.672,138.936,21.5938,23.798,254.672,138.936,21.5938,23.798,0,0.754186,nan,nan
19,6,504.006,139.512,21.8972,26.025,504.006,139.512,21.8972,26.025,0,0.756819,nan,nan
19,7,195.05,138.718,22.5606,23.3266,195.05,138.718,22.5605,23.3266,0,0.733186,nan,nan
19,8,372.061,138.327,21.7374,24.8371,372.061,138.327,21.7374,24.8371,0,0.735878,nan,nan
19,9,328.475,137.91,22.3915,24.8695,328.475,137.91,22.3915,24.8695,0,0.729754,nan,nan
19,10,738.257,139.096,21.4094,23.2127,738.257,139.096,21.4094,23.2127,0,0.729505,nan,nan
19,11,295.939,138.129,19.8121,25.4059,295.939,138.129,19.8121,25.4059,0,0.725835,nan,nan
19,12,596.347,138.423,25.7456,25.0683,596.347,138.423,25.7456,25.0683,0,0.723351,nan,nan
19,13,351,138.493,18.4977,24.7783,351,138.493,18.4977,24.7783,0,0.7053,nan,nan
19,14,112.098,138.19,23.5639,24.2733,112.098,138.19,23.5639,24.2733,0,0.660758,nan,nan
19,15,417.496,138.239,19.5075,25.2819,417.496,138.239,19.5075,25.2819,0,0.654196,nan,nan
19,16,154.435,139.007,25.5151,23.3028,154.435,139.007,25.5151,23.3028,0,0.636562,nan,nan
19,17,707.192,139.074,19.5212,23.686,707.192,139.074,19.5212,23.686,0,0.624761,nan,nan
19,18,629.322,139.121,23.3096,22.3275,629.322,139.121,23.3096,22.3275,0,0.581231,nan,nan
19,19,649.88,139.061,21.9935,22.6186,649.88,139.061,21.9934,22.6186,0,0.574165,nan,nan
19,20,66.9603,843.266,133.866,205.566,66.9603,843.266,133.866,205.566,0,0.513368,nan,nan
19,21,232.191,138.922,18.227,24.5509,232.191,138.922,18.227,24.5509,0,0.518983,nan,nan
19,22,846.201,137.42,24.6755,25.8334,846.201,137.42,24.6755,25.8334,0,0.485433,nan,nan
19,23,216.151,138.638,16.8205,24.1543,216.151,138.638,16.8206,24.1543,0,0.475618,nan,nan
19,24,770.466,138.627,22.9054,23.4055,770.466,138.627,22.9054,23.4055,0,0.458759,nan,nan
19,25,391.858,137.644,16.752,27.166,391.858,137.644,16.7521,27.166,0,0.378444,nan,nan
19,26,469.011,135.875,21.047,32.8492,469.011,135.875,21.047,32.8492,0,0.350665,nan,nan
19,27,441.103,136.703,18.2609,28.5442,441.103,136.703,18.2609,28.5442,0,0.33071,nan,nan
19,28,571.524,139.037,19.5884,26.1316,571.524,139.037,19.5884,26.1316,0,0.337409,nan,nan
19,30,61.9646,135.351,25.5125,29.4307,61.9646,135.351,25.5125,29.4307,0,0.29774,nan,nan
19,31,2537.25,988.854,330.204,322.271,2537.25,988.854,330.204,322.271,0,0.883592,424.99,345.727
20,1,105.114,545.253,204.553,233.259,105.114,545.253,204.553,233.259,0,0.829116,nan,nan
20,2,274.107,138.727,19.6028,23.8435,274.107,138.727,19.6028,23.8435,0,0.785199,nan,nan
20,3,525.422,140.367,19.1754,27.3148,525.422,140.367,19.1754,27.3148,0,0.776401,nan,nan
20,4,547.94,139.398,22.3433,25.154,547.94,139.398,22.3433,25.154,0,0.758678,nan,nan
20,5,254.666,138.939,21.5994,23.8015,254.666,138.939,21.5994,23.8015,0,0.754252,nan,nan
20,6,503.999,139.512,21.8959,26.0174,503.999,139.512,21.8959,26.0174,0,0.757,nan,nan
20,7,195.043,138.718,22.5666,23.3301,195.043,138.718,22.5666,23.33,0,0.733524,nan,nan
20,8,372.056,138.327,21.7345,24.8321,372.056,138.327,21.7345,24.8321,0,0.736376,nan,nan
20,9,328.47,137.909,22.3934,24.8691,328.47,137.909,22.3934,24.8691,0,0.729735,nan,nan
20,10,738.251,139.097,21.4089,23.2113,738.251,139.097,21.4089,23.2113,0,0.729766,nan,nan
20,11,295.935,138.129,19.8142,25.4067,295.935,138.129,19.8142,25.4067,0,0.72595,nan,nan
20,12,596.34,138.424,25.7449,25.0609,596.34,138.424,25.7449,25.0609,0,0.723747,nan,nan
20,13,350.994,138.492,18.4987,24.7762,350.994,138.492,18.4987,24.7762,0,0.705416,nan,nan
20,14,112.094,138.19,23.5745,24.2798,112.094,138.19,23.5745,24.2798,0,0.661082,nan,nan
20,15,417.49,138.24,19.5078,25.2719,417.49,138.24,19.5078,25.2719,0,0.654421,nan,nan
20,16,154.432,139.007,25.5222,23.3075,154.432,139.007,25.5222,23.3075,0,0.636819,nan,nan
20,17,707.186,139.075,19.5212,23.6837,707.186,139.075,19.5212,23.6837,0,0.624946,nan,nan
20,18,629.318,139.122,23.3102,22.3245,629.318,139.122,23.3103,22.3246,0,0.581231,nan,nan
20,19,649.874,139.063,21.9935,22.6162,649.874,139.063,21.9935,22.6162,0,0.573998,nan,nan
20,20,67.0089,843.202,133.976,205.818,67.0089,843.202,133.976,205.818,0,0.509491,nan,nan
20,21,232.179,138.919,18.2292,24.5592,232.179,138.919,18.2292,24.5592,0,0.519164,nan,nan
20,22,846.194,137.422,24.6765,25.8324,846.194,137.422,24.6765,25.8323,0,0.486115,nan,nan
20,23,216.157,138.636,16.8293,24.1615,216.157,138.636,16.8293,24.1616,0,0.475787,nan,nan
20,24,770.461,138.629,22.9054,23.404,770.461,138.629,22.9054,23.404,0,0.458425,nan,nan
20,25,391.849,137.644,16.7486,27.1627,391.849,137.644,16.7486,27.1627,0,0.380504,nan,nan
20,26,469.007,135.872,21.0521,32.8374,469.007,135.872,21.0521,32.8374,0,0.350273,nan,nan
20,27,441.097,136.702,18.2607,28.5289,441.097,136.702,18.2606,28.5289,0,0.330301,nan,nan
20,28,571.518,139.037,19.5824,26.1222,571.518,139.037,19.5824,26.1222,0,0.338203,nan,nan
20,30,61.9604,135.353,25.525,29.4322,61.9604,135.353,25.525,29.4322,0,0.298173,nan,nan
20,31,2530.59,983.454,342.954,323.78,2530.59,983.454,342.954,323.78,0,0.883293,424.99,345.727
21,1,105.139,545.265,204.623,233.317,105.139,545.265,204.623,233.317,0,0.831426,nan,nan
21,2,274.107,138.73,19.6084,23.8483,274.107,138.73,19.6084,23.8483,0,0.784725,nan,nan
21,3,525.528,140.287,19.2106,27.3127,525.528,140.287,19.2106,27.3127,0,0.775396,nan,nan
21,4,547.944,139.406,22.3567,25.1277,547.944,139.406,22.3567,25.1277,0,0.757062,nan,nan
21,5,254.665,138.943,21.6016,23.8075,254.665,138.943,21.6016,23.8075,0,0.754032,nan,nan
21,6,503.999,139.517,21.9052,26.0009,503.999,139.517,21.9052,26.0009,0,0.755306,nan,nan
21,7,195.041,138.725,22.563,23.324,195.041,138.725,22.563,23.324,0,0.73446,nan,nan
21,8,372.055,138.327,21.7451,24.8433,372.055,138.327,21.7451,24.8433,0,0.734477,nan,nan
21,9,328.467,137.909,22.4052,24.8915,328.467,137.909,22.4052,24.8915,0,0.729631,nan,nan
21,10,738.251,139.099,21.4138,23.2092,738.251,139.099,21.4138,23.2092,0,0.729276,nan,nan
21,11,295.934,138.128,19.8245,25.4208,295.934,138.128,19.8245,25.4208,0,0.725051,nan,nan
21,12,596.327,138.433,25.7868,25.0425,596.327,138.433,25.7869,25.0425,0,0.72057,nan,nan
21,13,350.995,138.489,18.5101,24.7922,350.995,138.489,18.5101,24.7922,0,0.705083,nan,nan
21,14,112.089,138.185,23.5854,24.2979,112.089,138.185,23.5854,24.2979,0,0.657594,nan,nan
21,15,417.492,138.239,19.5178,25.272,417.492,138.239,19.5178,25.272,0,0.648657,nan,nan
21,16,154.432,139.004,25.5191,23.2891,154.432,139.004,25.519,23.2891,0,0.636297,nan,nan
21,17,707.186,139.077,19.5275,23.6827,707.186,139.077,19.5275,23.6827,0,0.622814,nan,nan
21,18,629.309,139.125,23.3083,22.321,629.309,139.125,23.3083,22.321,0,0.582419,nan,nan
21,19,649.874,139.064,21.9949,22.6134,649.874,139.064,21.9949,22.6134,0,0.576146,nan,nan
21,20,66.955,842.992,133.862,206.08,66.955,842.992,133.862,206.08,0,0.505848,nan,nan
21,21,232.169,138.925,18.2378,24.5643,232.169,138.925,18.2378,24.5643,0,0.517788,nan,nan
21,22,846.193,137.422,24.6797,25.8289,846.193,137.422,24.6797,25.8289,0,0.485272,nan,nan
21,23,216.164,138.643,16.8409,24.1575,216.164,138.643,16.8409,24.1575,0,0.476773,nan,nan
21,24,770.464,138.63,22.9169,23.4067,770.464,138.63,22.9169,23.4067,0,0.459594,nan,nan
21,25,391.852,137.645,16.757,27.1645,391.852,137.645,16.7571,27.1645,0,0.371462,nan,nan
21,26,469.01,135.875,21.0739,32.8411,469.01,135.875,21.074,32.8411,0,0.345055,nan,nan
21,27,441.105,136.7,18.2794,28.5366,441.105,136.7,18.2794,28.5367,0,0.322462,nan,nan
21,28,571.522,139.054,19.619,26.0775,571.522,139.054,19.619,26.0775,0,0.333476,nan,nan
21,30,61.9688,135.353,25.5617,29.4351,61.9688,135.353,25.5617,29.4351,0,0.298418,nan,nan
21,31,2512.98,967.162,375.502,321.766,2512.98,967.162,375.502,321.766,0,0.908483,424.99,345.727
22,1,105.144,545.279,204.638,233.336,105.144,545.279,204.638,233.336,0,0.830378,nan,nan
22,2,274.104,138.732,19.6112,23.8479,274.104,138.732,19.6112,23.8479,0,0.784635,nan,nan
22,3,525.564,140.258,19.2225,27.3121,525.564,140.258,19.2224,27.3121,0,0.77542,nan,nan
22,4,547.942,139.409,22.3625,25.1179,547.942,139.409,22.3625,25.1179,0,0.757062,nan,nan
22,5,254.662,138.947,21.6035,23.8071,254.662,138.947,21.6035,23.8071,0,0.754069,nan,nan
22,6,503.996,139.52,21.9073,25.9924,503.996,139.52,21.9073,25.9924,0,0.755462,nan,nan
22,7,195.038,138.728,22.5585,23.321,195.038,138.728,22.5585,23.321,0,0.734527,nan,nan
22,8,372.052,138.328,21.748,24.8469,372.052,138.328,21.748,24.8469,0,0.734111,nan,nan
22,9,328.465,137.911,22.4097,24.8959,328.465,137.911,22.4097,24.8959,0,0.729671,nan,nan
22,10,738.249,139.1,21.4188,23.2072,738.249,139.1,21.4188,23.2072,0,0.728814,nan,nan
22,11,295.932,138.131,19.8267,25.4172,295.932,138.131,19.8267,25.4172,0,0.724967,nan,nan
22,12,596.33,138.437,25.7761,25.0234,596.33,138.437,25.7761,25.0234,0,0.720906,nan,nan
22,13,350.993,138.491,18.5139,24.7978,350.993,138.491,18.5139,24.7978,0,0.705172,nan,nan
22,14,112.082,138.184,23.5835,24.3027,112.082,138.184,23.5835,24.3027,0,0.657847,nan,nan
22,15,417.489,138.241,19.5199,25.2628,417.489,138.241,19.5199,25.2628,0,0.648721,nan,nan
22,16,154.429,139.004,25.5164,23.2828,154.429,139.004,25.5164,23.2828,0,0.635903,nan,nan
22,17,707.183,139.078,19.5311,23.6813,707.183,139.078,19.5311,23.6813,0,0.621898,nan,nan
22,18,629.307,139.126,23.3135,22.3166,629.307,139.126,23.3135,22.3166,0,0.580636,nan,nan
22,19,649.87,139.067,22.004,22.6127,649.87,139.067,22.004,22.6127,0,0.5745,nan,nan
22,20,66.9924,843.012,133.947,206.036,66.9924,843.012,133.947,206.036,0,0.498205,nan,nan
22,21,232.166,138.929,18.2371,24.5599,232.166,138.929,18.2371,24.5599,0,0.518119,nan,nan
22,22,846.188,137.423,24.6863,25.8269,846.188,137.423,24.6863,25.8269,0,0.484263,nan,nan
22,23,216.154,138.647,16.8342,24.1515,216.154,138.647,16.8342,24.1516,0,0.476782,nan,nan
22,24,770.463,138.631,22.9208,23.4063,770.463,138.631,22.9209,23.4063,0,0.458758,nan,nan
22,25,391.844,137.648,16.7537,27.1571,391.844,137.648,16.7537,27.1571,0,0.370889,nan,nan
22,26,469.004,135.878,21.0799,32.8392,469.004,135.878,21.0799,32.8392,0,0.342438,nan,nan
22,27,441.102,136.704,18.2805,28.527,441.102,136.704,18.2805,28.5269,0,0.320972,nan,nan
22,28,571.508,139.062,19.6266,26.0552,571.508,139.062,19.6266,26.0552,0,0.335997,nan,nan
22,30,61.9653,135.354,25.5732,29.434,61.9653,135.354,25.5732,29.434,0,0.298348,nan,nan
22,31,2505.98,961.036,388.448,320.585,2505.98,961.036,388.447,320.585,0,0.908072,424.99,345.727
23,1,105.219,545.306,204.789,233.249,105.219,545.306,204.789,233.249,0,0.83162,nan,nan
23,2,274.11,138.734,19.6075,23.8549,274.11,138.734,19.6075,23.8549,0,0.785127,nan,nan
23,3,525.584,140.247,19.2251,27.3199,525.584,140.247,19.2251,27.3199,0,0.775359,nan,nan
23,4,547.947,139.41,22.3614,25.1208,547.947,139.41,22.3613,25.1208,0,0.757026,nan,nan
23,5,254.666,138.948,21.5987,23.812,254.666,138.948,21.5987,23.812,0,0.754127,nan,nan
23,6,504.001,139.52,21.9072,25.9971,504.001,139.52,21.9072,25.9971,0,0.755469,nan,nan
23,7,195.046,138.73,22.5474,23.311,195.046,138.73,22.5474,23.311,0,0.735083,nan,nan
23,8,372.059,138.329,21.7399,24.8548,372.059,138.329,21.7399,24.8548,0,0.735808,nan,nan
23,9,328.471,137.911,22.4027,24.8918,328.471,137.911,22.4027,24.8918,0,0.730215,nan,nan
23,10,738.254,139.1,21.4166,23.2094,738.254,139.1,21.4166,23.2094,0,0.729095,nan,nan
23,11,295.936,138.131,19.8216,25.4175,295.936,138.131,19.8215,25.4175,0,0.726355,nan,nan
23,12,596.329,138.437,25.7919,25.0328,596.329,138.437,25.7919,25.0328,0,0.720834,nan,nan
23,13,350.999,138.491,18.5117,24.8026,350.999,138.491,18.5117,24.8026,0,0.706181,nan,nan
23,14,112.09,138.187,23.574,24.2892,112.09,138.187,23.574,24.2892,0,0.659451,nan,nan
23,15,417.495,138.239,19.5185,25.2726,417.495,138.239,19.5184,25.2726,0,0.652198,nan,nan
23,16,154.433,139.002,25.5037,23.2613,154.433,139.002,25.5037,23.2613,0,0.636772,nan,nan
23,17,707.189,139.078,19.5278,23.685,707.189,139.078,19.5278,23.685,0,0.622559,nan,nan
23,18,629.307,139.126,23.3054,22.3199,629.307,139.126,23.3054,22.3199,0,0.583237,nan,nan
23,19,649.876,139.066,21.9888,22.6143,649.876,139.066,21.9888,22.6143,0,0.577722,nan,nan
23,20,67.1047,842.92,134.159,205.786,67.1047,842.92,134.159,205.786,0,0.520955,nan,nan
23,21,232.165,138.935,18.2427,24.5666,232.165,138.935,18.2427,24.5666,0,0.519107,nan,nan
23,22,846.192,137.424,24.6865,25.8289,846.192,137.424,24.6865,25.8289,0,0.484414,nan,nan
23,23,216.165,138.65,16.8204,24.1499,216.165,138.65,16.8204,24.1499,0,0.477014,nan,nan
23,24,770.467,138.631,22.9191,23.409,770.467,138.631,22.9191,23.409,0,0.458836,nan,nan
23,25,391.855,137.644,16.7564,27.1659,391.855,137.644,16.7563,27.1659,0,0.376607,nan,nan
23,26,469.011,135.882,21.083,32.842,469.011,135.882,21.083,32.842,0,0.345944,nan,nan
23,27,441.112,136.703,18.2828,28.5374,441.112,136.703,18.2828,28.5374,0,0.325606,nan,nan
23,28,571.525,139.061,19.6263,26.0603,571.525,139.061,19.6263,26.0603,0,0.333198,nan,nan
23,30,61.974,135.355,25.5665,29.4245,61.974,135.355,25.5665,29.4245,0,0.297298,nan,nan
23,31,2487.35,944.536,416.229,320.288,2487.35,944.536,416.229,320.288,0,0.920057,424.99,345.727
24,1,105.21,545.323,204.791,233.167,105.21,545.323,204.791,233.167,0,0.830206,nan,nan
24,2,274.106,138.735,19.6057,23.8651,274.106,138.735,19.6057,23.8651,0,0.785328,nan,nan
24,3,525.584,140.242,19.2247,27.3313,525.584,140.242,19.2247,27.3313,0,0.775801,nan,nan
24,4,547.942,139.407,22.3597,25.1306,547.942,139.407,22.3596,25.1306,0,0.75795,nan,nan
24,5,254.659,138.947,21.5969,23.8193,254.659,138.947,21.5969,23.8192,0,0.75451,nan,nan
24,6,503.996,139.52,21.9045,26.0024,503.996,139.52,21.9045,26.0024,0,0.755925,nan,nan
24,7,195.041,138.73,22.5512,23.3129,195.041,138.73,22.5512,23.3129,0,0.73442,nan,nan
24,8,372.053,138.329,21.744,24.8687,372.053,138.329,21.744,24.8687,0,0.735996,nan,nan
24,9,328.469,137.909,22.4001,24.8938,328.469,137.909,22.4001,24.8938,0,0.730319,nan,nan
24,10,738.249,139.1,21.4109,23.208,738.249,139.1,21.4109,23.208,0,0.729631,nan,nan
24,11,295.931,138.131,19.8235,25.4284,295.931,138.131,19.8235,25.4283,0,0.726446,nan,nan
24,12,596.329,138.434,25.7755,25.0492,596.329,138.434,25.7755,25.0492,0,0.722206,nan,nan
24,13,350.994,138.49,18.514,24.81,350.994,138.49,18.514,24.81,0,0.706231,nan,nan
24,14,112.082,138.189,23.5705,24.29,112.082,138.189,23.5705,24.29,0,0.657912,nan,nan
24,15,417.489,138.237,19.5212,25.2798,417.489,138.237,19.5212,25.2798,0,0.652642,nan,nan
24,16,154.431,139.001,25.5162,23.2579,154.431,139.001,25.5162,23.2579,0,0.635434,nan,nan
24,17,707.184,139.077,19.5265,23.6844,707.184,139.077,19.5265,23.6844,0,0.624057,nan,nan
24,18,629.299,139.125,23.297,22.3227,629.299,139.125,23.297,22.3227,0,0.585277,nan,nan
24,19,649.876,139.065,21.9763,22.6152,649.876,139.065,21.9763,22.6152,0,0.580328,nan,nan
24,20,67.14,842.906,134.244,205.708,67.14,842.906,134.244,205.708,0,0.516076,nan,nan
24,21,232.154,138.935,18.2499,24.5742,232.154,138.935,18.2499,24.5742,0,0.520027,nan,nan
24,22,846.188,137.423,24.6815,25.8273,846.188,137.423,24.6814,25.8273,0,0.486063,nan,nan
24,23,216.174,138.65,16.8276,24.1524,216.174,138.65,16.8276,24.1524,0,0.476304,nan,nan
24,24,770.459,138.631,22.9101,23.4058,770.459,138.631,22.9102,23.4058,0,0.4606,nan,nan
24,25,391.845,137.641,16.7531,27.1804,391.845,137.641,16.7532,27.1804,0,0.376797,nan,nan
24,26,469.013,135.883,21.0819,32.8431,469.013,135.883,21.0819,32.8431,0,0.347205,nan,nan
24,27,441.11,136.702,18.2873,28.5404,441.11,136.702,18.2874,28.5404,0,0.326666,nan,nan
24,28,571.507,139.057,19.6127,26.0831,571.507,139.057,19.6128,26.0831,0,0.337465,nan,nan
24,30,61.963,135.354,25.5653,29.4234,61.963,135.354,25.5653,29.4234,0,0.295469,nan,nan
24,31,2479.95,938.462,427.016,319.935,2479.95,938.462,427.016,319.935,0,0.919838,424.99,345.727
25,1,105.241,545.335,204.838,233.207,105.241,545.335,204.838,233.207,0,0.832331,nan,nan
25,2,274.102,138.735,19.6098,23.8633,274.102,138.735,19.6098,23.8633,0,0.785225,nan,nan
25,3,525.584,140.239,19.2249,27.3143,525.584,140.239,19.2249,27.3143,0,0.775836,nan,nan
25,4,547.943,139.407,22.3631,25.1191,547.943,139.407,22.363,25.1191,0,0.757684,nan,nan
25,5,254.656,138.948,21.5955,23.8173,254.656,138.948,21.5955,23.8173,0,0.754318,nan,nan
25,6,503.991,139.52,21.9029,25.9912,503.991,139.52,21.9028,25.9912,0,0.755815,nan,nan
25,7,195.039,138.732,22.552,23.2983,195.039,138.732,22.552,23.2983,0,0.735667,nan,nan
25,8,372.054,138.328,21.7605,24.8645,372.054,138.328,21.7605,24.8645,0,0.736286,nan,nan
25,9,328.464,137.91,22.406,24.8983,328.464,137.91,22.406,24.8983,0,0.730616,nan,nan
25,10,738.248,139.1,21.4081,23.2085,738.248,139.1,21.4082,23.2085,0,0.731097,nan,nan
25,11,295.93,138.131,19.8295,25.4322,295.93,138.131,19.8295,25.4322,0,0.727035,nan,nan
25,12,596.323,138.435,25.7914,25.0391,596.323,138.435,25.7914,25.0391,0,0.721041,nan,nan
25,13,350.991,138.489,18.5203,24.8081,350.991,138.489,18.5203,24.808,0,0.706128,nan,nan
25,14,112.078,138.19,23.5639,24.2788,112.078,138.19,23.5639,24.2788,0,0.66051,nan,nan
25,15,417.489,138.238,19.5327,25.2824,417.489,138.238,19.5327,25.2823,0,0.651022,nan,nan
25,16,154.428,139.001,25.5193,23.2446,154.428,139.001,25.5193,23.2446,0,0.637926,nan,nan
25,17,707.181,139.076,19.5297,23.6852,707.181,139.076,19.5298,23.6852,0,0.624585,nan,nan
25,18,629.295,139.125,23.2902,22.3206,629.295,139.125,23.2903,22.3206,0,0.585151,nan,nan
25,19,649.877,139.065,21.9688,22.6127,649.877,139.065,21.9688,22.6127,0,0.581253,nan,nan
25,20,67.1189,842.82,134.197,205.87,67.1189,842.82,134.197,205.87,0,0.537388,nan,nan
25,21,232.148,138.939,18.27,24.5638,232.148,138.939,18.27,24.5638,0,0.52088,nan,nan
25,22,846.183,137.419,24.6891,25.8417,846.183,137.419,24.6892,25.8417,0,0.485981,nan,nan
25,23,216.182,138.656,16.8377,24.1326,216.182,138.656,16.8376,24.1326,0,0.477433,nan,nan
25,24,770.457,138.63,22.914,23.4065,770.457,138.63,22.9141,23.4065,0,0.461484,nan,nan
25,25,391.848,137.644,16.7647,27.1677,391.848,137.644,16.7648,27.1677,0,0.373249,nan,nan
25,26,469.018,135.885,21.0982,32.836,469.018,135.885,21.0982,32.836,0,0.34511,nan,nan
25,27,441.118,136.702,18.306,28.5436,441.118,136.702,18.306,28.5436,0,0.32364,nan,nan
25,28,571.51,139.061,19.6298,26.064,571.51,139.061,19.6299,26.064,0,0.33357,nan,nan
25,30,61.9596,135.357,25.5496,29.4291,61.9596,135.357,25.5496,29.4291,0,0.298992,nan,nan
25,31,2477.3,936.438,430.742,319.588,2477.3,936.438,430.742,319.588,0,0.919916,424.99,345.727
26,1,105.287,545.142,204.911,233.282,105.287,545.142,204.911,233.282,0,0.826891,nan,nan
26,2,274.109,138.729,19.6133,23.8654,274.109,138.729,19.6133,23.8654,0,0.78498,nan,nan
26,3,525.597,140.222,19.2287,27.2818,525.597,140.222,19.2288,27.2818,0,0.775122,nan,nan
26,4,547.952,139.4,22.3746,25.1173,547.952,139.4,22.3746,25.1173,0,0.757009,nan,nan
26,5,254.66,138.943,21.6025,23.8259,254.66,138.943,21.6025,23.8259,0,0.753569,nan,nan
26,6,503.997,139.512,21.9101,25.9805,503.997,139.512,21.9101,25.9805,0,0.75544,nan,nan
26,7,195.047,138.726,22.5626,23.2947,195.047,138.726,22.5626,23.2947,0,0.73551,nan,nan
26,8,372.06,138.319,21.7729,24.8616,372.06,138.319,21.7729,24.8616,0,0.736267,nan,nan
26,9,328.469,137.902,22.4129,24.9026,328.469,137.902,22.4129,24.9026,0,0.729826,nan,nan
26,10,738.249,139.097,21.4083,23.2223,738.249,139.097,21.4082,23.2223,0,0.731043,nan,nan
26,11,295.939,138.123,19.8352,25.4339,295.939,138.123,19.8352,25.4339,0,0.727118,nan,nan
26,12,596.321,138.43,25.8147,25.0412,596.321,138.43,25.8147,25.0412,0,0.720292,nan,nan
26,13,350.998,138.482,18.5171,24.8058,350.998,138.482,18.5171,24.8058,0,0.705405,nan,nan
26,14,112.081,138.182,23.5638,24.2858,112.081,138.182,23.5638,24.2858,0,0.659702,nan,nan
26,15,417.496,138.231,19.5412,25.2826,417.496,138.231,19.5412,25.2826,0,0.647997,nan,nan
26,16,154.441,138.993,25.5321,23.2476,154.441,138.993,25.5321,23.2476,0,0.637712,nan,nan
26,17,707.186,139.069,19.5383,23.6927,707.186,139.069,19.5383,23.6927,0,0.624235,nan,nan
26,18,629.306,139.118,23.2982,22.3209,629.306,139.118,23.2981,22.3209,0,0.582624,nan,nan
26,19,649.881,139.059,21.9785,22.6161,649.881,139.059,21.9785,22.6161,0,0.577431,nan,nan
26,20,67.2562,842.852,134.461,205.321,67.2562,842.852,134.461,205.321,0,0.49812,nan,nan
26,21,232.138,138.931,18.2751,24.5628,232.138,138.931,18.2751,24.5628,0,0.517698,nan,nan
26,22,846.188,137.41,24.6968,25.854,846.188,137.41,24.6968,25.854,0,0.485966,nan,nan
26,23,216.214,138.649,16.8631,24.1281,216.214,138.649,16.8631,24.1281,0,0.474947,nan,nan
26,24,770.459,138.621,22.9066,23.4122,770.459,138.621,22.9066,23.4122,0,0.460901,nan,nan
26,25,391.856,137.639,16.7686,27.1596,391.856,137.639,16.7686,27.1596,0,0.370043,nan,nan
26,26,469.022,135.879,21.1009,32.8221,469.022,135.879,21.1008,32.8221,0,0.338686,nan,nan
26,27,441.129,136.695,18.3167,28.5401,441.129,136.695,18.3167,28.5401,0,0.317182,nan,nan
26,28,571.537,139.053,19.6697,26.0633,571.537,139.053,19.6697,26.0633,0,0.329478,nan,nan
26,30,61.9694,135.348,25.5431,29.4422,61.9694,135.348,25.5431,29.4422,0,0.301304,nan,nan
26,31,2461.7,922.617,461.79,317.19,2461.7,922.617,461.79,317.19,0,0.920976,424.99,345.727
27,1,105.289,545.096,204.92,233.276,105.289,545.096,204.92,233.276,0,0.827549,nan,nan
27,2,274.104,138.733,19.6117,23.8623,274.104,138.733,19.6117,23.8623,0,0.785248,nan,nan
27,3,525.593,140.221,19.2287,27.2706,525.593,140.221,19.2288,27.2706,0,0.775365,nan,nan
27,4,547.946,139.402,22.3773,25.1149,547.946,139.402,22.3772,25.1149,0,0.757438,nan,nan
27,5,254.652,138.948,21.6008,23.8245,254.652,138.948,21.6008,23.8245,0,0.753926,nan,nan
27,6,503.991,139.515,21.9118,25.9775,503.991,139.515,21.9117,25.9775,0,0.755773,nan,nan
27,7,195.04,138.729,22.5561,23.2905,195.04,138.729,22.5561,23.2905,0,0.736233,nan,nan
27,8,372.055,138.322,21.7748,24.858,372.055,138.322,21.7748,24.858,0,0.736529,nan,nan
27,9,328.464,137.906,22.4128,24.8993,328.464,137.906,22.4128,24.8993,0,0.730141,nan,nan
27,10,738.241,139.102,21.4058,23.2263,738.241,139.102,21.4058,23.2263,0,0.730985,nan,nan
27,11,295.934,138.127,19.8326,25.4281,295.934,138.127,19.8326,25.4281,0,0.72746,nan,nan
27,12,596.311,138.434,25.8254,25.0357,596.311,138.434,25.8254,25.0357,0,0.720767,nan,nan
27,13,350.993,138.486,18.5157,24.8018,350.993,138.486,18.5157,24.8018,0,0.705652,nan,nan
27,14,112.074,138.186,23.5593,24.2814,112.074,138.186,23.5593,24.2814,0,0.66091,nan,nan
27,15,417.491,138.236,19.5443,25.2815,417.491,138.236,19.5443,25.2815,0,0.648706,nan,nan
27,16,154.435,138.996,25.5305,23.2455,154.435,138.996,25.5305,23.2455,0,0.63853,nan,nan
27,17,707.181,139.073,19.5383,23.6932,707.181,139.073,19.5383,23.6932,0,0.624275,nan,nan
27,18,629.3,139.121,23.2955,22.3203,629.3,139.121,23.2954,22.3203,0,0.583759,nan,nan
27,19,649.877,139.063,21.9726,22.6158,649.877,139.063,21.9727,22.6158,0,0.579958,nan,nan
27,20,67.2753,842.826,134.508,205.282,67.2753,842.826,134.508,205.282,0,0.499707,nan,nan
27,21,232.127,138.936,18.2729,24.5555,232.127,138.936,18.2729,24.5555,0,0.518494,nan,nan
27,22,846.181,137.413,24.6985,25.8554,846.181,137.413,24.6985,25.8554,0,0.485958,nan,nan
27,23,216.213,138.654,16.8668,24.1247,216.213,138.654,16.8668,24.1247,0,0.477071,nan,nan
27,24,770.451,138.624,22.9005,23.4129,770.451,138.624,22.9005,23.4129,0,0.460992,nan,nan
27,25,391.852,137.644,16.7712,27.1564,391.852,137.644,16.7712,27.1564,0,0.370964,nan,nan
27,26,469.014,135.882,21.1022,32.8161,469.014,135.882,21.1022,32.8161,0,0.339571,nan,nan
27,27,441.123,136.699,18.3181,28.536,441.123,136.699,18.3181,28.536,0,0.318329,nan,nan
27,28,571.532,139.057,19.6746,26.0552,571.532,139.057,19.6746,26.0552,0,0.330687,nan,nan
27,30,61.965,135.352,25.5369,29.4444,61.965,135.352,25.5369,29.4444,0,0.301067,nan,nan
27,31,2455.69,917.597,473.706,316.04,2455.69,917.597,473.706,316.04,0,0.920978,424.99,345.727
28,1,105.389,545.084,205.125,233.343,105.389,545.084,205.125,233.343,0,0.826406,nan,nan
28,2,274.108,138.742,19.6024,23.8576,274.108,138.742,19.6024,23.8576,0,0.7853,nan,nan
28,3,525.598,140.223,19.2275,27.2635,525.598,140.223,19.2275,27.2635,0,0.775462,nan,nan
28,4,547.948,139.406,22.3727,25.1129,547.948,139.406,22.3727,25.1129,0,0.75746,nan,nan
28,5,254.656,138.956,21.5942,23.8243,254.656,138.956,21.5942,23.8243,0,0.754197,nan,nan
28,6,503.996,139.516,21.9102,25.9702,503.996,139.516,21.9102,25.9702,0,0.755596,nan,nan
28,7,195.046,138.732,22.5417,23.2841,195.046,138.732,22.5417,23.2841,0,0.735535,nan,nan
28,8,372.059,138.327,21.7664,24.8571,372.059,138.327,21.7665,24.8571,0,0.736676,nan,nan
28,9,328.469,137.915,22.4053,24.8938,328.469,137.915,22.4053,24.8938,0,0.730539,nan,nan
28,10,738.244,139.105,21.4044,23.227,738.244,139.105,21.4043,23.227,0,0.730945,nan,nan
28,11,295.936,138.135,19.8286,25.4182,295.936,138.135,19.8286,25.4182,0,0.727946,nan,nan
28,12,596.32,138.437,25.8099,25.0301,596.32,138.437,25.8098,25.0302,0,0.720795,nan,nan
28,13,350.998,138.492,18.5108,24.8023,350.998,138.492,18.5108,24.8023,0,0.705824,nan,nan
28,14,112.082,138.193,23.5557,24.2678,112.082,138.193,23.5557,24.2678,0,0.657709,nan,nan
28,15,417.493,138.244,19.5373,25.267,417.493,138.244,19.5372,25.267,0,0.647741,nan,nan
28,16,154.432,139.001,25.5109,23.2362,154.432,139.001,25.5109,23.2362,0,0.636612,nan,nan
28,17,707.184,139.077,19.5368,23.6939,707.184,139.077,19.5369,23.6939,0,0.624401,nan,nan
28,18,629.3,139.125,23.2919,22.3188,629.3,139.125,23.2919,22.3188,0,0.584362,nan,nan
28,19,649.882,139.067,21.9718,22.615,649.882,139.067,21.9718,22.615,0,0.580451,nan,nan
28,20,67.387,842.724,134.733,205.315,67.387,842.724,134.733,205.315,0,0.504495,nan,nan
28,21,232.132,138.948,18.2652,24.5506,232.132,138.948,18.2652,24.5506,0,0.51942,nan,nan
28,22,846.184,137.416,24.7,25.8578,846.184,137.416,24.7,25.8578,0,0.485137,nan,nan
28,23,216.209,138.662,16.8273,24.1152,216.209,138.662,16.8273,24.1152,0,0.476351,nan,nan
28,24,770.456,138.628,22.8987,23.414,770.456,138.628,22.8987,23.414,0,0.460423,nan,nan
28,25,391.857,137.65,16.763,27.1481,391.857,137.65,16.7629,27.1481,0,0.370792,nan,nan
28,26,469.005,135.884,21.0886,32.8039,469.005,135.884,21.0886,32.8039,0,0.337482,nan,nan
28,27,441.114,136.709,18.3008,28.5144,441.114,136.709,18.3008,28.5144,0,0.317095,nan,nan
28,28,571.507,139.063,19.67,26.0491,571.507,139.063,19.6699,26.0491,0,0.335351,nan,nan
28,30,61.9621,135.355,25.5459,29.4354,61.9621,135.355,25.5459,29.4354,0,0.30012,nan,nan
28,31,2430.6,901.958,490.997,310.484,2430.6,901.958,490.997,310.484,0,0.913564,424.99,345.727
29,1,105.409,545.069,205.177,233.379,105.409,545.069,205.177,233.379,0,0.827881,nan,nan
29,2,274.103,138.741,19.597,23.8538,274.103,138.741,19.5969,23.8538,0,0.785593,nan,nan
29,3,525.594,140.219,19.2249,27.2587,525.594,140.219,19.2249,27.2587,0,0.775741,nan,nan
29,4,547.943,139.404,22.371,25.1113,547.943,139.404,22.3711,25.1113,0,0.757753,nan,nan
29,5,254.649,138.956,21.5886,23.8223,254.649,138.956,21.5886,23.8223,0,0.754669,nan,nan
29,6,503.993,139.514,21.908,25.9685,503.993,139.514,21.908,25.9685,0,0.755888,nan,nan
29,7,195.041,138.732,22.5349,23.2797,195.041,138.732,22.5349,23.2797,0,0.736185,nan,nan
29,8,372.056,138.325,21.7594,24.8525,372.056,138.325,21.7594,24.8525,0,0.738047,nan,nan
29,9,328.465,137.914,22.397,24.8849,328.465,137.914,22.397,24.8849,0,0.731032,nan,nan
29,10,738.24,139.103,21.4059,23.2279,738.24,139.103,21.406,23.2278,0,0.731123,nan,nan
29,11,295.93,138.135,19.83,25.412,295.93,138.135,19.83,25.412,0,0.728491,nan,nan
29,12,596.315,138.436,25.811,25.0304,596.315,138.436,25.811,25.0304,0,0.720658,nan,nan
29,13,350.993,138.491,18.5089,24.7975,350.993,138.491,18.5089,24.7975,0,0.70656,nan,nan
29,14,112.076,138.195,23.5545,24.2607,112.076,138.195,23.5545,24.2607,0,0.659268,nan,nan
29,15,417.487,138.244,19.5312,25.2547,417.487,138.244,19.5312,25.2547,0,0.649822,nan,nan
29,16,154.424,139.002,25.506,23.23,154.424,139.002,25.506,23.23,0,0.637959,nan,nan
29,17,707.181,139.075,19.5359,23.6937,707.181,139.075,19.5359,23.6937,0,0.624285,nan,nan
29,18,629.296,139.124,23.2953,22.3195,629.296,139.124,23.2953,22.3195,0,0.583447,nan,nan
29,19,649.877,139.065,21.976,22.6162,649.877,139.065,21.9761,22.6162,0,0.579165,nan,nan
29,20,67.3126,842.668,134.592,205.521,67.3126,842.668,134.592,205.521,0,0.502064,nan,nan
29,21,232.127,138.951,18.2607,24.5473,232.127,138.951,18.2607,24.5473,0,0.520604,nan,nan
29,22,846.179,137.414,24.699,25.8594,846.179,137.414,24.699,25.8594,0,0.486303,nan,nan
29,23,216.196,138.663,16.8111,24.1117,216.196,138.663,16.8111,24.1117,0,0.477547,nan,nan
29,24,770.453,138.625,22.9012,23.4141,770.453,138.625,22.9012,23.4141,0,0.461007,nan,nan
29,25,391.854,137.647,16.7614,27.1442,391.854,137.647,16.7614,27.1442,0,0.376061,nan,nan
29,26,468.989,135.881,21.071,32.8021,468.989,135.881,21.071,32.8021,0,0.340508,nan,nan
29,27,441.1,136.711,18.2918,28.4992,441.1,136.711,18.2918,28.4992,0,0.321219,nan,nan
29,28,571.493,139.062,19.6683,26.0478,571.493,139.062,19.6683,26.0479,0,0.335444,nan,nan
29,30,61.9529,135.353,25.5368,29.4266,61.9529,135.353,25.5368,29.4266,0,0.300706,nan,nan
29,31,2420.75,896.336,497.21,308.283,2420.75,896.336,497.21,308.282,0,0.913473,424.99,345.727
30,1,105.419,545.054,205.205,233.44,105.419,545.054,205.205,233.44,0,0.82664,nan,nan
30,2,274.099,138.743,19.6026,23.8524,274.099,138.743,19.6027,23.8524,0,0.784948,nan,nan
30,3,525.593,140.219,19.2275,27.2576,525.593,140.219,19.2275,27.2576,0,0.775226,nan,nan
30,4,547.941,139.404,22.3727,25.1134,547.941,139.404,22.3728,25.1134,0,0.757054,nan,nan
30,5,254.648,138.957,21.5948,23.8238,254.648,138.957,21.5948,23.8238,0,0.753694,nan,nan
30,6,503.991,139.514,21.9117,25.9697,503.991,139.514,21.9116,25.9697,0,0.755314,nan,nan
30,7,195.04,138.732,22.5377,23.2798,195.04,138.732,22.5377,23.2798,0,0.735859,nan,nan
30,8,372.054,138.324,21.7672,24.8513,372.054,138.324,21.7672,24.8513,0,0.73641,nan,nan
30,9,328.465,137.914,22.4017,24.8829,328.465,137.914,22.4017,24.8829,0,0.729883,nan,nan
30,10,738.239,139.102,21.4094,23.2284,738.239,139.102,21.4094,23.2284,0,0.731344,nan,nan
30,11,295.929,138.136,19.834,25.4092,295.929,138.136,19.834,25.4092,0,0.727456,nan,nan
30,12,596.315,138.436,25.811,25.0364,596.315,138.436,25.811,25.0363,0,0.720478,nan,nan
30,13,350.991,138.491,18.5103,24.7948,350.991,138.491,18.5103,24.7947,0,0.705236,nan,nan
30,14,112.076,138.195,23.5542,24.2634,112.076,138.195,23.5542,24.2634,0,0.658028,nan,nan
30,15,417.485,138.243,19.5352,25.2591,417.485,138.243,19.5353,25.2591,0,0.646811,nan,nan
30,16,154.419,139.002,25.4983,23.2287,154.419,139.002,25.4983,23.2287,0,0.636706,nan,nan
30,17,707.179,139.074,19.538,23.696,707.179,139.074,19.5381,23.696,0,0.624543,nan,nan
30,18,629.296,139.123,23.2988,22.3211,629.296,139.123,23.2988,22.3211,0,0.583052,nan,nan
30,19,649.875,139.065,21.9819,22.6174,649.875,139.065,21.9819,22.6174,0,0.578556,nan,nan
30,20,67.3477,842.64,134.671,205.578,67.3477,842.64,134.671,205.578,0,0.498744,nan,nan
30,21,232.121,138.95,18.2636,24.5529,232.121,138.95,18.2636,24.5529,0,0.517965,nan,nan
30,22,846.177,137.413,24.699,25.8612,846.177,137.413,24.699,25.8612,0,0.486136,nan,nan
30,23,216.198,138.663,16.8103,24.1138,216.198,138.663,16.8103,24.1138,0,0.475744,nan,nan
30,24,770.451,138.624,22.9021,23.4155,770.451,138.624,22.9021,23.4155,0,0.461198,nan,nan
30,25,391.85,137.649,16.7623,27.1401,391.85,137.649,16.7623,27.14,0,0.369113,nan,nan
30,26,468.989,135.883,21.0761,32.8029,468.989,135.883,21.0761,32.8029,0,0.336139,nan,nan
30,27,441.101,136.709,18.2964,28.5048,441.101,136.709,18.2964,28.5048,0,0.315353,nan,nan
30,28,571.495,139.061,19.6741,26.0542,571.495,139.061,19.6741,26.0542,0,0.333525,nan,nan
30,30,61.9459,135.352,25.5374,29.4273,61.9459,135.352,25.5374,29.4273,0,0.300053,nan,nan
30,31,2417.3,894.519,499.207,307.338,2417.3,894.519,499.207,307.338,0,0.913312,424.99,345.727
31,1,105.42,545.061,205.199,233.411,105.42,545.061,205.199,233.411,0,0.827528,nan,nan
31,2,274.1,138.743,19.5945,23.8523,274.1,138.743,19.5945,23.8523,0,0.785734,nan,nan
31,3,525.592,140.217,19.2245,27.2529,525.592,140.217,19.2246,27.2529,0,0.775684,nan,nan
31,4,547.94,139.403,22.3699,25.1103,547.94,139.403,22.3699,25.1103,0,0.757576,nan,nan
31,5,254.646,138.957,21.5869,23.8244,254.646,138.957,21.5869,23.8244,0,0.754655,nan,nan
31,6,503.991,139.513,21.9079,25.9662,503.991,139.513,21.908,25.9662,0,0.755723,nan,nan
31,7,195.04,138.733,22.528,23.2774,195.04,138.733,22.528,23.2774,0,0.73703,nan,nan
31,8,372.055,138.324,21.7594,24.8506,372.055,138.324,21.7594,24.8506,0,0.737787,nan,nan
31,9,328.464,137.915,22.3954,24.8799,328.464,137.915,22.3954,24.8799,0,0.731002,nan,nan
31,10,738.239,139.102,21.4098,23.2281,738.239,139.102,21.4098,23.2281,0,0.731152,nan,nan
31,11,295.927,138.137,19.8304,25.4075,295.927,138.137,19.8304,25.4075,0,0.728825,nan,nan
31,12,596.316,138.436,25.8083,25.0344,596.316,138.436,25.8083,25.0344,0,0.720791,nan,nan
31,13,350.99,138.491,18.508,24.7942,350.99,138.491,18.508,24.7942,0,0.706405,nan,nan
31,14,112.074,138.196,23.5435,24.2587,112.074,138.196,23.5435,24.2587,0,0.660588,nan,nan
31,15,417.485,138.244,19.5301,25.2516,417.485,138.244,19.5302,25.2516,0,0.648855,nan,nan
31,16,154.415,139.003,25.4878,23.2288,154.415,139.003,25.4878,23.2289,0,0.638957,nan,nan
31,17,707.179,139.074,19.5368,23.6947,707.179,139.074,19.5369,23.6947,0,0.624282,nan,nan
31,18,629.297,139.123,23.2994,22.3208,629.297,139.123,23.2993,22.3208,0,0.583241,nan,nan
31,19,649.875,139.064,21.9821,22.6174,649.875,139.064,21.9821,22.6174,0,0.578835,nan,nan
31,20,67.2982,842.624,134.571,205.647,67.2982,842.624,134.571,205.647,0,0.498616,nan,nan
31,21,232.125,138.953,18.2572,24.5527,232.125,138.953,18.2572,24.5526,0,0.520441,nan,nan
31,22,846.176,137.413,24.6985,25.8614,846.176,137.413,24.6985,25.8614,0,0.486622,nan,nan
31,23,216.192,138.665,16.8017,24.1122,216.192,138.665,16.8017,24.1122,0,0.478615,nan,nan
31,24,770.45,138.624,22.9023,23.4162,770.45,138.624,22.9023,23.4161,0,0.461431,nan,nan
31,25,391.851,137.648,16.7606,27.1421,391.851,137.648,16.7606,27.1421,0,0.37474,nan,nan
31,26,468.983,135.881,21.0651,32.8033,468.983,135.881,21.0651,32.8033,0,0.33948,nan,nan
31,27,441.094,136.711,18.2905,28.4956,441.094,136.711,18.2905,28.4956,0,0.319389,nan,nan
31,28,571.494,139.061,19.6698,26.0521,571.494,139.061,19.6698,26.0521,0,0.334623,nan,nan
31,30,61.9462,135.351,25.5261,29.4243,61.9462,135.351,25.5261,29.4243,0,0.302675,nan,nan
31,31,2416.22,894.14,499.143,306.932,2416.22,894.14,499.143,306.932,0,0.913397,424.99,345.727
32,1,105.401,545.058,205.159,233.415,105.401,545.058,205.159,233.415,0,0.826486,nan,nan
32,2,274.107,138.737,19.5934,23.8723,274.107,138.737,19.5934,23.8723,0,0.785931,nan,nan
32,3,525.593,140.218,19.2194,27.2597,525.593,140.218,19.2194,27.2597,0,0.776687,nan,nan
32,4,547.942,139.401,22.3548,25.1109,547.942,139.401,22.3547,25.111,0,0.758861,nan,nan
32,5,254.656,138.951,21.5888,23.8415,254.656,138.951,21.5888,23.8416,0,0.754517,nan,nan
32,6,503.993,139.51,21.9008,25.964,503.993,139.51,21.9009,25.964,0,0.756789,nan,nan
32,7,195.031,138.733,22.51,23.2849,195.031,138.733,22.51,23.2849,0,0.737042,nan,nan
32,8,372.061,138.32,21.7518,24.8656,372.061,138.32,21.7518,24.8655,0,0.740624,nan,nan
32,9,328.466,137.905,22.3888,24.8955,328.466,137.905,22.3888,24.8954,0,0.732298,nan,nan
32,10,738.235,139.104,21.3897,23.2219,738.235,139.104,21.3896,23.2219,0,0.731993,nan,nan
32,11,295.932,138.123,19.822,25.4281,295.932,138.123,19.822,25.4281,0,0.728919,nan,nan
32,12,596.324,138.434,25.7878,25.0334,596.324,138.434,25.7878,25.0334,0,0.722249,nan,nan
32,13,350.99,138.48,18.5228,24.8217,350.99,138.48,18.5228,24.8217,0,0.708656,nan,nan
32,14,112.077,138.189,23.5493,24.299,112.077,138.189,23.5493,24.299,0,0.656451,nan,nan
32,15,417.489,138.24,19.5303,25.2593,417.489,138.24,19.5303,25.2593,0,0.655618,nan,nan
32,16,154.413,139.005,25.472,23.2531,154.413,139.005,25.472,23.2531,0,0.639403,nan,nan
32,17,707.183,139.073,19.5335,23.6935,707.183,139.073,19.5334,23.6935,0,0.628057,nan,nan
32,18,629.288,139.124,23.2761,22.3221,629.288,139.124,23.2761,22.3221,0,0.589794,nan,nan
32,19,649.883,139.063,21.9565,22.6141,649.883,139.063,21.9565,22.6141,0,0.587447,nan,nan
32,20,67.4028,842.67,134.771,205.212,67.4028,842.67,134.771,205.212,0,0.520285,nan,nan
32,21,232.143,138.936,18.2525,24.575,232.143,138.936,18.2525,24.575,0,0.521375,nan,nan
32,22,846.177,137.414,24.6863,25.8663,846.177,137.414,24.6863,25.8663,0,0.481318,nan,nan
32,23,216.168,138.656,16.7977,24.1352,216.168,138.656,16.7977,24.1352,0,0.48385,nan,nan
32,24,770.449,138.63,22.8868,23.4064,770.449,138.63,22.8868,23.4064,0,0.461358,nan,nan
32,25,391.863,137.63,16.7701,27.1724,391.863,137.63,16.77,27.1724,0,0.388908,nan,nan
32,26,468.986,135.872,21.053,32.797,468.986,135.872,21.053,32.797,0,0.345385,nan,nan
32,27,441.096,136.709,18.2939,28.4928,441.096,136.709,18.2939,28.4928,0,0.328561,nan,nan
32,28,571.473,139.056,19.6527,26.0552,571.473,139.056,19.6527,26.0552,0,0.340211,nan,nan
32,30,61.9518,135.35,25.5453,29.4371,61.9518,135.35,25.5453,29.4371,0,0.302184,nan,nan
32,31,2389.52,881.173,500.543,303.915,2389.52,881.173,500.543,303.915,0,0.89018,424.99,345.727
33,1,105.395,545.044,205.148,233.426,105.395,545.044,205.148,233.426,0,0.826562,nan,nan
33,2,274.108,138.733,19.5869,23.8767,274.108,138.733,19.5869,23.8767,0,0.786315,nan,nan
33,3,525.591,140.217,19.2146,27.2543,525.591,140.217,19.2146,27.2543,0,0.777023,nan,nan
33,4,547.939,139.398,22.3467,25.1026,547.939,139.398,22.3467,25.1026,0,0.759012,nan,nan
33,5,254.656,138.946,21.5817,23.8438,254.656,138.946,21.5817,23.8438,0,0.755026,nan,nan
33,6,503.991,139.507,21.894,25.9568,503.991,139.507,21.894,25.9568,0,0.756887,nan,nan
33,7,195.025,138.734,22.4935,23.2921,195.025,138.734,22.4935,23.2921,0,0.737807,nan,nan
33,8,372.06,138.317,21.7416,24.8671,372.06,138.317,21.7416,24.8671,0,0.741321,nan,nan
33,9,328.464,137.902,22.3793,24.8989,328.464,137.902,22.3793,24.8989,0,0.732809,nan,nan
33,10,738.232,139.105,21.3857,23.2243,738.232,139.105,21.3857,23.2243,0,0.732099,nan,nan
33,11,295.929,138.119,19.8126,25.4322,295.929,138.119,19.8126,25.4322,0,0.728845,nan,nan
33,12,596.323,138.432,25.7841,25.0266,596.323,138.432,25.7841,25.0266,0,0.722203,nan,nan
33,13,350.986,138.476,18.5257,24.8296,350.986,138.476,18.5257,24.8296,0,0.709431,nan,nan
33,14,112.077,138.187,23.5428,24.3157,112.077,138.187,23.5428,24.3157,0,0.658299,nan,nan
33,15,417.487,138.239,19.5221,25.2517,417.487,138.239,19.5221,25.2517,0,0.656769,nan,nan
33,16,154.405,139.007,25.4563,23.2715,154.405,139.007,25.4563,23.2715,0,0.641045,nan,nan
33,17,707.184,139.072,19.5301,23.691,707.184,139.072,19.53,23.691,0,0.627619,nan,nan
33,18,629.283,139.123,23.2705,22.3207,629.283,139.123,23.2705,22.3207,0,0.589678,nan,nan
33,19,649.882,139.062,21.9477,22.611,649.882,139.062,21.9478,22.611,0,0.587221,nan,nan
33,20,67.4562,842.678,134.884,205.132,67.4562,842.678,134.884,205.132,0,0.521976,nan,nan
33,21,232.147,138.928,18.2517,24.5799,232.147,138.928,18.2517,24.5799,0,0.523277,nan,nan
33,22,846.175,137.414,24.6887,25.8662,846.175,137.414,24.6887,25.8662,0,0.480503,nan,nan
33,23,216.151,138.652,16.7901,24.1463,216.151,138.652,16.7901,24.1463,0,0.485846,nan,nan
33,24,770.445,138.631,22.8849,23.4046,770.445,138.631,22.885,23.4046,0,0.461127,nan,nan
33,25,391.866,137.619,16.7703,27.1821,391.866,137.619,16.7703,27.1821,0,0.392973,nan,nan
33,26,468.975,135.865,21.0324,32.7927,468.975,135.865,21.0324,32.7927,0,0.348025,nan,nan
33,27,441.087,136.709,18.2879,28.4816,441.087,136.709,18.2878,28.4816,0,0.331768,nan,nan
33,28,571.459,139.053,19.6437,26.0469,571.459,139.053,19.6438,26.0469,0,0.340945,nan,nan
33,30,61.9489,135.348,25.5411,29.4422,61.9489,135.348,25.5411,29.4422,0,0.304976,nan,nan
33,31,2379.46,876.545,500.583,302.723,2379.46,876.545,500.583,302.723,0,0.890239,424.99,345.727
34,1,105.391,545.077,205.136,233.279,105.391,545.077,205.136,233.279,0,0.827835,nan,nan
34,2,274.106,138.734,19.6072,23.8863,274.106,138.734,19.6072,23.8863,0,0.784971,nan,nan
34,3,525.59,140.22,19.2202,27.2758,525.59,140.22,19.2202,27.2758,0,0.776381,nan,nan
34,4,547.938,139.399,22.3503,25.1123,547.938,139.399,22.3503,25.1123,0,0.758166,nan,nan
34,5,254.657,138.944,21.5967,23.8528,254.657,138.944,21.5967,23.8528,0,0.752999,nan,nan
34,6,503.992,139.509,21.9027,25.9729,503.992,139.509,21.9027,25.973,0,0.756515,nan,nan
34,7,195.024,138.733,22.5164,23.302,195.024,138.733,22.5164,23.302,0,0.734249,nan,nan
34,8,372.061,138.317,21.7605,24.8812,372.061,138.317,21.7605,24.8812,0,0.73805,nan,nan
34,9,328.464,137.9,22.3973,24.9133,328.464,137.9,22.3973,24.9133,0,0.730471,nan,nan
34,10,738.231,139.103,21.3924,23.2287,738.231,139.103,21.3923,23.2287,0,0.731638,nan,nan
34,11,295.931,138.117,19.8273,25.4416,295.931,138.117,19.8273,25.4416,0,0.726863,nan,nan
34,12,596.323,138.429,25.7943,25.0377,596.323,138.429,25.7942,25.0378,0,0.722035,nan,nan
34,13,350.986,138.474,18.534,24.8414,350.986,138.474,18.534,24.8414,0,0.707303,nan,nan
34,14,112.078,138.181,23.568,24.3334,112.078,138.181,23.568,24.3334,0,0.65388,nan,nan
34,15,417.489,138.238,19.5368,25.2727,417.489,138.238,19.5369,25.2727,0,0.653782,nan,nan
34,16,154.412,139.005,25.4868,23.2821,154.412,139.005,25.4868,23.2821,0,0.636208,nan,nan
34,17,707.182,139.069,19.5389,23.6964,707.182,139.069,19.5389,23.6964,0,0.627655,nan,nan
34,18,629.291,139.121,23.2909,22.3314,629.291,139.121,23.2909,22.3314,0,0.584483,nan,nan
34,19,649.875,139.059,21.9808,22.6198,649.875,139.059,21.9808,22.6198,0,0.579054,nan,nan
34,20,67.4605,842.87,134.893,205.135,67.4605,842.87,134.893,205.135,0,0.530584,nan,nan
34,21,232.135,138.92,18.2804,24.5938,232.135,138.92,18.2804,24.5938,0,0.518841,nan,nan
34,22,846.171,137.412,24.6924,25.8755,846.171,137.412,24.6924,25.8755,0,0.479214,nan,nan
34,23,216.171,138.647,16.8063,24.1548,216.171,138.647,16.8063,24.1548,0,0.477186,nan,nan
34,24,770.446,138.628,22.8919,23.4072,770.446,138.628,22.8918,23.4072,0,0.45973,nan,nan
34,25,391.867,137.623,16.7808,27.1892,391.867,137.623,16.7808,27.1892,0,0.381277,nan,nan
34,26,468.979,135.865,21.0498,32.8027,468.979,135.865,21.0498,32.8027,0,0.345683,nan,nan
34,27,441.095,136.704,18.3057,28.5035,441.095,136.704,18.3057,28.5035,0,0.32713,nan,nan
34,28,571.456,139.053,19.6483,26.0567,571.456,139.053,19.6482,26.0567,0,0.339369,nan,nan
34,30,61.9438,135.35,25.5617,29.4443,61.9438,135.35,25.5617,29.4443,0,0.29912,nan,nan
34,31,2344.76,863.233,504.947,297.208,2344.76,863.233,504.947,297.208,0,0.890738,424.99,345.727
35,1,105.397,545.091,205.14,233.24,105.397,545.091,205.14,233.24,0,0.828856,nan,nan
35,2,274.106,138.735,19.6126,23.8882,274.106,138.735,19.6127,23.8882,0,0.785043,nan,nan
35,3,525.588,140.222,19.2228,27.281,525.588,140.222,19.2228,27.281,0,0.776301,nan,nan
35,4,547.938,139.401,22.3517,25.1119,547.938,139.401,22.3518,25.1119,0,0.75772,nan,nan
35,5,254.657,138.943,21.6015,23.8583,254.657,138.943,21.6015,23.8583,0,0.75313,nan,nan
35,6,503.992,139.509,21.9041,25.976,503.992,139.509,21.9041,25.976,0,0.756061,nan,nan
35,7,195.023,138.733,22.5169,23.3132,195.023,138.733,22.5169,23.3132,0,0.735086,nan,nan
35,8,372.061,138.317,21.7633,24.8862,372.061,138.317,21.7633,24.8862,0,0.738583,nan,nan
35,9,328.464,137.9,22.4005,24.9165,328.464,137.9,22.4005,24.9164,0,0.73081,nan,nan
35,10,738.23,139.104,21.3995,23.2337,738.23,139.104,21.3995,23.2336,0,0.731238,nan,nan
35,11,295.931,138.118,19.828,25.4414,295.931,138.118,19.828,25.4413,0,0.726572,nan,nan
35,12,596.319,138.429,25.8086,25.0384,596.319,138.429,25.8086,25.0384,0,0.721495,nan,nan
35,13,350.986,138.474,18.5361,24.8458,350.986,138.474,18.5361,24.8458,0,0.707794,nan,nan
35,14,112.078,138.179,23.5732,24.3443,112.078,138.179,23.5732,24.3443,0,0.654475,nan,nan
35,15,417.487,138.238,19.5368,25.2787,417.487,138.238,19.5367,25.2787,0,0.654486,nan,nan
35,16,154.415,139.006,25.4976,23.294,154.415,139.006,25.4976,23.294,0,0.637356,nan,nan
35,17,707.18,139.069,19.5443,23.6981,707.18,139.069,19.5443,23.6981,0,0.626922,nan,nan
35,18,629.295,139.122,23.3041,22.3346,629.295,139.122,23.3041,22.3346,0,0.583641,nan,nan
35,19,649.87,139.06,21.9989,22.6226,649.87,139.06,21.9989,22.6227,0,0.577796,nan,nan
35,20,67.447,842.929,134.867,205.203,67.447,842.929,134.867,205.203,0,0.52877,nan,nan
35,21,232.13,138.916,18.2863,24.6067,232.13,138.916,18.2863,24.6067,0,0.518897,nan,nan
35,22,846.169,137.412,24.6981,25.8774,846.169,137.412,24.6981,25.8774,0,0.478471,nan,nan
35,23,216.178,138.644,16.8095,24.1685,216.178,138.644,16.8095,24.1685,0,0.478755,nan,nan
35,24,770.446,138.628,22.8985,23.4103,770.446,138.628,22.8984,23.4103,0,0.458758,nan,nan
35,25,391.866,137.621,16.7845,27.1956,391.866,137.621,16.7844,27.1956,0,0.384346,nan,nan
35,26,468.971,135.864,21.0445,32.8098,468.971,135.864,21.0444,32.8098,0,0.347424,nan,nan
35,27,441.094,136.704,18.3056,28.5115,441.094,136.704,18.3057,28.5115,0,0.329154,nan,nan
35,28,571.454,139.054,19.655,26.0541,571.454,139.054,19.655,26.0541,0,0.338462,nan,nan
35,30,61.9419,135.352,25.5665,29.4475,61.9419,135.352,25.5665,29.4475,0,0.300801,nan,nan
35,31,2331.72,858.507,506.173,295.094,2331.72,858.507,506.173,295.094,0,0.890706,424.99,345.727
36,1,105.415,545.089,205.189,233.201,105.415,545.089,205.189,233.201,0,0.828237,nan,nan
36,2,274.107,138.736,19.6166,23.8885,274.107,138.736,19.6166,23.8885,0,0.784966,nan,nan
36,3,525.591,140.223,19.227,27.2775,525.591,140.223,19.2271,27.2775,0,0.776478,nan,nan
36,4,547.94,139.402,22.3583,25.1139,547.94,139.402,22.3583,25.1139,0,0.758587,nan,nan
36,5,254.659,138.944,21.6019,23.8572,254.659,138.944,21.6019,23.8572,0,0.753228,nan,nan
36,6,503.994,139.512,21.909,25.9759,503.994,139.512,21.9091,25.9759,0,0.756771,nan,nan
36,7,195.024,138.735,22.5175,23.3122,195.024,138.735,22.5175,23.3122,0,0.734775,nan,nan
36,8,372.063,138.32,21.7653,24.8895,372.063,138.32,21.7653,24.8895,0,0.738074,nan,nan
36,9,328.465,137.901,22.405,24.919,328.465,137.901,22.405,24.919,0,0.73061,nan,nan
36,10,738.23,139.104,21.4001,23.2326,738.23,139.104,21.4001,23.2326,0,0.731603,nan,nan
36,11,295.933,138.119,19.8317,25.4434,295.933,138.119,19.8317,25.4434,0,0.726719,nan,nan
36,12,596.318,138.429,25.8159,25.0397,596.318,138.429,25.8159,25.0397,0,0.722125,nan,nan
36,13,350.987,138.475,18.5382,24.8487,350.987,138.475,18.5382,24.8487,0,0.707393,nan,nan
36,14,112.081,138.179,23.5774,24.3473,112.081,138.179,23.5774,24.3473,0,0.653974,nan,nan
36,15,417.49,138.24,19.5413,25.2817,417.49,138.24,19.5413,25.2817,0,0.654183,nan,nan
36,16,154.415,139.006,25.4944,23.2935,154.415,139.006,25.4944,23.2935,0,0.635966,nan,nan
36,17,707.179,139.069,19.5496,23.6993,707.179,139.069,19.5496,23.6993,0,0.627718,nan,nan
36,18,629.298,139.123,23.3094,22.3347,629.298,139.123,23.3093,22.3347,0,0.584222,nan,nan
36,19,649.871,139.06,22.0083,22.623,649.871,139.06,22.0083,22.623,0,0.578456,nan,nan
36,20,67.4904,842.845,134.947,204.779,67.4904,842.845,134.947,204.779,0,0.553374,nan,nan
36,21,232.13,138.917,18.2926,24.605,232.13,138.917,18.2925,24.6049,0,0.519622,nan,nan
36,22,846.17,137.412,24.6978,25.8797,846.17,137.412,24.6978,25.8797,0,0.479603,nan,nan
36,23,216.184,138.647,16.8077,24.1646,216.184,138.647,16.8077,24.1646,0,0.47868,nan,nan
36,24,770.449,138.628,22.9009,23.4104,770.449,138.628,22.9009,23.4104,0,0.459514,nan,nan
36,25,391.867,137.624,16.7852,27.1973,391.867,137.624,16.7853,27.1973,0,0.38223,nan,nan
36,26,468.979,135.868,21.0573,32.8075,468.979,135.868,21.0573,32.8075,0,0.3468,nan,nan
36,27,441.101,136.704,18.3146,28.5156,441.101,136.704,18.3146,28.5157,0,0.328312,nan,nan
36,28,571.456,139.055,19.6674,26.055,571.456,139.055,19.6674,26.055,0,0.339759,nan,nan
36,30,61.9446,135.353,25.567,29.447,61.9446,135.353,25.567,29.447,0,0.299614,nan,nan
36,31,2304.57,843.819,506.477,288.326,2304.57,843.819,506.477,288.326,0,0.892318,424.99,345.727
37,1,105.425,545.082,205.208,233.19,105.425,545.082,205.208,233.19,0,0.82991,nan,nan
37,2,274.105,138.735,19.6183,23.8837,274.105,138.735,19.6183,23.8837,0,0.784845,nan,nan
37,3,525.59,140.223,19.2297,27.2743,525.59,140.223,19.2297,27.2743,0,0.776035,nan,nan
37,4,547.939,139.403,22.3618,25.11,547.939,139.403,22.3618,25.11,0,0.757567,nan,nan
37,5,254.658,138.944,21.6064,23.8564,254.658,138.944,21.6064,23.8564,0,0.753139,nan,nan
37,6,503.993,139.511,21.9117,25.9727,503.993,139.511,21.9117,25.9727,0,0.755864,nan,nan
37,7,195.022,138.734,22.5176,23.3132,195.022,138.734,22.5176,23.3132,0,0.734778,nan,nan
37,8,372.061,138.318,21.7675,24.8812,372.061,138.318,21.7675,24.8812,0,0.738022,nan,nan
37,9,328.464,137.899,22.4061,24.9148,328.464,137.899,22.4061,24.9148,0,0.730357,nan,nan
37,10,738.229,139.104,21.4033,23.235,738.229,139.104,21.4033,23.235,0,0.731288,nan,nan
37,11,295.932,138.117,19.8324,25.4378,295.932,138.117,19.8324,25.4378,0,0.726194,nan,nan
37,12,596.315,138.429,25.8229,25.0379,596.315,138.429,25.823,25.0379,0,0.721411,nan,nan
37,13,350.987,138.474,18.5393,24.8428,350.987,138.474,18.5393,24.8428,0,0.707204,nan,nan
37,14,112.078,138.179,23.579,24.3496,112.078,138.179,23.579,24.3496,0,0.653934,nan,nan
37,15,417.485,138.239,19.5387,25.269,417.485,138.239,19.5387,25.269,0,0.65347,nan,nan
37,16,154.416,139.007,25.4997,23.2977,154.416,139.007,25.4997,23.2977,0,0.636848,nan,nan
37,17,707.177,139.068,19.5529,23.7001,707.177,139.068,19.5529,23.7001,0,0.627071,nan,nan
37,18,629.299,139.122,23.3161,22.3357,629.299,139.122,23.3162,22.3357,0,0.582964,nan,nan
37,19,649.868,139.06,22.0167,22.6245,649.868,139.06,22.0166,22.6245,0,0.576899,nan,nan
37,20,67.5061,842.781,134.985,204.603,67.5061,842.781,134.985,204.603,0,0.55025,nan,nan
37,21,232.129,138.914,18.293,24.6064,232.129,138.914,18.293,24.6064,0,0.518932,nan,nan
37,22,846.169,137.413,24.7014,25.8774,846.169,137.413,24.7014,25.8774,0,0.477915,nan,nan
37,23,216.181,138.644,16.8103,24.1682,216.181,138.644,16.8103,24.1682,0,0.478801,nan,nan
37,24,770.448,138.627,22.9036,23.4122,770.448,138.627,22.9036,23.4122,0,0.458973,nan,nan
37,25,391.866,137.622,16.7861,27.1875,391.866,137.622,16.7861,27.1875,0,0.383758,nan,nan
37,26,468.976,135.865,21.0572,32.8045,468.976,135.865,21.0571,32.8045,0,0.347584,nan,nan
37,27,441.09,136.701,18.3181,28.5067,441.09,136.701,18.3181,28.5067,0,0.328964,nan,nan
37,28,571.456,139.055,19.6755,26.0505,571.456,139.055,19.6755,26.0505,0,0.338316,nan,nan
37,30,61.9428,135.353,25.5666,29.4484,61.9428,135.353,25.5666,29.4484,0,0.300316,nan,nan
37,31,2294.6,838.635,506.256,285.815,2294.6,838.635,506.256,285.815,0,0.892176,424.99,345.727
38,1,105.43,544.835,205.207,233.332,105.43,544.835,205.207,233.332,0,0.829765,nan,nan
38,2,274.106,138.726,19.6251,23.8922,274.106,138.726,19.6251,23.8922,0,0.78494,nan,nan
38,3,525.593,140.215,19.2314,27.2783,525.593,140.215,19.2314,27.2783,0,0.775756,nan,nan
38,4,547.942,139.395,22.3632,25.1102,547.942,139.395,22.3632,25.1102,0,0.757109,nan,nan
38,5,254.662,138.933,21.6149,23.8634,254.662,138.933,21.6149,23.8634,0,0.753022,nan,nan
38,6,503.996,139.503,21.9163,25.9783,503.996,139.503,21.9163,25.9783,0,0.756029,nan,nan
38,7,195.025,138.721,22.5291,23.3217,195.025,138.721,22.5291,23.3217,0,0.734632,nan,nan
38,8,372.064,138.308,21.7722,24.8909,372.064,138.308,21.7722,24.8909,0,0.738491,nan,nan
38,9,328.467,137.889,22.4111,24.9245,328.467,137.889,22.4111,24.9245,0,0.730707,nan,nan
38,10,738.233,139.096,21.4018,23.2337,738.233,139.096,21.4019,23.2337,0,0.730621,nan,nan
38,11,295.935,138.106,19.8386,25.4503,295.935,138.106,19.8386,25.4503,0,0.726532,nan,nan
38,12,596.318,138.421,25.8247,25.0395,596.318,138.421,25.8247,25.0395,0,0.721067,nan,nan
38,13,350.99,138.463,18.5437,24.8521,350.99,138.463,18.5437,24.8521,0,0.707525,nan,nan
38,14,112.081,138.165,23.5855,24.3594,112.081,138.165,23.5855,24.3594,0,0.6541,nan,nan
38,15,417.488,138.229,19.5423,25.2781,417.488,138.229,19.5424,25.2781,0,0.654078,nan,nan
38,16,154.421,138.993,25.5078,23.3044,154.421,138.993,25.5078,23.3044,0,0.637175,nan,nan
38,17,707.181,139.061,19.5524,23.698,707.181,139.061,19.5524,23.698,0,0.625863,nan,nan
38,18,629.303,139.113,23.3176,22.3375,629.303,139.113,23.3176,22.3375,0,0.581758,nan,nan
38,19,649.87,139.052,22.0206,22.6253,649.87,139.052,22.0205,22.6253,0,0.575631,nan,nan
38,20,67.5471,842.547,135.072,205.25,67.5471,842.547,135.072,205.25,0,0.543739,nan,nan
38,21,232.126,138.9,18.3007,24.6198,232.126,138.9,18.3007,24.6198,0,0.518626,nan,nan
38,22,846.176,137.408,24.695,25.8699,846.176,137.408,24.6951,25.8699,0,0.480668,nan,nan
38,23,216.189,138.63,16.8205,24.1797,216.189,138.63,16.8205,24.1797,0,0.477602,nan,nan
38,24,770.453,138.62,22.9056,23.4091,770.453,138.62,22.9055,23.4091,0,0.458677,nan,nan
38,25,391.868,137.611,16.789,27.1969,391.868,137.611,16.7891,27.1969,0,0.383624,nan,nan
38,26,468.981,135.858,21.0617,32.805,468.981,135.858,21.0616,32.805,0,0.346678,nan,nan
38,27,441.094,136.691,18.3233,28.5135,441.094,136.691,18.3233,28.5135,0,0.32858,nan,nan
38,28,571.462,139.048,19.6755,26.049,571.462,139.048,19.6755,26.049,0,0.337232,nan,nan
38,30,61.9463,135.343,25.5681,29.451,61.9463,135.343,25.5681,29.451,0,0.300504,nan,nan
38,31,2264.37,823.121,508.277,277.764,2264.37,823.121,508.277,277.764,0,0.887035,424.99,345.727
39,1,105.437,544.756,205.223,233.37,105.437,544.756,205.223,233.37,0,0.829781,nan,nan
39,2,274.104,138.731,19.6218,23.8948,274.104,138.731,19.6218,23.8948,0,0.785126,nan,nan
39,3,525.59,140.221,19.2318,27.279,525.59,140.221,19.2317,27.279,0,0.77576,nan,nan
39,4,547.94,139.4,22.3636,25.1075,547.94,139.4,22.3636,25.1075,0,0.756754,nan,nan
39,5,254.659,138.939,21.612,23.8676,254.659,138.939,21.612,23.8676,0,0.753538,nan,nan
39,6,503.994,139.507,21.9155,25.9782,503.994,139.507,21.9155,25.9782,0,0.755619,nan,nan
39,7,195.022,138.728,22.5222,23.3268,195.022,138.728,22.5222,23.3268,0,0.735476,nan,nan
39,8,372.061,138.314,21.7681,24.8883,372.061,138.314,21.7681,24.8883,0,0.73923,nan,nan
39,9,328.464,137.894,22.4066,24.9238,328.464,137.894,22.4066,24.9238,0,0.731189,nan,nan
39,10,738.232,139.101,21.405,23.2359,738.232,139.101,21.405,23.2359,0,0.730524,nan,nan
39,11,295.932,138.111,19.838,25.453,295.932,138.111,19.838,25.4529,0,0.726636,nan,nan
39,12,596.316,138.426,25.8269,25.038,596.316,138.426,25.8269,25.038,0,0.720757,nan,nan
39,13,350.988,138.469,18.5434,24.8508,350.988,138.469,18.5435,24.8508,0,0.708143,nan,nan
39,14,112.078,138.172,23.5831,24.3613,112.078,138.172,23.5831,24.3613,0,0.65479,nan,nan
39,15,417.484,138.234,19.5382,25.2731,417.484,138.234,19.5382,25.2731,0,0.655039,nan,nan
39,16,154.418,139.001,25.5068,23.3083,154.418,139.001,25.5068,23.3083,0,0.638156,nan,nan
39,17,707.179,139.066,19.5527,23.6966,707.179,139.066,19.5527,23.6966,0,0.625419,nan,nan
39,18,629.3,139.118,23.3162,22.3382,629.3,139.118,23.3162,22.3381,0,0.582131,nan,nan
39,19,649.869,139.057,22.0181,22.6252,649.869,139.057,22.0181,22.6252,0,0.576346,nan,nan
39,20,67.547,842.439,135.079,205.578,67.547,842.439,135.079,205.578,0,0.538747,nan,nan
39,21,232.125,138.906,18.2943,24.626,232.125,138.906,18.2943,24.626,0,0.519423,nan,nan
39,22,846.176,137.415,24.6933,25.863,846.176,137.415,24.6934,25.863,0,0.480477,nan,nan
39,23,216.179,138.634,16.8153,24.189,216.179,138.634,16.8153,24.189,0,0.479798,nan,nan
39,24,770.451,138.625,22.9089,23.4099,770.451,138.625,22.9089,23.4099,0,0.458901,nan,nan
39,25,391.866,137.615,16.7892,27.1986,391.866,137.615,16.7892,27.1986,0,0.387683,nan,nan
39,26,468.972,135.861,21.0511,32.8068,468.972,135.861,21.051,32.8068,0,0.349167,nan,nan
39,27,441.086,136.697,18.3181,28.5095,441.086,136.697,18.3181,28.5095,0,0.33155,nan,nan
39,28,571.46,139.054,19.6759,26.0451,571.46,139.054,19.6759,26.0451,0,0.336767,nan,nan
39,30,61.9445,135.351,25.5674,29.4515,61.9445,135.351,25.5674,29.4515,0,0.302188,nan,nan
39,31,2253.36,817.691,508.787,274.84,2253.36,817.691,508.787,274.84,0,0.886599,424.99,345.727
40,1,105.471,544.748,205.293,233.287,105.471,544.748,205.293,233.287,0,0.82966,nan,nan
40,2,274.106,138.734,19.6285,23.8959,274.106,138.734,19.6285,23.8959,0,0.78424,nan,nan
40,3,525.59,140.224,19.2322,27.2874,525.59,140.224,19.2322,27.2874,0,0.775693,nan,nan
40,4,547.942,139.401,22.3649,25.1137,547.942,139.401,22.365,25.1137,0,0.757073,nan,nan
40,5,254.663,138.941,21.6252,23.871,254.663,138.941,21.6252,23.871,0,0.752303,nan,nan
40,6,503.995,139.511,21.9198,25.9836,503.995,139.511,21.9198,25.9836,0,0.755733,nan,nan
40,7,195.025,138.73,22.5438,23.326,195.025,138.73,22.5438,23.326,0,0.732932,nan,nan
40,8,372.058,138.316,21.7719,24.8964,372.058,138.316,21.7719,24.8965,0,0.737347,nan,nan
40,9,328.468,137.894,22.4178,24.9286,328.468,137.894,22.4178,24.9286,0,0.730679,nan,nan
40,10,738.233,139.102,21.4009,23.2332,738.233,139.102,21.4009,23.2332,0,0.730704,nan,nan
40,11,295.936,138.11,19.8423,25.4554,295.936,138.11,19.8423,25.4554,0,0.725321,nan,nan
40,12,596.317,138.428,25.8227,25.0454,596.317,138.428,25.8228,25.0454,0,0.721086,nan,nan
40,13,350.988,138.469,18.5469,24.8592,350.988,138.469,18.5469,24.8592,0,0.706965,nan,nan
40,14,112.082,138.172,23.5958,24.3674,112.082,138.172,23.5958,24.3674,0,0.652994,nan,nan
40,15,417.483,138.238,19.5413,25.2824,417.483,138.238,19.5413,25.2823,0,0.653224,nan,nan
40,16,154.426,139.002,25.5278,23.304,154.426,139.002,25.5278,23.304,0,0.635332,nan,nan
40,17,707.181,139.067,19.5504,23.6965,707.181,139.067,19.5504,23.6965,0,0.626116,nan,nan
40,18,629.299,139.119,23.3092,22.3399,629.299,139.119,23.3092,22.3399,0,0.583314,nan,nan
40,19,649.872,139.058,22.0094,22.6257,649.872,139.058,22.0094,22.6257,0,0.577997,nan,nan
40,20,67.6374,842.449,135.249,205.451,67.6374,842.449,135.249,205.451,0,0.543807,nan,nan
40,21,232.123,138.903,18.3043,24.6345,232.123,138.903,18.3043,24.6345,0,0.516426,nan,nan
40,22,846.178,137.416,24.6873,25.8632,846.178,137.416,24.6873,25.8632,0,0.481617,nan,nan
40,23,216.195,138.634,16.8311,24.1888,216.195,138.634,16.8311,24.1888,0,0.474234,nan,nan
40,24,770.451,138.627,22.9041,23.408,770.451,138.627,22.9041,23.408,0,0.459848,nan,nan
40,25,391.862,137.619,16.7842,27.2096,391.862,137.619,16.7842,27.2096,0,0.38122,nan,nan
40,26,468.987,135.864,21.0683,32.8074,468.987,135.864,21.0684,32.8074,0,0.346269,nan,nan
40,27,441.089,136.696,18.3218,28.521,441.089,136.696,18.3218,28.521,0,0.327096,nan,nan
40,28,571.464,139.056,19.6742,26.0557,571.464,139.056,19.6742,26.0557,0,0.337246,nan,nan
40,30,61.9485,135.355,25.5834,29.4483,61.9485,135.355,25.5834,29.4483,0,0.297201,nan,nan
40,31,2223.96,806.041,508.939,268.262,2223.96,806.041,508.939,268.262,0,0.887195,424.99,345.727
41,1,105.484,544.746,205.323,233.329,105.484,544.746,205.323,233.329,0,0.830215,nan,nan
41,2,274.107,138.733,19.6226,23.8964,274.107,138.733,19.6226,23.8965,0,0.784328,nan,nan
41,3,525.588,140.226,19.2328,27.2864,525.588,140.226,19.2328,27.2864,0,0.775576,nan,nan
41,4,547.94,139.403,22.3668,25.1125,547.94,139.403,22.3668,25.1125,0,0.756387,nan,nan
41,5,254.66,138.941,21.6228,23.8745,254.66,138.941,21.6228,23.8745,0,0.752712,nan,nan
41,6,503.993,139.511,21.9192,25.9813,503.993,139.511,21.9192,25.9813,0,0.755272,nan,nan
41,7,195.022,138.731,22.5434,23.3308,195.022,138.731,22.5434,23.3308,0,0.733579,nan,nan
41,8,372.056,138.315,21.7719,24.8958,372.056,138.315,21.7719,24.8958,0,0.737717,nan,nan
41,9,328.466,137.893,22.419,24.9276,328.466,137.893,22.4189,24.9276,0,0.731028,nan,nan
41,10,738.232,139.104,21.4033,23.2354,738.232,139.104,21.4033,23.2354,0,0.730495,nan,nan
41,11,295.934,138.108,19.8415,25.4563,295.934,138.108,19.8414,25.4563,0,0.725554,nan,nan
41,12,596.315,138.429,25.8261,25.0457,596.315,138.429,25.8262,25.0457,0,0.720529,nan,nan
41,13,350.984,138.469,18.5457,24.8581,350.984,138.469,18.5457,24.8581,0,0.707356,nan,nan
41,14,112.081,138.172,23.5986,24.3736,112.081,138.172,23.5986,24.3736,0,0.653624,nan,nan
41,15,417.48,138.238,19.5385,25.28,417.48,138.238,19.5385,25.28,0,0.653236,nan,nan
41,16,154.426,139.003,25.5313,23.3106,154.426,139.003,25.5313,23.3106,0,0.636368,nan,nan
41,17,707.179,139.069,19.5506,23.6965,707.179,139.069,19.5505,23.6965,0,0.62546,nan,nan
41,18,629.297,139.121,23.3087,22.3401,629.297,139.121,23.3086,22.3401,0,0.582751,nan,nan
41,19,649.871,139.059,22.0084,22.6254,649.871,139.059,22.0083,22.6254,0,0.577358,nan,nan
41,20,67.6839,842.412,135.353,205.515,67.6839,842.412,135.353,205.515,0,0.538429,nan,nan
41,21,232.12,138.902,18.298,24.6401,232.12,138.902,18.298,24.6401,0,0.517099,nan,nan
41,22,846.178,137.418,24.6871,25.8597,846.178,137.418,24.6871,25.8597,0,0.480944,nan,nan
41,23,216.192,138.633,16.8302,24.196,216.192,138.633,16.8302,24.196,0,0.475908,nan,nan
41,24,770.451,138.628,22.9063,23.4093,770.451,138.628,22.9062,23.4092,0,0.459217,nan,nan
41,25,391.857,137.617,16.7805,27.2117,391.857,137.617,16.7805,27.2117,0,0.38266,nan,nan
41,26,468.982,135.864,21.0637,32.8075,468.982,135.864,21.0637,32.8075,0,0.347821,nan,nan
41,27,441.082,136.697,18.3163,28.5174,441.082,136.697,18.3163,28.5174,0,0.328647,nan,nan
41,28,571.465,139.057,19.6768,26.0554,571.465,139.057,19.6768,26.0554,0,0.335873,nan,nan
41,30,61.9442,135.356,25.5838,29.4489,61.9442,135.356,25.5838,29.4489,0,0.298033,nan,nan
41,31,2213.3,802.116,508.75,265.928,2213.3,802.116,508.75,265.928,0,0.887429,424.99,345.727
42,1,105.489,544.752,205.332,233.33,105.489,544.752,205.332,233.33,0,0.829794,nan,nan
42,2,274.105,138.734,19.6263,23.8929,274.105,138.734,19.6262,23.8929,0,0.78427,nan,nan
42,3,525.587,140.227,19.2314,27.2864,525.587,140.227,19.2314,27.2864,0,0.775747,nan,nan
42,4,547.94,139.403,22.3654,25.1143,547.94,139.403,22.3654,25.1143,0,0.75696,nan,nan
42,5,254.661,138.942,21.6261,23.87,254.661,138.942,21.6262,23.87,0,0.752303,nan,nan
42,6,503.992,139.512,21.9199,25.9813,503.992,139.512,21.9199,25.9813,0,0.755883,nan,nan
42,7,195.022,138.731,22.5483,23.3257,195.022,138.731,22.5483,23.3257,0,0.733177,nan,nan
42,8,372.054,138.316,21.775,24.8958,372.054,138.316,21.775,24.8958,0,0.737083,nan,nan
42,9,328.467,137.895,22.4221,24.9292,328.467,137.895,22.4221,24.9292,0,0.730554,nan,nan
42,10,738.232,139.104,21.4012,23.2336,738.232,139.104,21.4011,23.2336,0,0.730729,nan,nan
42,11,295.934,138.109,19.8414,25.4554,295.934,138.109,19.8414,25.4554,0,0.725329,nan,nan
42,12,596.315,138.43,25.8229,25.0469,596.315,138.43,25.8229,25.0469,0,0.721005,nan,nan
42,13,350.984,138.469,18.546,24.8583,350.984,138.469,18.546,24.8583,0,0.70674,nan,nan
42,14,112.08,138.172,23.6013,24.3739,112.08,138.172,23.6013,24.3739,0,0.653013,nan,nan
42,15,417.479,138.239,19.5405,25.2811,417.479,138.239,19.5405,25.2811,0,0.652614,nan,nan
42,16,154.426,139.003,25.5348,23.3051,154.426,139.003,25.5348,23.3051,0,0.635713,nan,nan
42,17,707.179,139.069,19.549,23.6966,707.179,139.069,19.5491,23.6966,0,0.626002,nan,nan
42,18,629.297,139.121,23.3087,22.3399,629.297,139.121,23.3087,22.3398,0,0.582842,nan,nan
42,19,649.871,139.06,22.0089,22.6253,649.871,139.06,22.0088,22.6253,0,0.57725,nan,nan
42,20,67.702,842.462,135.39,205.4,67.702,842.462,135.39,205.4,0,0.539968,nan,nan
42,21,232.119,138.902,18.3009,24.6358,232.119,138.902,18.3009,24.6358,0,0.516682,nan,nan
42,22,846.178,137.418,24.686,25.862,846.178,137.418,24.686,25.8621,0,0.481989,nan,nan
42,23,216.195,138.634,16.8337,24.1885,216.195,138.634,16.8337,24.1885,0,0.474718,nan,nan
42,24,770.45,138.629,22.9045,23.408,770.45,138.629,22.9045,23.408,0,0.459471,nan,nan
42,25,391.854,137.62,16.7776,27.2075,391.854,137.62,16.7776,27.2075,0,0.380112,nan,nan
42,26,468.987,135.866,21.0713,32.8039,468.987,135.866,21.0713,32.8039,0,0.345875,nan,nan
42,27,441.084,136.698,18.3194,28.518,441.084,136.698,18.3194,28.518,0,0.326295,nan,nan
42,28,571.464,139.057,19.6746,26.0584,571.464,139.057,19.6746,26.0584,0,0.336976,nan,nan
42,30,61.9426,135.357,25.5842,29.4475,61.9426,135.357,25.5842,29.4475,0,0.296776,nan,nan
42,31,2209.86,801,508.427,265.18,2209.86,801,508.428,265.18,0,0.887528,424.99,345.727
43,1,105.484,544.792,205.296,233.204,105.484,544.792,205.296,233.204,0,0.831913,nan,nan
43,2,274.11,138.731,19.6149,23.8843,274.11,138.731,19.6149,23.8843,0,0.785107,nan,nan
43,3,525.587,140.227,19.2318,27.2878,525.587,140.227,19.2318,27.2878,0,0.775356,nan,nan
43,4,547.942,139.403,22.3672,25.1119,547.942,139.403,22.3672,25.1119,0,0.75606,nan,nan
43,5,254.656,138.939,21.6151,23.8634,254.656,138.939,21.6151,23.8635,0,0.753905,nan,nan
43,6,503.993,139.511,21.9174,25.9808,503.993,139.511,21.9174,25.9808,0,0.755204,nan,nan
43,7,195.027,138.728,22.536,23.3224,195.027,138.728,22.536,23.3224,0,0.733415,nan,nan
43,8,372.057,138.315,21.7667,24.8807,372.057,138.315,21.7667,24.8807,0,0.738241,nan,nan
43,9,328.469,137.894,22.4151,24.9134,328.469,137.894,22.415,24.9134,0,0.731435,nan,nan
43,10,738.234,139.104,21.4014,23.2366,738.234,139.104,21.4014,23.2366,0,0.730677,nan,nan
43,11,295.935,138.108,19.8389,25.4441,295.935,138.108,19.8389,25.4441,0,0.726423,nan,nan
43,12,596.317,138.429,25.8224,25.0435,596.317,138.429,25.8224,25.0435,0,0.720473,nan,nan
43,13,350.986,138.47,18.5465,24.8438,350.986,138.47,18.5465,24.8438,0,0.707734,nan,nan
43,14,112.086,138.174,23.5979,24.3683,112.086,138.174,23.5979,24.3683,0,0.654647,nan,nan
43,15,417.48,138.24,19.5332,25.2623,417.48,138.24,19.5332,25.2623,0,0.654325,nan,nan
43,16,154.421,139.003,25.5223,23.2991,154.421,139.003,25.5223,23.2991,0,0.636584,nan,nan
43,17,707.181,139.069,19.5472,23.6967,707.181,139.069,19.5472,23.6967,0,0.625681,nan,nan
43,18,629.296,139.121,23.3056,22.3399,629.296,139.121,23.3057,22.3399,0,0.583199,nan,nan
43,19,649.873,139.059,22.0027,22.6254,649.873,139.059,22.0027,22.6254,0,0.578019,nan,nan
43,20,67.7077,842.504,135.396,204.928,67.7077,842.504,135.396,204.928,0,0.533595,nan,nan
43,21,232.106,138.896,18.3041,24.6365,232.106,138.896,18.3041,24.6365,0,0.518573,nan,nan
43,22,846.18,137.417,24.6839,25.8609,846.18,137.417,24.6838,25.8609,0,0.481027,nan,nan
43,23,216.205,138.628,16.8405,24.1997,216.205,138.628,16.8405,24.1997,0,0.476923,nan,nan
43,24,770.449,138.628,22.8971,23.4089,770.449,138.628,22.8971,23.4089,0,0.45988,nan,nan
43,25,391.857,137.618,16.7783,27.1958,391.857,137.618,16.7783,27.1958,0,0.385371,nan,nan
43,26,468.978,135.862,21.0592,32.8015,468.978,135.862,21.0592,32.8015,0,0.348183,nan,nan
43,27,441.077,136.702,18.3101,28.4943,441.077,136.702,18.3101,28.4944,0,0.330878,nan,nan
43,28,571.465,139.057,19.6722,26.0517,571.465,139.057,19.6721,26.0517,0,0.33526,nan,nan
43,30,61.9448,135.351,25.5881,29.441,61.9448,135.351,25.5882,29.441,0,0.295091,nan,nan
43,31,2183.09,789.078,508.553,254.79,2183.09,789.078,508.553,254.79,0,0.903904,424.99,345.727
44,1,105.48,544.817,205.283,233.11,105.48,544.817,205.283,233.11,0,0.831852,nan,nan
44,2,274.109,138.729,19.6125,23.8815,274.109,138.729,19.6125,23.8815,0,0.785444,nan,nan
44,3,525.587,140.228,19.23,27.2918,525.587,140.228,19.23,27.2918,0,0.77569,nan,nan
44,4,547.94,139.403,22.3661,25.114,547.94,139.403,22.3662,25.114,0,0.756818,nan,nan
44,5,254.653,138.938,21.6126,23.86,254.653,138.938,21.6126,23.86,0,0.754138,nan,nan
44,6,503.992,139.511,21.916,25.9844,503.992,139.511,21.916,25.9844,0,0.755956,nan,nan
44,7,195.027,138.726,22.5354,23.3197,195.027,138.726,22.5354,23.3197,0,0.733633,nan,nan
44,8,372.056,138.315,21.7646,24.8811,372.056,138.315,21.7646,24.8811,0,0.738829,nan,nan
44,9,328.469,137.893,22.4124,24.9109,328.469,137.893,22.4124,24.9109,0,0.731706,nan,nan
44,10,738.233,139.104,21.3981,23.234,738.233,139.104,21.3982,23.234,0,0.730911,nan,nan
44,11,295.933,138.108,19.8382,25.4413,295.933,138.108,19.8381,25.4413,0,0.726889,nan,nan
44,12,596.315,138.429,25.821,25.0446,596.315,138.429,25.821,25.0446,0,0.720822,nan,nan
44,13,350.986,138.47,18.5486,24.8433,350.986,138.47,18.5486,24.8433,0,0.708089,nan,nan
44,14,112.086,138.174,23.5987,24.3651,112.086,138.174,23.5987,24.3651,0,0.654889,nan,nan
44,15,417.479,138.24,19.5331,25.2636,417.479,138.24,19.5331,25.2636,0,0.655079,nan,nan
44,16,154.416,139.001,25.5208,23.2953,154.416,139.001,25.5208,23.2953,0,0.636794,nan,nan
44,17,707.181,139.069,19.5457,23.6961,707.181,139.069,19.5457,23.6961,0,0.626112,nan,nan
44,18,629.295,139.121,23.3058,22.34,629.295,139.121,23.3059,22.34,0,0.583079,nan,nan
44,19,649.872,139.06,22.0029,22.6257,649.872,139.06,22.0029,22.6257,0,0.577682,nan,nan
44,20,67.7147,842.555,135.411,204.791,67.7147,842.555,135.411,204.791,0,0.536913,nan,nan
44,21,232.101,138.895,18.3078,24.6337,232.101,138.895,18.3078,24.6337,0,0.519557,nan,nan
44,22,846.179,137.416,24.6829,25.8644,846.179,137.416,24.6829,25.8644,0,0.481502,nan,nan
44,23,216.212,138.626,16.8525,24.2002,216.212,138.626,16.8525,24.2002,0,0.477499,nan,nan
44,24,770.447,138.629,22.8909,23.407,770.447,138.629,22.8909,23.407,0,0.460112,nan,nan
44,25,391.854,137.619,16.7781,27.1985,391.854,137.619,16.7781,27.1985,0,0.386335,nan,nan
44,26,468.976,135.862,21.0565,32.8043,468.976,135.862,21.0565,32.8043,0,0.348983,nan,nan
44,27,441.076,136.704,18.3104,28.4929,441.076,136.704,18.3104,28.493,0,0.331312,nan,nan
44,28,571.462,139.058,19.6684,26.0536,571.462,139.058,19.6685,26.0536,0,0.336634,nan,nan
44,30,61.9431,135.349,25.5857,29.4382,61.9431,135.349,25.5857,29.4382,0,0.295063,nan,nan
44,31,2173.47,784.996,508.417,251.025,2173.47,784.996,508.417,251.025,0,0.903864,424.99,345.727
45,1,105.483,544.842,205.284,233.102,105.483,544.842,205.284,233.102,0,0.832236,nan,nan
45,2,274.11,138.729,19.6075,23.8783,274.11,138.729,19.6075,23.8782,0,0.785333,nan,nan
45,3,525.586,140.228,19.2302,27.2914,525.586,140.228,19.2302,27.2914,0,0.775443,nan,nan
45,4,547.94,139.403,22.3676,25.1111,547.94,139.403,22.3677,25.1111,0,0.756077,nan,nan
45,5,254.651,138.938,21.6044,23.8582,254.651,138.938,21.6044,23.8582,0,0.754122,nan,nan
45,6,503.992,139.511,21.9146,25.9838,503.992,139.511,21.9146,25.9838,0,0.755317,nan,nan
45,7,195.028,138.727,22.5296,23.3169,195.028,138.727,22.5296,23.3169,0,0.733821,nan,nan
45,8,372.057,138.315,21.7596,24.875,372.057,138.315,21.7596,24.875,0,0.738649,nan,nan
45,9,328.468,137.894,22.4086,24.9059,328.468,137.894,22.4086,24.9059,0,0.731736,nan,nan
45,10,738.231,139.104,21.3947,23.2359,738.231,139.104,21.3948,23.2359,0,0.730064,nan,nan
45,11,295.933,138.108,19.8353,25.4367,295.933,138.108,19.8353,25.4367,0,0.726795,nan,nan
45,12,596.317,138.429,25.8187,25.0418,596.317,138.429,25.8187,25.0418,0,0.72057,nan,nan
45,13,350.985,138.471,18.5472,24.8376,350.985,138.471,18.5472,24.8376,0,0.708132,nan,nan
45,14,112.087,138.176,23.5953,24.3623,112.087,138.176,23.5953,24.3623,0,0.655112,nan,nan
45,15,417.479,138.241,19.5289,25.2571,417.479,138.241,19.5289,25.257,0,0.654865,nan,nan
45,16,154.413,139.003,25.514,23.2936,154.413,139.003,25.514,23.2935,0,0.636692,nan,nan
45,17,707.179,139.069,19.5496,23.6963,707.179,139.069,19.5496,23.6963,0,0.625943,nan,nan
45,18,629.293,139.121,23.3026,22.3406,629.293,139.121,23.3026,22.3406,0,0.583616,nan,nan
45,19,649.873,139.06,21.9978,22.6256,649.873,139.06,21.9978,22.6256,0,0.578904,nan,nan
45,20,67.7519,842.535,135.488,204.666,67.7519,842.535,135.488,204.666,0,0.537682,nan,nan
45,21,232.106,138.893,18.3007,24.6319,232.106,138.893,18.3007,24.6319,0,0.518783,nan,nan
45,22,846.179,137.416,24.6863,25.863,846.179,137.416,24.6863,25.863,0,0.481156,nan,nan
45,23,216.202,138.625,16.8446,24.1996,216.202,138.625,16.8445,24.1996,0,0.477788,nan,nan
45,24,770.448,138.629,22.8933,23.4088,770.448,138.629,22.8933,23.4088,0,0.460649,nan,nan
45,25,391.855,137.619,16.7776,27.1946,391.855,137.619,16.7776,27.1946,0,0.38677,nan,nan
45,26,468.97,135.86,21.0483,32.8052,468.97,135.86,21.0483,32.8052,0,0.348657,nan,nan
45,27,441.07,136.705,18.3047,28.4861,441.07,136.705,18.3047,28.4861,0,0.331675,nan,nan
45,28,571.462,139.058,19.6683,26.0483,571.462,139.058,19.6683,26.0483,0,0.335334,nan,nan
45,30,61.9431,135.348,25.5881,29.4364,61.9431,135.348,25.5881,29.4364,0,0.295667,nan,nan
45,31,2170.43,783.798,508.189,249.788,2170.43,783.798,508.189,249.788,0,0.903882,424.99,345.727
46,1,105.5,544.89,205.328,233.226,105.5,544.89,205.328,233.226,0,0.831824,nan,nan
46,2,274.108,138.73,19.611,23.8796,274.108,138.73,19.611,23.8796,0,0.785615,nan,nan
46,3,525.587,140.231,19.2271,27.2907,525.587,140.231,19.2271,27.2907,0,0.775793,nan,nan
46,4,547.939,139.406,22.3648,25.1097,547.939,139.406,22.3647,25.1097,0,0.756572,nan,nan
46,5,254.649,138.939,21.5963,23.8588,254.649,138.939,21.5963,23.8589,0,0.75405,nan,nan
46,6,503.993,139.514,21.9124,25.9853,503.993,139.514,21.9125,25.9853,0,0.756028,nan,nan
46,7,195.023,138.73,22.5231,23.3129,195.023,138.73,22.5231,23.3129,0,0.734406,nan,nan
46,8,372.056,138.316,21.7626,24.8782,372.056,138.316,21.7626,24.8782,0,0.739308,nan,nan
46,9,328.469,137.895,22.4103,24.9107,328.469,137.895,22.4103,24.9107,0,0.732073,nan,nan
46,10,738.232,139.11,21.3948,23.2398,738.232,139.11,21.3948,23.2397,0,0.731369,nan,nan
46,11,295.934,138.109,19.8391,25.437,295.934,138.109,19.8391,25.437,0,0.727315,nan,nan
46,12,596.317,138.432,25.8157,25.0393,596.317,138.432,25.8157,25.0393,0,0.720988,nan,nan
46,13,350.985,138.472,18.5499,24.8408,350.985,138.472,18.5499,24.8408,0,0.70845,nan,nan
46,14,112.09,138.18,23.6055,24.3547,112.09,138.18,23.6055,24.3547,0,0.654228,nan,nan
46,15,417.478,138.243,19.5286,25.2597,417.478,138.243,19.5286,25.2597,0,0.655174,nan,nan
46,16,154.412,139.006,25.5179,23.2883,154.412,139.006,25.5179,23.2883,0,0.636376,nan,nan
46,17,707.178,139.071,19.5491,23.6949,707.178,139.071,19.5491,23.6949,0,0.62725,nan,nan
46,18,629.292,139.123,23.3005,22.3382,629.292,139.123,23.3005,22.3382,0,0.584588,nan,nan
46,19,649.874,139.062,21.991,22.6228,649.874,139.062,21.991,22.6228,0,0.580562,nan,nan
46,20,67.76,842.653,135.503,204.855,67.76,842.653,135.503,204.855,0,0.536606,nan,nan
46,21,232.116,138.898,18.2809,24.6292,232.116,138.898,18.2809,24.6292,0,0.51911,nan,nan
46,22,846.18,137.417,24.6855,25.8632,846.18,137.417,24.6855,25.8632,0,0.482471,nan,nan
46,23,216.193,138.627,16.8345,24.1974,216.193,138.627,16.8345,24.1974,0,0.479858,nan,nan
46,24,770.444,138.632,22.8845,23.4086,770.444,138.632,22.8845,23.4086,0,0.461111,nan,nan
46,25,391.854,137.621,16.7767,27.1943,391.854,137.621,16.7767,27.1943,0,0.387297,nan,nan
46,26,468.97,135.862,21.0439,32.8077,468.97,135.862,21.0438,32.8077,0,0.349837,nan,nan
46,27,441.072,136.706,18.3049,28.4896,441.072,136.706,18.3049,28.4896,0,0.331911,nan,nan
46,28,571.458,139.061,19.6638,26.0463,571.458,139.061,19.6638,26.0464,0,0.336505,nan,nan
46,30,61.9434,135.351,25.5853,29.4369,61.9434,135.351,25.5853,29.4369,0,0.294198,nan,nan
46,31,2143.35,774.681,506.646,246.239,2143.35,774.681,506.646,246.239,0,0.872132,424.99,345.727
47,1,105.503,544.884,205.344,233.316,105.503,544.884,205.344,233.316,0,0.831475,nan,nan
47,2,274.106,138.727,19.616,23.8719,274.106,138.727,19.616,23.8719,0,0.785182,nan,nan
47,3,525.586,140.229,19.2277,27.2883,525.586,140.229,19.2277,27.2883,0,0.775526,nan,nan
47,4,547.939,139.404,22.3659,25.1067,547.939,139.404,22.366,25.1067,0,0.755943,nan,nan
47,5,254.647,138.935,21.5972,23.8508,254.647,138.935,21.5972,23.8508,0,0.753579,nan,nan
47,6,503.993,139.511,21.9116,25.9826,503.993,139.511,21.9116,25.9826,0,0.755314,nan,nan
47,7,195.021,138.73,22.5221,23.3111,195.021,138.73,22.5222,23.3111,0,0.733913,nan,nan
47,8,372.056,138.313,21.7639,24.8742,372.056,138.313,21.7639,24.8742,0,0.738738,nan,nan
47,9,328.469,137.892,22.4111,24.9064,328.469,137.892,22.4111,24.9064,0,0.731779,nan,nan
47,10,738.232,139.11,21.3958,23.2439,738.232,139.11,21.3958,23.244,0,0.731479,nan,nan
47,11,295.935,138.105,19.8412,25.4304,295.935,138.105,19.8412,25.4304,0,0.726731,nan,nan
47,12,596.318,138.43,25.8157,25.0384,596.318,138.43,25.8157,25.0385,0,0.720715,nan,nan
47,13,350.984,138.47,18.5491,24.837,350.984,138.47,18.5491,24.837,0,0.708049,nan,nan
47,14,112.089,138.179,23.6097,24.3524,112.089,138.179,23.6097,24.3524,0,0.653466,nan,nan
47,15,417.478,138.241,19.5248,25.2524,417.478,138.241,19.5248,25.2524,0,0.654884,nan,nan
47,16,154.413,139.005,25.5206,23.2853,154.413,139.005,25.5206,23.2853,0,0.635414,nan,nan
47,17,707.177,139.069,19.5514,23.6962,707.177,139.069,19.5514,23.6962,0,0.62698,nan,nan
47,18,629.291,139.121,23.2997,22.3381,629.291,139.121,23.2997,22.3381,0,0.584515,nan,nan
47,19,649.874,139.06,21.9887,22.6218,649.874,139.06,21.9888,22.6218,0,0.580711,nan,nan
47,20,67.7579,842.711,135.503,204.929,67.7579,842.711,135.503,204.929,0,0.531875,nan,nan
47,21,232.12,138.896,18.2732,24.6191,232.12,138.896,18.2732,24.6191,0,0.517883,nan,nan
47,22,846.181,137.416,24.686,25.8617,846.181,137.416,24.686,25.8617,0,0.481959,nan,nan
47,23,216.182,138.626,16.8277,24.1941,216.182,138.626,16.8277,24.1941,0,0.479691,nan,nan
47,24,770.443,138.631,22.8827,23.4099,770.443,138.631,22.8827,23.4099,0,0.461678,nan,nan
47,25,391.855,137.619,16.7774,27.1879,391.855,137.619,16.7774,27.1879,0,0.386196,nan,nan
47,26,468.966,135.859,21.0383,32.8049,468.966,135.859,21.0383,32.8049,0,0.349271,nan,nan
47,27,441.069,136.705,18.2995,28.483,441.069,136.705,18.2996,28.483,0,0.331969,nan,nan
47,28,571.458,139.059,19.6644,26.043,571.458,139.059,19.6644,26.043,0,0.335439,nan,nan
47,30,61.9419,135.35,25.5856,29.4348,61.9419,135.35,25.5856,29.4348,0,0.293998,nan,nan
47,31,2133.62,771.577,505.951,245.082,2133.62,771.577,505.951,245.082,0,0.872045,424.99,345.727
48,1,105.55,544.879,205.435,233.229,105.55,544.879,205.435,233.229,0,0.832183,nan,nan
48,2,274.115,138.725,19.6121,23.8691,274.115,138.725,19.6121,23.8691,0,0.785299,nan,nan
48,3,525.593,140.23,19.2259,27.2942,525.593,140.23,19.2258,27.2942,0,0.775885,nan,nan
48,4,547.945,139.404,22.3643,25.1069,547.945,139.404,22.3643,25.1069,0,0.756791,nan,nan
48,5,254.652,138.933,21.5868,23.8485,254.652,138.933,21.5868,23.8485,0,0.754002,nan,nan
48,6,504,139.511,21.9099,25.9868,504,139.511,21.9099,25.9868,0,0.75592,nan,nan
48,7,195.03,138.731,22.5204,23.3039,195.03,138.731,22.5204,23.304,0,0.734101,nan,nan
48,8,372.064,138.313,21.758,24.8716,372.064,138.313,21.7579,24.8716,0,0.738783,nan,nan
48,9,328.476,137.892,22.4079,24.9028,328.476,137.892,22.4078,24.9028,0,0.73161,nan,nan
48,10,738.239,139.111,21.3923,23.2442,738.239,139.111,21.3923,23.2442,0,0.731097,nan,nan
48,11,295.941,138.105,19.8401,25.423,295.941,138.105,19.8401,25.4229,0,0.726381,nan,nan
48,12,596.325,138.427,25.8146,25.0346,596.325,138.427,25.8147,25.0346,0,0.72137,nan,nan
48,13,350.992,138.47,18.5495,24.8335,350.992,138.47,18.5496,24.8335,0,0.708326,nan,nan
48,14,112.097,138.18,23.6037,24.3437,112.097,138.18,23.6037,24.3438,0,0.653067,nan,nan
48,15,417.484,138.24,19.5239,25.2538,417.484,138.24,19.5239,25.2538,0,0.654853,nan,nan
48,16,154.418,139.003,25.516,23.2744,154.418,139.003,25.5161,23.2744,0,0.635034,nan,nan
48,17,707.183,139.069,19.5463,23.7004,707.183,139.069,19.5464,23.7004,0,0.628446,nan,nan
48,18,629.296,139.121,23.3006,22.3358,629.296,139.121,23.3005,22.3358,0,0.585844,nan,nan
48,19,649.883,139.059,21.9856,22.6228,649.883,139.059,21.9856,22.6228,0,0.581968,nan,nan
48,20,68.0287,842.739,136.041,205.477,68.0287,842.739,136.041,205.477,0,0.526632,nan,nan
48,21,232.134,138.896,18.2655,24.6122,232.134,138.896,18.2655,24.6122,0,0.5194,nan,nan
48,22,846.186,137.411,24.6916,25.8755,846.186,137.411,24.6917,25.8755,0,0.480087,nan,nan
48,23,216.182,138.627,16.8214,24.1855,216.182,138.627,16.8214,24.1855,0,0.481259,nan,nan
48,24,770.445,138.632,22.8724,23.41,770.445,138.632,22.8724,23.41,0,0.460877,nan,nan
48,25,391.862,137.619,16.7755,27.1867,391.862,137.619,16.7755,27.1867,0,0.387428,nan,nan
48,26,468.972,135.858,21.0362,32.809,468.972,135.858,21.0363,32.809,0,0.350575,nan,nan
48,27,441.075,136.704,18.3006,28.4837,441.075,136.704,18.3005,28.4837,0,0.332674,nan,nan
48,28,571.458,139.058,19.6631,26.0426,571.458,139.058,19.6631,26.0426,0,0.337456,nan,nan
48,30,61.9494,135.348,25.5889,29.4365,61.9494,135.348,25.5889,29.4365,0,0.292825,nan,nan
48,31,2103.89,762.407,503.203,234.56,2103.89,762.407,503.203,234.56,0,0.871984,424.99,345.727
49,1,105.549,544.901,205.446,233.156,105.549,544.901,205.446,233.156,0,0.832433,nan,nan
49,2,274.11,138.726,19.6069,23.8714,274.11,138.726,19.6069,23.8713,0,0.78512,nan,nan
49,3,525.586,140.232,19.2283,27.2921,525.586,140.232,19.2283,27.2921,0,0.775423,nan,nan
49,4,547.94,139.404,22.3687,25.1003,547.94,139.404,22.3687,25.1003,0,0.755436,nan,nan
49,5,254.644,138.934,21.5759,23.847,254.644,138.934,21.5759,23.847,0,0.753947,nan,nan
49,6,503.994,139.51,21.9084,25.9821,503.994,139.51,21.9084,25.9821,0,0.754864,nan,nan
49,7,195.02,138.733,22.5063,23.3034,195.02,138.733,22.5063,23.3033,0,0.734701,nan,nan
49,8,372.059,138.315,21.7564,24.8719,372.059,138.315,21.7565,24.8719,0,0.737968,nan,nan
49,9,328.47,137.893,22.4078,24.9031,328.47,137.893,22.4078,24.9031,0,0.731162,nan,nan
49,10,738.232,139.111,21.3922,23.2474,738.232,139.111,21.3921,23.2474,0,0.730722,nan,nan
49,11,295.934,138.108,19.8395,25.4232,295.934,138.108,19.8395,25.4232,0,0.725954,nan,nan
49,12,596.319,138.425,25.8204,25.0316,596.319,138.425,25.8204,25.0316,0,0.72064,nan,nan
49,13,350.985,138.471,18.5513,24.833,350.985,138.471,18.5513,24.833,0,0.7079,nan,nan
49,14,112.091,138.182,23.5932,24.3355,112.091,138.182,23.5932,24.3355,0,0.653731,nan,nan
49,15,417.48,138.241,19.5235,25.2543,417.48,138.241,19.5236,25.2543,0,0.652823,nan,nan
49,16,154.41,139.006,25.5045,23.2735,154.41,139.006,25.5045,23.2735,0,0.635491,nan,nan
49,17,707.177,139.069,19.5486,23.7059,707.177,139.069,19.5486,23.7059,0,0.628478,nan,nan
49,18,629.289,139.12,23.3006,22.3352,629.289,139.12,23.3005,22.3352,0,0.585153,nan,nan
49,19,649.878,139.058,21.9865,22.6211,649.878,139.058,21.9865,22.6211,0,0.581563,nan,nan
49,20,68.1295,842.738,136.257,205.732,68.1295,842.738,136.257,205.732,0,0.529251,nan,nan
49,21,232.132,138.901,18.2567,24.6055,232.132,138.901,18.2567,24.6055,0,0.519618,nan,nan
49,22,846.181,137.41,24.696,25.8791,846.181,137.41,24.696,25.8791,0,0.479876,nan,nan
49,23,216.154,138.63,16.809,24.1853,216.154,138.63,16.809,24.1853,0,0.48317,nan,nan
49,24,770.44,138.632,22.8705,23.4117,770.44,138.632,22.8706,23.4117,0,0.461706,nan,nan
49,25,391.855,137.618,16.7795,27.1891,391.855,137.618,16.7795,27.1891,0,0.384367,nan,nan
49,26,468.956,135.857,21.0257,32.8123,468.956,135.857,21.0257,32.8123,0,0.348272,nan,nan
49,27,441.067,136.706,18.2982,28.4807,441.067,136.706,18.2982,28.4807,0,0.330109,nan,nan
49,28,571.453,139.056,19.6667,26.034,571.453,139.056,19.6667,26.034,0,0.33522,nan,nan
49,30,61.9415,135.349,25.587,29.435,61.9415,135.349,25.587,29.435,0,0.293032,nan,nan
49,31,2093.22,759.32,502.036,230.799,2093.22,759.32,502.036,230.799,0,0.871796,424.99,345.727
50,1,105.563,544.931,205.451,232.905,105.563,544.931,205.451,232.905,0,0.831961,nan,nan
50,2,274.111,138.726,19.5945,23.8789,274.111,138.726,19.5945,23.8789,0,0.786281,nan,nan
50,3,525.584,140.233,19.2294,27.3141,525.584,140.233,19.2294,27.3141,0,0.775426,nan,nan
50,4,547.941,139.402,22.373,25.1093,547.941,139.402,22.373,25.1093,0,0.756262,nan,nan
50,5,254.645,138.934,21.5575,23.8512,254.645,138.934,21.5575,23.8512,0,0.755371,nan,nan
50,6,503.993,139.511,21.9094,25.9959,503.993,139.511,21.9094,25.9959,0,0.755448,nan,nan
50,7,195.021,138.728,22.4889,23.2883,195.021,138.728,22.489,23.2883,0,0.735595,nan,nan
50,8,372.061,138.313,21.7531,24.8761,372.061,138.313,21.7532,24.8761,0,0.738127,nan,nan
50,9,328.47,137.893,22.4049,24.9087,328.47,137.893,22.4049,24.9087,0,0.731545,nan,nan
50,10,738.232,139.111,21.3851,23.2426,738.232,139.111,21.3851,23.2426,0,0.729981,nan,nan
50,11,295.931,138.108,19.8356,25.4272,295.931,138.108,19.8356,25.4272,0,0.727526,nan,nan
50,12,596.316,138.422,25.8215,25.0296,596.316,138.422,25.8215,25.0296,0,0.721063,nan,nan
50,13,350.986,138.472,18.5499,24.8346,350.986,138.472,18.5499,24.8346,0,0.708359,nan,nan
50,14,112.09,138.183,23.5762,24.322,112.09,138.183,23.5762,24.322,0,0.654814,nan,nan
50,15,417.48,138.24,19.5279,25.2647,417.48,138.24,19.5279,25.2646,0,0.652415,nan,nan
50,16,154.403,139,25.4845,23.2589,154.403,139,25.4845,23.2589,0,0.636348,nan,nan
50,17,707.178,139.069,19.5438,23.7043,707.178,139.069,19.5438,23.7043,0,0.629492,nan,nan
50,18,629.285,139.119,23.2975,22.3316,629.285,139.119,23.2975,22.3316,0,0.586879,nan,nan
50,19,649.877,139.057,21.9819,22.6202,649.877,139.057,21.9819,22.6202,0,0.583775,nan,nan
50,20,68.1666,842.918,136.331,205.646,68.1666,842.918,136.331,205.646,0,0.51749,nan,nan
50,21,232.141,138.903,18.2422,24.6147,232.141,138.903,18.2422,24.6147,0,0.521555,nan,nan
50,22,846.183,137.402,24.6835,25.892,846.183,137.402,24.6836,25.892,0,0.480585,nan,nan
50,23,216.139,138.625,16.7953,24.1846,216.139,138.625,16.7953,24.1846,0,0.484719,nan,nan
50,24,770.436,138.632,22.8568,23.4104,770.436,138.632,22.8567,23.4104,0,0.459227,nan,nan
50,25,391.852,137.619,16.7761,27.1906,391.852,137.619,16.7761,27.1906,0,0.383268,nan,nan
50,26,468.956,135.854,21.0375,32.82,468.956,135.854,21.0375,32.82,0,0.347435,nan,nan
50,27,441.066,136.705,18.2961,28.4836,441.066,136.705,18.2961,28.4836,0,0.328987,nan,nan
50,28,571.455,139.054,19.6637,26.035,571.455,139.054,19.6637,26.035,0,0.335294,nan,nan
50,30,61.9416,135.346,25.577,29.4342,61.9416,135.346,25.577,29.4342,0,0.292732,nan,nan
50,31,2064.94,747.353,506.846,219.767,2064.94,747.353,506.846,219.767,0,0.880651,424.99,345.727
51,1,105.572,544.941,205.462,232.842,105.572,544.941,205.462,232.842,0,0.832478,nan,nan
51,2,274.109,138.727,19.5927,23.88,274.109,138.727,19.5928,23.88,0,0.786077,nan,nan
51,3,525.581,140.235,19.2316,27.3193,525.581,140.235,19.2316,27.3193,0,0.775338,nan,nan
51,4,547.94,139.402,22.3774,25.1107,547.94,139.402,22.3774,25.1107,0,0.756142,nan,nan
51,5,254.644,138.935,21.5549,23.8518,254.644,138.935,21.5549,23.8518,0,0.755132,nan,nan
51,6,503.991,139.511,21.9098,25.9979,503.991,139.511,21.9098,25.9979,0,0.755124,nan,nan
51,7,195.019,138.728,22.4804,23.2853,195.019,138.728,22.4804,23.2853,0,0.735671,nan,nan
51,8,372.059,138.314,21.7536,24.8752,372.059,138.314,21.7535,24.8752,0,0.737812,nan,nan
51,9,328.469,137.894,22.4053,24.9086,328.469,137.894,22.4053,24.9086,0,0.731454,nan,nan
51,10,738.229,139.113,21.386,23.2414,738.229,139.113,21.386,23.2414,0,0.72973,nan,nan
51,11,295.93,138.109,19.8351,25.4277,295.93,138.109,19.8351,25.4277,0,0.727325,nan,nan
51,12,596.312,138.423,25.8267,25.0265,596.312,138.423,25.8267,25.0265,0,0.720922,nan,nan
51,13,350.985,138.473,18.5481,24.8332,350.985,138.473,18.5481,24.8332,0,0.708226,nan,nan
51,14,112.087,138.185,23.5706,24.3174,112.087,138.185,23.5706,24.3174,0,0.654516,nan,nan
51,15,417.479,138.241,19.5292,25.2607,417.479,138.241,19.5292,25.2607,0,0.652183,nan,nan
51,16,154.397,139,25.4748,23.2539,154.397,139,25.4748,23.2539,0,0.636073,nan,nan
51,17,707.175,139.071,19.5456,23.706,707.175,139.071,19.5457,23.706,0,0.629366,nan,nan
51,18,629.285,139.12,23.303,22.3297,629.285,139.12,23.303,22.3297,0,0.584908,nan,nan
51,19,649.872,139.058,21.9916,22.6179,649.872,139.058,21.9917,22.6179,0,0.581231,nan,nan
51,20,68.2026,842.981,136.405,205.75,68.2026,842.981,136.405,205.75,0,0.516524,nan,nan
51,21,232.144,138.903,18.2358,24.617,232.144,138.903,18.2358,24.617,0,0.520722,nan,nan
51,22,846.183,137.402,24.6782,25.8976,846.183,137.402,24.6782,25.8976,0,0.47953,nan,nan
51,23,216.128,138.624,16.7897,24.1879,216.128,138.624,16.7897,24.1879,0,0.484598,nan,nan
51,24,770.434,138.634,22.8546,23.4121,770.434,138.634,22.8545,23.4121,0,0.458496,nan,nan
51,25,391.85,137.62,16.7752,27.1886,391.85,137.62,16.7753,27.1886,0,0.383292,nan,nan
51,26,468.952,135.852,21.0428,32.8181,468.952,135.852,21.0427,32.8181,0,0.346783,nan,nan
51,27,441.06,136.706,18.2912,28.4762,441.06,136.706,18.2911,28.4762,0,0.328926,nan,nan
51,28,571.456,139.056,19.6672,26.0295,571.456,139.056,19.6672,26.0295,0,0.334791,nan,nan
51,30,61.9385,135.347,25.5735,29.4357,61.9385,135.347,25.5735,29.4357,0,0.292291,nan,nan
51,31,2054.85,743.287,508.579,215.924,2054.85,743.287,508.58,215.924,0,0.880727,424.99,345.727
52,1,105.66,544.952,205.626,232.831,105.66,544.952,205.626,232.831,0,0.833163,nan,nan
52,2,274.114,138.727,19.6017,23.8747,274.114,138.727,19.6017,23.8747,0,0.786237,nan,nan
52,3,525.587,140.233,19.2318,27.3287,525.587,140.233,19.2318,27.3287,0,0.775421,nan,nan
52,4,547.946,139.402,22.3773,25.1183,547.946,139.402,22.3773,25.1183,0,0.757299,nan,nan
52,5,254.654,138.934,21.5693,23.8449,254.654,138.934,21.5693,23.8449,0,0.755046,nan,nan
52,6,503.997,139.512,21.9113,26.009,503.997,139.512,21.9113,26.009,0,0.755385,nan,nan
52,7,195.027,138.727,22.4973,23.2894,195.027,138.727,22.4973,23.2894,0,0.735488,nan,nan
52,8,372.067,138.313,21.755,24.8803,372.067,138.313,21.755,24.8803,0,0.738532,nan,nan
52,9,328.476,137.893,22.4047,24.9099,328.476,137.893,22.4047,24.9099,0,0.73234,nan,nan
52,10,738.236,139.114,21.3796,23.237,738.236,139.114,21.3796,23.237,0,0.7298,nan,nan
52,11,295.937,138.107,19.8391,25.4269,295.937,138.107,19.8391,25.4269,0,0.727764,nan,nan
52,12,596.322,138.422,25.8156,25.027,596.322,138.422,25.8156,25.027,0,0.721339,nan,nan
52,13,350.991,138.472,18.5502,24.8381,350.991,138.472,18.5502,24.8381,0,0.708674,nan,nan
52,14,112.095,138.185,23.5821,24.3186,112.095,138.185,23.5821,24.3186,0,0.653581,nan,nan
52,15,417.484,138.241,19.5289,25.2682,417.484,138.241,19.5289,25.2682,0,0.653679,nan,nan
52,16,154.411,139,25.4956,23.2557,154.411,139,25.4956,23.2557,0,0.636629,nan,nan
52,17,707.184,139.071,19.5369,23.7017,707.184,139.071,19.5369,23.7017,0,0.629796,nan,nan
52,18,629.284,139.121,23.2903,22.329,629.284,139.121,23.2903,22.329,0,0.58888,nan,nan
52,19,649.883,139.06,21.9727,22.6188,649.883,139.06,21.9727,22.6188,0,0.58751,nan,nan
52,20,68.4197,843.109,136.827,205.892,68.4197,843.109,136.827,205.892,0,0.513476,nan,nan
52,21,232.139,138.896,18.2521,24.6165,232.139,138.896,18.2521,24.6165,0,0.520387,nan,nan
52,22,846.19,137.399,24.6755,25.898,846.19,137.399,24.6755,25.898,0,0.479727,nan,nan
52,23,216.156,138.622,16.7945,24.1873,216.156,138.622,16.7945,24.1873,0,0.482476,nan,nan
52,24,770.435,138.636,22.8425,23.4085,770.435,138.636,22.8425,23.4085,0,0.459573,nan,nan
52,25,391.857,137.618,16.7729,27.1922,391.857,137.618,16.7729,27.1922,0,0.385681,nan,nan
52,26,468.963,135.853,21.0438,32.8274,468.963,135.853,21.0438,32.8274,0,0.349402,nan,nan
52,27,441.068,136.706,18.2919,28.4862,441.068,136.706,18.2919,28.4862,0,0.331593,nan,nan
52,28,571.46,139.056,19.6583,26.0383,571.46,139.056,19.6583,26.0383,0,0.33696,nan,nan
52,30,61.9456,135.347,25.582,29.4384,61.9456,135.347,25.582,29.4384,0,0.291653,nan,nan
52,31,2025.82,735.348,507.121,205.834,2025.82,735.348,507.121,205.833,0,0.867022,424.99,345.727
53,1,105.679,544.97,205.673,232.813,105.679,544.97,205.673,232.813,0,0.833813,nan,nan
53,2,274.106,138.726,19.6103,23.8809,274.106,138.726,19.6102,23.8809,0,0.786061,nan,nan
53,3,525.581,140.23,19.2349,27.3207,525.581,140.23,19.2349,27.3207,0,0.775007,nan,nan
53,4,547.941,139.402,22.3837,25.1139,547.941,139.402,22.3837,25.1139,0,0.756826,nan,nan
53,5,254.651,138.933,21.582,23.8503,254.651,138.933,21.582,23.8503,0,0.754771,nan,nan
53,6,503.991,139.512,21.9136,26.0084,503.991,139.512,21.9136,26.0084,0,0.754825,nan,nan
53,7,195.021,138.724,22.5043,23.2949,195.021,138.724,22.5043,23.2949,0,0.735331,nan,nan
53,8,372.063,138.312,21.7596,24.8779,372.063,138.312,21.7596,24.8779,0,0.738385,nan,nan
53,9,328.472,137.891,22.4073,24.9155,328.472,137.891,22.4072,24.9155,0,0.732634,nan,nan
53,10,738.23,139.113,21.3781,23.2378,738.23,139.113,21.3781,23.2378,0,0.730412,nan,nan
53,11,295.934,138.106,19.8451,25.4357,295.934,138.106,19.8451,25.4357,0,0.727633,nan,nan
53,12,596.317,138.422,25.8149,25.0219,596.317,138.422,25.8149,25.0219,0,0.721264,nan,nan
53,13,350.987,138.47,18.5521,24.8387,350.987,138.47,18.5521,24.8387,0,0.708846,nan,nan
53,14,112.088,138.184,23.595,24.3321,112.088,138.184,23.595,24.3321,0,0.652637,nan,nan
53,15,417.48,138.24,19.532,25.2655,417.48,138.24,19.532,25.2655,0,0.653246,nan,nan
53,16,154.411,138.998,25.5135,23.2654,154.411,138.998,25.5135,23.2654,0,0.637161,nan,nan
53,17,707.178,139.073,19.5387,23.7064,707.178,139.073,19.5387,23.7064,0,0.630149,nan,nan
53,18,629.276,139.121,23.2853,22.3278,629.276,139.121,23.2853,22.3278,0,0.588688,nan,nan
53,19,649.879,139.06,21.9622,22.6157,649.879,139.06,21.9622,22.6157,0,0.587183,nan,nan
53,20,68.5137,842.992,137.027,206.287,68.5137,842.992,137.027,206.287,0,0.522695,nan,nan
53,21,232.128,138.889,18.2587,24.6299,232.128,138.889,18.2587,24.6299,0,0.518886,nan,nan
53,22,846.186,137.399,24.673,25.9005,846.186,137.399,24.673,25.9005,0,0.478854,nan,nan
53,23,216.155,138.618,16.7932,24.1969,216.155,138.618,16.7932,24.1969,0,0.481844,nan,nan
53,24,770.429,138.636,22.8398,23.4097,770.429,138.636,22.8398,23.4097,0,0.460079,nan,nan
53,25,391.851,137.617,16.7773,27.1871,391.851,137.617,16.7772,27.1871,0,0.385029,nan,nan
53,26,468.956,135.852,21.0451,32.8251,468.956,135.852,21.045,32.8251,0,0.347558,nan,nan
53,27,441.059,136.708,18.2863,28.4783,441.059,136.708,18.2863,28.4783,0,0.330252,nan,nan
53,28,571.453,139.057,19.6615,26.0302,571.453,139.057,19.6615,26.0302,0,0.336424,nan,nan
53,30,61.9391,135.347,25.588,29.4435,61.9391,135.347,25.588,29.4435,0,0.290023,nan,nan
53,31,2015.47,732.796,506.491,202.383,2015.47,732.796,506.491,202.383,0,0.867181,424.99,345.727
54,1,105.681,544.977,205.683,232.774,105.681,544.977,205.683,232.774,0,0.833765,nan,nan
54,2,274.103,138.727,19.6166,23.8816,274.103,138.727,19.6166,23.8816,0,0.785727,nan,nan
54,3,525.581,140.228,19.2348,27.3201,525.581,140.228,19.2349,27.3201,0,0.775164,nan,nan
54,4,547.938,139.403,22.3848,25.1148,547.938,139.403,22.3848,25.1148,0,0.757185,nan,nan
54,5,254.65,138.933,21.5888,23.8513,254.65,138.933,21.5888,23.8513,0,0.754358,nan,nan
54,6,503.988,139.513,21.916,26.0126,503.988,139.513,21.916,26.0126,0,0.755254,nan,nan
54,7,195.019,138.724,22.5104,23.2966,195.019,138.724,22.5104,23.2966,0,0.734753,nan,nan
54,8,372.062,138.311,21.7624,24.8781,372.062,138.311,21.7625,24.8781,0,0.738334,nan,nan
54,9,328.47,137.891,22.4093,24.9227,328.47,137.891,22.4093,24.9227,0,0.732327,nan,nan
54,10,738.228,139.114,21.3775,23.2377,738.228,139.114,21.3774,23.2377,0,0.730242,nan,nan
54,11,295.933,138.105,19.8488,25.4409,295.933,138.105,19.8488,25.4409,0,0.727021,nan,nan
54,12,596.314,138.423,25.8182,25.0226,596.314,138.423,25.8182,25.0226,0,0.721252,nan,nan
54,13,350.986,138.469,18.5558,24.8429,350.986,138.469,18.5558,24.8429,0,0.708668,nan,nan
54,14,112.086,138.183,23.6042,24.34,112.086,138.183,23.6042,24.34,0,0.652129,nan,nan
54,15,417.478,138.239,19.5346,25.2651,417.478,138.239,19.5347,25.2651,0,0.653546,nan,nan
54,16,154.413,138.999,25.5254,23.2701,154.413,138.999,25.5254,23.2701,0,0.636733,nan,nan
54,17,707.178,139.073,19.5366,23.7055,707.178,139.073,19.5366,23.7054,0,0.630314,nan,nan
54,18,629.272,139.122,23.2815,22.3272,629.272,139.122,23.2815,22.3272,0,0.589191,nan,nan
54,19,649.879,139.06,21.9581,22.6149,649.879,139.06,21.9581,22.6149,0,0.58786,nan,nan
54,20,68.5369,843.012,137.074,206.368,68.5369,843.012,137.074,206.368,0,0.525829,nan,nan
54,21,232.123,138.886,18.2627,24.6364,232.123,138.886,18.2627,24.6364,0,0.517869,nan,nan
54,22,846.184,137.398,24.6743,25.9044,846.184,137.398,24.6743,25.9044,0,0.479381,nan,nan
54,23,216.16,138.617,16.7988,24.2015,216.16,138.617,16.7988,24.2014,0,0.481008,nan,nan
54,24,770.426,138.636,22.8373,23.4094,770.426,138.636,22.8374,23.4094,0,0.459897,nan,nan
54,25,391.85,137.615,16.78,27.1842,391.85,137.615,16.78,27.1842,0,0.385189,nan,nan
54,26,468.957,135.852,21.0492,32.8256,468.957,135.852,21.0492,32.8256,0,0.349097,nan,nan
54,27,441.058,136.708,18.2906,28.4793,441.058,136.708,18.2905,28.4793,0,0.331657,nan,nan
54,28,571.45,139.057,19.6635,26.0299,571.45,139.057,19.6636,26.0299,0,0.336683,nan,nan
54,30,61.9373,135.347,25.5922,29.4446,61.9373,135.347,25.5922,29.4446,0,0.289889,nan,nan
54,31,2012.22,732.114,506.209,201.375,2012.22,732.114,506.209,201.375,0,0.866845,424.99,345.727
55,1,105.79,545.016,205.878,232.671,105.79,545.016,205.878,232.671,0,0.832746,nan,nan
55,2,274.112,138.731,19.6133,23.881,274.112,138.731,19.6133,23.881,0,0.7862,nan,nan
55,3,525.595,140.224,19.2371,27.2827,525.595,140.224,19.2371,27.2827,0,0.77578,nan,nan
55,4,547.948,139.407,22.3843,25.0942,547.948,139.407,22.3843,25.0942,0,0.757785,nan,nan
55,5,254.658,138.935,21.5728,23.844,254.658,138.935,21.5728,23.844,0,0.755241,nan,nan
55,6,503.998,139.513,21.9119,25.9858,503.998,139.513,21.9119,25.9858,0,0.75619,nan,nan
55,7,195.028,138.724,22.5029,23.3028,195.028,138.724,22.5029,23.3028,0,0.736547,nan,nan
55,8,372.073,138.309,21.7589,24.8466,372.073,138.309,21.7589,24.8466,0,0.736743,nan,nan
55,9,328.48,137.89,22.4066,24.8975,328.48,137.89,22.4066,24.8975,0,0.731322,nan,nan
55,10,738.234,139.114,21.3911,23.2311,738.234,139.114,21.3911,23.2311,0,0.728896,nan,nan
55,11,295.939,138.113,19.8557,25.4317,295.939,138.113,19.8557,25.4317,0,0.728256,nan,nan
55,12,596.323,138.425,25.8211,24.9836,596.323,138.425,25.821,24.9836,0,0.720958,nan,nan
55,13,350.995,138.469,18.5523,24.8092,350.995,138.469,18.5522,24.8092,0,0.707056,nan,nan
55,14,112.1,138.193,23.6155,24.325,112.1,138.193,23.6155,24.325,0,0.655875,nan,nan
55,15,417.488,138.238,19.5221,25.2318,417.488,138.238,19.5221,25.2318,0,0.649129,nan,nan
55,16,154.407,139.004,25.491,23.2745,154.407,139.004,25.491,23.2745,0,0.638893,nan,nan
55,17,707.184,139.075,19.5479,23.6979,707.184,139.075,19.5479,23.6979,0,0.629445,nan,nan
55,18,629.284,139.123,23.2957,22.3116,629.284,139.123,23.2957,22.3116,0,0.58624,nan,nan
55,19,649.881,139.06,21.9794,22.6014,649.881,139.06,21.9795,22.6014,0,0.584765,nan,nan
55,20,68.5887,842.911,137.161,206.494,68.5887,842.911,137.161,206.494,0,0.495293,nan,nan
55,21,232.135,138.888,18.2435,24.6403,232.135,138.888,18.2435,24.6403,0,0.520105,nan,nan
55,22,846.189,137.399,24.6844,25.9049,846.189,137.399,24.6844,25.9048,0,0.480552,nan,nan
55,23,216.164,138.616,16.8036,24.2169,216.164,138.616,16.8036,24.2169,0,0.484731,nan,nan
55,24,770.434,138.636,22.844,23.3988,770.434,138.636,22.844,23.3987,0,0.459889,nan,nan
55,25,391.855,137.619,16.7672,27.1378,391.855,137.619,16.7672,27.1378,0,0.382606,nan,nan
55,26,468.953,135.842,21.0387,32.8026,468.953,135.842,21.0387,32.8026,0,0.350115,nan,nan
55,27,441.066,136.703,18.3006,28.4525,441.066,136.703,18.3007,28.4525,0,0.333627,nan,nan
55,28,571.435,139.067,19.6836,25.9833,571.435,139.067,19.6836,25.9833,0,0.339125,nan,nan
55,30,61.9522,135.345,25.6046,29.4464,61.9522,135.345,25.6046,29.4464,0,0.291183,nan,nan
55,31,1984.9,723.599,501.141,195.445,1984.9,723.599,501.141,195.445,0,0.868219,424.99,345.727
56,1,105.801,545.027,205.918,232.633,105.801,545.027,205.918,232.633,0,0.831984,nan,nan
56,2,274.106,138.729,19.6102,23.8704,274.106,138.729,19.6102,23.8704,0,0.786312,nan,nan
56,3,525.591,140.223,19.2375,27.2706,525.591,140.223,19.2375,27.2706,0,0.775807,nan,nan
56,4,547.943,139.41,22.3854,25.0883,547.943,139.41,22.3855,25.0883,0,0.757751,nan,nan
56,5,254.651,138.933,21.5677,23.8353,254.651,138.933,21.5677,23.8353,0,0.75548,nan,nan
56,6,503.991,139.513,21.9128,25.9776,503.991,139.513,21.9128,25.9776,0,0.756273,nan,nan
56,7,195.021,138.722,22.4978,23.3015,195.021,138.722,22.4978,23.3015,0,0.736362,nan,nan
56,8,372.067,138.307,21.7554,24.8264,372.067,138.307,21.7554,24.8264,0,0.736922,nan,nan
56,9,328.475,137.889,22.4028,24.883,328.475,137.889,22.4028,24.883,0,0.731739,nan,nan
56,10,738.228,139.114,21.3953,23.229,738.228,139.114,21.3953,23.229,0,0.729133,nan,nan
56,11,295.931,138.113,19.8552,25.4219,295.931,138.113,19.8552,25.4219,0,0.728194,nan,nan
56,12,596.317,138.427,25.8248,24.9725,596.317,138.427,25.8247,24.9725,0,0.720661,nan,nan
56,13,350.988,138.468,18.5465,24.7906,350.988,138.468,18.5465,24.7906,0,0.707113,nan,nan
56,14,112.094,138.197,23.6169,24.3135,112.094,138.197,23.6169,24.3135,0,0.654876,nan,nan
56,15,417.481,138.238,19.5146,25.2071,417.481,138.238,19.5145,25.2072,0,0.649369,nan,nan
56,16,154.393,139.005,25.4763,23.2705,154.393,139.005,25.4763,23.2705,0,0.638384,nan,nan
56,17,707.178,139.076,19.5517,23.6962,707.178,139.076,19.5518,23.6962,0,0.629793,nan,nan
56,18,629.275,139.123,23.2927,22.3071,629.275,139.123,23.2927,22.3071,0,0.58804,nan,nan
56,19,649.875,139.061,21.9789,22.5998,649.875,139.061,21.9789,22.5998,0,0.587731,nan,nan
56,20,68.5904,842.943,137.181,206.315,68.5904,842.943,137.181,206.314,0,0.497505,nan,nan
56,21,232.131,138.885,18.2268,24.6406,232.131,138.885,18.2268,24.6406,0,0.519827,nan,nan
56,22,846.183,137.4,24.6857,25.9031,846.183,137.4,24.6858,25.9031,0,0.481573,nan,nan
56,23,216.156,138.613,16.8018,24.2211,216.156,138.613,16.8018,24.2211,0,0.484758,nan,nan
56,24,770.428,138.636,22.843,23.393,770.428,138.636,22.843,23.393,0,0.460633,nan,nan
56,25,391.85,137.622,16.7615,27.1094,391.85,137.622,16.7615,27.1094,0,0.383041,nan,nan
56,26,468.939,135.837,21.0369,32.7901,468.939,135.837,21.0369,32.7901,0,0.348255,nan,nan
56,27,441.055,136.703,18.3016,28.4307,441.055,136.703,18.3016,28.4307,0,0.332964,nan,nan
56,28,571.428,139.073,19.6909,25.9683,571.428,139.073,19.6909,25.9683,0,0.337576,nan,nan
56,30,61.9462,135.342,25.6135,29.4459,61.9462,135.342,25.6135,29.4459,0,0.289161,nan,nan
56,31,1975.18,720.752,499.163,193.514,1975.18,720.752,499.163,193.514,0,0.86823,424.99,345.727
57,1,105.919,545.054,206.116,232.519,105.919,545.054,206.116,232.519,0,0.836975,nan,nan
57,2,274.111,138.719,19.6309,23.898,274.111,138.719,19.6309,23.898,0,0.78436,nan,nan
57,3,525.495,140.301,19.2172,27.2834,525.495,140.301,19.2172,27.2834,0,0.775037,nan,nan
57,4,547.948,139.398,22.3832,25.1173,547.948,139.398,22.3833,25.1173,0,0.757821,nan,nan
57,5,254.661,138.922,21.6001,23.863,254.661,138.922,21.6001,23.863,0,0.751854,nan,nan
57,6,503.998,139.505,21.9243,26.009,503.998,139.505,21.9243,26.009,0,0.755067,nan,nan
57,7,195.023,138.708,22.5413,23.3485,195.023,138.708,22.5413,23.3484,0,0.731934,nan,nan
57,8,372.075,138.295,21.7854,24.8585,372.075,138.295,21.7854,24.8585,0,0.736271,nan,nan
57,9,328.486,137.872,22.429,24.9171,328.486,137.872,22.429,24.9171,0,0.730593,nan,nan
57,10,738.241,139.101,21.3964,23.2289,738.241,139.101,21.3965,23.2289,0,0.726151,nan,nan
57,11,295.94,138.096,19.8763,25.4582,295.94,138.096,19.8763,25.4582,0,0.726128,nan,nan
57,12,596.322,138.416,25.8335,25.0025,596.322,138.416,25.8335,25.0025,0,0.720536,nan,nan
57,13,350.995,138.452,18.5636,24.8233,350.995,138.452,18.5636,24.8233,0,0.706604,nan,nan
57,14,112.104,138.168,23.6708,24.3854,112.104,138.168,23.6708,24.3854,0,0.647954,nan,nan
57,15,417.492,138.219,19.5356,25.2574,417.492,138.219,19.5355,25.2574,0,0.650167,nan,nan
57,16,154.427,138.993,25.5493,23.3136,154.427,138.993,25.5493,23.3136,0,0.630142,nan,nan
57,17,707.185,139.058,19.5608,23.702,707.185,139.058,19.5608,23.7021,0,0.628427,nan,nan
57,18,629.295,139.115,23.3129,22.3215,629.295,139.115,23.313,22.3215,0,0.580474,nan,nan
57,19,649.875,139.052,22.0121,22.6085,649.875,139.052,22.0122,22.6085,0,0.576424,nan,nan
57,20,68.7045,843.132,137.396,206.049,68.7045,843.132,137.396,206.049,0,0.502635,nan,nan
57,21,232.112,138.862,18.2512,24.6955,232.112,138.862,18.2512,24.6955,0,0.508887,nan,nan
57,22,846.188,137.385,24.6935,25.919,846.188,137.385,24.6935,25.919,0,0.471922,nan,nan
57,23,216.201,138.59,16.8508,24.2771,216.201,138.59,16.8508,24.2771,0,0.474036,nan,nan
57,24,770.439,138.626,22.8556,23.3949,770.439,138.626,22.8556,23.3949,0,0.447455,nan,nan
57,25,391.858,137.6,16.7795,27.1499,391.858,137.6,16.7795,27.15,0,0.379618,nan,nan
57,26,468.976,135.831,21.0742,32.8147,468.976,135.831,21.0742,32.8147,0,0.355438,nan,nan
57,27,441.092,136.674,18.3404,28.4999,441.092,136.674,18.3405,28.4999,0,0.335755,nan,nan
57,28,571.437,139.054,19.6586,26.0165,571.437,139.054,19.6587,26.0165,0,0.339898,nan,nan
57,30,61.969,135.333,25.6709,29.4679,61.969,135.333,25.6709,29.4679,0,0.290884,nan,nan
57,31,1948.38,714.485,499.669,205.058,1948.38,714.485,499.669,205.058,0,0.891202,424.99,345.727
58,1,105.949,545.078,206.191,232.442,105.949,545.078,206.191,232.442,0,0.83644,nan,nan
58,2,274.098,138.724,19.6396,23.906,274.098,138.724,19.6396,23.906,0,0.784321,nan,nan
58,3,525.548,140.254,19.2366,27.3089,525.548,140.254,19.2366,27.3089,0,0.775074,nan,nan
58,4,547.937,139.403,22.3798,25.1257,547.937,139.403,22.3799,25.1257,0,0.757885,nan,nan
58,5,254.652,138.927,21.6142,23.872,254.652,138.927,21.6142,23.872,0,0.752066,nan,nan
58,6,503.989,139.511,21.9293,26.02,503.989,139.511,21.9293,26.02,0,0.755454,nan,nan
58,7,195.013,138.712,22.5564,23.3532,195.013,138.712,22.5564,23.3532,0,0.732092,nan,nan
58,8,372.065,138.299,21.7992,24.8671,372.065,138.299,21.7992,24.8672,0,0.73607,nan,nan
58,9,328.479,137.876,22.4409,24.9284,328.479,137.876,22.4409,24.9284,0,0.730632,nan,nan
58,10,738.233,139.104,21.3953,23.2271,738.233,139.104,21.3953,23.2271,0,0.725992,nan,nan
58,11,295.931,138.1,19.8861,25.4698,295.931,138.1,19.8861,25.4698,0,0.725961,nan,nan
58,12,596.314,138.421,25.8315,25.0121,596.314,138.421,25.8315,25.0121,0,0.720404,nan,nan
58,13,350.985,138.454,18.5694,24.8335,350.985,138.454,18.5695,24.8335,0,0.706326,nan,nan
58,14,112.094,138.17,23.6901,24.4099,112.094,138.17,23.6901,24.4099,0,0.648122,nan,nan
58,15,417.483,138.222,19.5414,25.2692,417.483,138.222,19.5414,25.2692,0,0.649692,nan,nan
58,16,154.429,138.999,25.5798,23.3228,154.429,138.999,25.5798,23.3228,0,0.630139,nan,nan
58,17,707.176,139.06,19.564,23.7022,707.176,139.06,19.564,23.7022,0,0.6277,nan,nan
58,18,629.29,139.121,23.3209,22.3259,629.29,139.121,23.3209,22.3259,0,0.581079,nan,nan
58,19,649.863,139.058,22.0183,22.6134,649.863,139.058,22.0183,22.6134,0,0.577075,nan,nan
58,20,68.7195,843.277,137.439,205.952,68.7195,843.277,137.439,205.952,0,0.501462,nan,nan
58,21,232.088,138.862,18.2655,24.7076,232.088,138.862,18.2655,24.7076,0,0.510089,nan,nan
58,22,846.179,137.39,24.691,25.9218,846.179,137.39,24.6909,25.9218,0,0.47223,nan,nan
58,23,216.205,138.592,16.8607,24.2834,216.205,138.592,16.8607,24.2834,0,0.473722,nan,nan
58,24,770.432,138.63,22.8604,23.3945,770.432,138.63,22.8604,23.3945,0,0.44813,nan,nan
58,25,391.849,137.603,16.7849,27.157,391.849,137.603,16.7849,27.157,0,0.378582,nan,nan
58,26,468.976,135.838,21.0849,32.8243,468.976,135.838,21.0849,32.8243,0,0.355312,nan,nan
58,27,441.094,136.673,18.3542,28.5215,441.094,136.673,18.3542,28.5215,0,0.335285,nan,nan
58,28,571.431,139.058,19.65,26.0346,571.431,139.058,19.65,26.0346,0,0.339915,nan,nan
58,30,61.9621,135.342,25.6904,29.477,61.9621,135.342,25.6904,29.477,0,0.290205,nan,nan
58,31,1938.89,712.334,499.836,209.245,1938.89,712.334,499.836,209.245,0,0.891154,424.99,345.727
59,1,106.003,545.062,206.244,232.426,106.003,545.062,206.244,232.426,0,0.840339,nan,nan
59,2,274.098,138.725,19.6523,23.9065,274.098,138.725,19.6523,23.9065,0,0.783031,nan,nan
59,3,525.476,140.318,19.2178,27.2859,525.476,140.318,19.2178,27.2859,0,0.774538,nan,nan
59,4,547.941,139.404,22.3829,25.1208,547.941,139.404,22.3828,25.1208,0,0.757095,nan,nan
59,5,254.659,138.928,21.6426,23.8821,254.659,138.928,21.6426,23.8821,0,0.751088,nan,nan
59,6,503.993,139.511,21.9305,26.0182,503.993,139.511,21.9304,26.0182,0,0.754609,nan,nan
59,7,195.02,138.712,22.5997,23.382,195.02,138.712,22.5997,23.382,0,0.730496,nan,nan
59,8,372.067,138.303,21.8073,24.8615,372.067,138.303,21.8073,24.8615,0,0.73349,nan,nan
59,9,328.481,137.877,22.4514,24.9273,328.481,137.877,22.4514,24.9273,0,0.72856,nan,nan
59,10,738.237,139.105,21.3978,23.2264,738.237,139.105,21.3978,23.2264,0,0.725744,nan,nan
59,11,295.933,138.102,19.9055,25.477,295.933,138.102,19.9055,25.477,0,0.724717,nan,nan
59,12,596.316,138.422,25.8319,25.0078,596.316,138.422,25.8319,25.0078,0,0.720379,nan,nan
59,13,350.993,138.458,18.5652,24.8265,350.993,138.458,18.5652,24.8265,0,0.704263,nan,nan
59,14,112.096,138.171,23.7117,24.4124,112.096,138.171,23.7117,24.4124,0,0.64382,nan,nan
59,15,417.487,138.224,19.5507,25.2699,417.487,138.224,19.5507,25.27,0,0.646755,nan,nan
59,16,154.445,139,25.6093,23.3149,154.445,139,25.6093,23.3149,0,0.627662,nan,nan
59,17,707.178,139.061,19.5655,23.7048,707.178,139.061,19.5654,23.7048,0,0.629297,nan,nan
59,18,629.294,139.123,23.3249,22.3271,629.294,139.123,23.325,22.3271,0,0.580604,nan,nan
59,19,649.866,139.06,22.023,22.6128,649.866,139.06,22.0229,22.6128,0,0.576726,nan,nan
59,20,68.6934,843.546,137.38,205.83,68.6934,843.546,137.38,205.83,0,0.497677,nan,nan
59,21,232.066,138.858,18.2959,24.7456,232.066,138.858,18.2959,24.7456,0,0.505405,nan,nan
59,22,846.173,137.382,24.7058,25.9581,846.173,137.382,24.7058,25.9581,0,0.465794,nan,nan
59,23,216.246,138.591,16.8917,24.319,216.246,138.591,16.8917,24.319,0,0.466767,nan,nan
59,24,770.431,138.632,22.8571,23.4001,770.431,138.632,22.8572,23.4001,0,0.445846,nan,nan
59,25,391.849,137.61,16.7777,27.1407,391.849,137.61,16.7777,27.1407,0,0.371146,nan,nan
59,26,468.982,135.842,21.1019,32.8184,468.982,135.842,21.1019,32.8184,0,0.348381,nan,nan
59,27,441.105,136.678,18.3654,28.5174,441.105,136.678,18.3654,28.5174,0,0.328776,nan,nan
59,28,571.431,139.059,19.6517,26.021,571.431,139.059,19.6517,26.0211,0,0.338714,nan,nan
59,30,61.9721,135.35,25.7024,29.4779,61.9721,135.35,25.7024,29.4779,0,0.288754,nan,nan
59,31,1913.54,703.855,496.292,224.223,1913.54,703.855,496.292,224.223,0,0.871421,424.99,345.727
60,1,106.007,545.057,206.258,232.394,106.007,545.057,206.258,232.394,0,0.840298,nan,nan
60,2,274.09,138.727,19.6625,23.9022,274.09,138.727,19.6625,23.9022,0,0.783303,nan,nan
60,3,525.542,140.26,19.2377,27.3078,525.542,140.26,19.2378,27.3078,0,0.774765,nan,nan
60,4,547.935,139.406,22.3804,25.1223,547.935,139.406,22.3804,25.1223,0,0.757942,nan,nan
60,5,254.655,138.93,21.6558,23.8834,254.655,138.93,21.6558,23.8834,0,0.751562,nan,nan
60,6,503.987,139.514,21.9323,26.0178,503.987,139.514,21.9323,26.0178,0,0.755081,nan,nan
60,7,195.015,138.712,22.619,23.396,195.015,138.712,22.619,23.396,0,0.730787,nan,nan
60,8,372.061,138.305,21.8098,24.8576,372.061,138.305,21.8098,24.8576,0,0.733959,nan,nan
60,9,328.474,137.88,22.4535,24.9266,328.474,137.88,22.4535,24.9266,0,0.729092,nan,nan
60,10,738.232,139.106,21.3962,23.2253,738.232,139.106,21.3962,23.2253,0,0.725689,nan,nan
60,11,295.926,138.103,19.9121,25.4736,295.926,138.103,19.9121,25.4736,0,0.724821,nan,nan
60,12,596.306,138.424,25.8412,25.0088,596.306,138.424,25.8412,25.0088,0,0.720423,nan,nan
60,13,350.986,138.461,18.5631,24.8227,350.986,138.461,18.5631,24.8228,0,0.704715,nan,nan
60,14,112.088,138.174,23.7196,24.4124,112.088,138.174,23.7196,24.4124,0,0.644475,nan,nan
60,15,417.482,138.227,19.5516,25.2703,417.482,138.227,19.5516,25.2703,0,0.648205,nan,nan
60,16,154.445,139.001,25.624,23.3143,154.445,139.001,25.624,23.3143,0,0.628098,nan,nan
60,17,707.175,139.063,19.5621,23.705,707.175,139.063,19.5621,23.705,0,0.628878,nan,nan
60,18,629.288,139.125,23.3279,22.3272,629.288,139.125,23.3279,22.3272,0,0.58182,nan,nan
60,19,649.858,139.062,22.0217,22.6158,649.858,139.062,22.0217,22.6158,0,0.577984,nan,nan
60,20,68.6781,843.642,137.356,205.811,68.6781,843.642,137.356,205.811,0,0.49302,nan,nan
60,21,232.049,138.857,18.3026,24.7609,232.049,138.857,18.3026,24.7609,0,0.506145,nan,nan
60,22,846.168,137.382,24.7058,25.9666,846.168,137.382,24.7058,25.9666,0,0.465251,nan,nan
60,23,216.26,138.59,16.8988,24.3345,216.26,138.59,16.8988,24.3345,0,0.46719,nan,nan
60,24,770.426,138.634,22.857,23.4029,770.426,138.634,22.8569,23.4029,0,0.446297,nan,nan
60,25,391.844,137.614,16.776,27.1351,391.844,137.614,16.776,27.1351,0,0.372941,nan,nan
60,26,468.971,135.844,21.1006,32.8195,468.971,135.844,21.1006,32.8195,0,0.349964,nan,nan
60,27,441.099,136.683,18.3657,28.5149,441.099,136.683,18.3657,28.5149,0,0.330933,nan,nan
60,28,571.423,139.061,19.651,26.0245,571.423,139.061,19.651,26.0245,0,0.338942,nan,nan
60,30,61.9682,135.352,25.7086,29.477,61.9682,135.352,25.7086,29.477,0,0.289374,nan,nan
60,31,1904.62,700.783,494.954,229.851,1904.62,700.783,494.954,229.851,0,0.8712,424.99,345.727
61,1,106.017,545.052,206.265,232.413,106.017,545.052,206.265,232.413,0,0.840894,nan,nan
61,2,274.087,138.726,19.6624,23.9002,274.087,138.726,19.6624,23.9002,0,0.783125,nan,nan
61,3,525.466,140.322,19.2194,27.2942,525.466,140.322,19.2195,27.2942,0,0.77453,nan,nan
61,4,547.933,139.405,22.3862,25.1249,547.933,139.405,22.3862,25.1249,0,0.757314,nan,nan
61,5,254.652,138.93,21.6557,23.881,254.652,138.93,21.6557,23.881,0,0.751133,nan,nan
61,6,503.985,139.514,21.9326,26.0224,503.985,139.514,21.9326,26.0224,0,0.754468,nan,nan
61,7,195.014,138.714,22.6178,23.3997,195.014,138.714,22.6178,23.3997,0,0.731035,nan,nan
61,8,372.06,138.305,21.814,24.8588,372.06,138.305,21.814,24.8588,0,0.733412,nan,nan
61,9,328.471,137.88,22.4553,24.9251,328.471,137.88,22.4553,24.9251,0,0.728413,nan,nan
61,10,738.23,139.106,21.3996,23.2264,738.23,139.106,21.3997,23.2264,0,0.725438,nan,nan
61,11,295.925,138.105,19.9128,25.4723,295.925,138.105,19.9127,25.4723,0,0.724807,nan,nan
61,12,596.303,138.424,25.8437,25.0108,596.303,138.424,25.8438,25.0108,0,0.720342,nan,nan
61,13,350.986,138.462,18.5624,24.8204,350.986,138.462,18.5624,24.8204,0,0.704281,nan,nan
61,14,112.086,138.174,23.7231,24.4129,112.086,138.174,23.7231,24.4129,0,0.645014,nan,nan
61,15,417.48,138.227,19.556,25.2697,417.48,138.227,19.556,25.2697,0,0.64718,nan,nan
61,16,154.44,139.004,25.6188,23.3125,154.44,139.004,25.6188,23.3125,0,0.627823,nan,nan
61,17,707.172,139.062,19.5639,23.7075,707.172,139.062,19.564,23.7075,0,0.629071,nan,nan
61,18,629.288,139.125,23.3321,22.3294,629.288,139.125,23.332,22.3294,0,0.580257,nan,nan
61,19,649.854,139.062,22.0321,22.6168,649.854,139.062,22.0321,22.6168,0,0.576008,nan,nan
61,20,68.6868,843.615,137.374,205.946,68.6868,843.615,137.374,205.946,0,0.497754,nan,nan
61,21,232.045,138.861,18.3127,24.7612,232.045,138.861,18.3127,24.7612,0,0.506395,nan,nan
61,22,846.162,137.379,24.7146,25.9818,846.162,137.379,24.7146,25.9818,0,0.463881,nan,nan
61,23,216.256,138.595,16.9097,24.3401,216.256,138.595,16.9097,24.3401,0,0.468337,nan,nan
61,24,770.423,138.634,22.8597,23.4055,770.423,138.634,22.8596,23.4055,0,0.445069,nan,nan
61,25,391.843,137.616,16.7796,27.1303,391.843,137.616,16.7795,27.1303,0,0.371252,nan,nan
61,26,468.972,135.844,21.1072,32.8195,468.972,135.844,21.1072,32.8195,0,0.349001,nan,nan
61,27,441.099,136.684,18.3715,28.5153,441.099,136.684,18.3715,28.5153,0,0.330006,nan,nan
61,28,571.423,139.06,19.6487,26.0256,571.423,139.06,19.6487,26.0256,0,0.337931,nan,nan
61,30,61.9679,135.354,25.7072,29.475,61.9679,135.354,25.7072,29.475,0,0.28965,nan,nan
61,31,1901.94,699.81,494.44,232.064,1901.94,699.81,494.44,232.064,0,0.87156,424.99,345.727
62,1,106.037,545.082,206.297,232.305,106.037,545.082,206.297,232.305,0,0.840735,nan,nan
62,2,274.086,138.728,19.6832,23.8871,274.086,138.728,19.6832,23.8871,0,0.78391,nan,nan
62,3,525.541,140.264,19.2372,27.3183,525.541,140.264,19.2373,27.3183,0,0.77484,nan,nan
62,4,547.935,139.406,22.3776,25.1299,547.935,139.406,22.3776,25.1299,0,0.75878,nan,nan
62,5,254.659,138.93,21.6674,23.8691,254.659,138.93,21.6674,23.8691,0,0.75134,nan,nan
62,6,503.987,139.516,21.934,26.0227,503.987,139.516,21.934,26.0227,0,0.755011,nan,nan
62,7,195.019,138.715,22.6412,23.3897,195.019,138.715,22.6412,23.3897,0,0.73073,nan,nan
62,8,372.062,138.307,21.8356,24.8497,372.062,138.307,21.8356,24.8497,0,0.733065,nan,nan
62,9,328.478,137.886,22.4622,24.9163,328.478,137.886,22.4622,24.9163,0,0.730209,nan,nan
62,10,738.233,139.107,21.3937,23.2265,738.233,139.107,21.3937,23.2265,0,0.725582,nan,nan
62,11,295.931,138.108,19.9182,25.4543,295.931,138.108,19.9182,25.4543,0,0.726478,nan,nan
62,12,596.32,138.421,25.8175,25.0095,596.32,138.421,25.8175,25.0096,0,0.721523,nan,nan
62,13,350.991,138.466,18.5603,24.8123,350.991,138.466,18.5603,24.8123,0,0.704342,nan,nan
62,14,112.09,138.178,23.7289,24.4081,112.09,138.178,23.7289,24.4081,0,0.647859,nan,nan
62,15,417.483,138.233,19.5634,25.2577,417.483,138.233,19.5634,25.2577,0,0.649431,nan,nan
62,16,154.449,139.005,25.6334,23.3032,154.449,139.005,25.6334,23.3032,0,0.628586,nan,nan
62,17,707.176,139.064,19.5611,23.7076,707.176,139.064,19.561,23.7076,0,0.629017,nan,nan
62,18,629.294,139.126,23.3296,22.3315,629.294,139.126,23.3296,22.3315,0,0.581658,nan,nan
62,19,649.857,139.063,22.025,22.6208,649.857,139.063,22.0249,22.6208,0,0.577299,nan,nan
62,20,68.7251,843.607,137.444,206.237,68.7251,843.607,137.444,206.237,0,0.506146,nan,nan
62,21,232.042,138.863,18.3274,24.7382,232.042,138.863,18.3274,24.7383,0,0.507297,nan,nan
62,22,846.169,137.383,24.7084,25.9757,846.169,137.383,24.7084,25.9757,0,0.464788,nan,nan
62,23,216.281,138.604,16.9211,24.3136,216.281,138.604,16.9211,24.3136,0,0.467087,nan,nan
62,24,770.426,138.635,22.8533,23.4047,770.426,138.635,22.8533,23.4047,0,0.446665,nan,nan
62,25,391.845,137.626,16.7873,27.099,391.845,137.626,16.7872,27.0991,0,0.368757,nan,nan
62,26,468.996,135.849,21.1293,32.8109,468.996,135.849,21.1293,32.8109,0,0.353802,nan,nan
62,27,441.117,136.691,18.398,28.5035,441.117,136.691,18.3981,28.5034,0,0.333772,nan,nan
62,28,571.41,139.06,19.6296,26.0449,571.41,139.06,19.6296,26.0449,0,0.342955,nan,nan
62,30,61.9652,135.36,25.6916,29.4684,61.9652,135.36,25.6916,29.4684,0,0.289273,nan,nan
62,31,1876.85,693.754,493.65,247,1876.85,693.754,493.649,247,0,0.861291,424.99,345.727
63,1,106.038,545.089,206.299,232.282,106.038,545.089,206.299,232.282,0,0.841108,nan,nan
63,2,274.08,138.727,19.6883,23.8811,274.08,138.727,19.6882,23.8811,0,0.783721,nan,nan
63,3,525.465,140.323,19.2205,27.3037,525.465,140.323,19.2205,27.3037,0,0.774641,nan,nan
63,4,547.932,139.404,22.381,25.1349,547.932,139.404,22.381,25.1349,0,0.758652,nan,nan
63,5,254.656,138.929,21.6695,23.8614,254.656,138.929,21.6695,23.8614,0,0.751252,nan,nan
63,6,503.982,139.515,21.937,26.0268,503.982,139.515,21.937,26.0268,0,0.754575,nan,nan
63,7,195.015,138.716,22.6429,23.3784,195.015,138.716,22.6429,23.3784,0,0.73057,nan,nan
63,8,372.057,138.306,21.8424,24.8453,372.057,138.306,21.8424,24.8453,0,0.732614,nan,nan
63,9,328.474,137.887,22.4621,24.9069,328.474,137.887,22.4621,24.9069,0,0.729712,nan,nan
63,10,738.23,139.106,21.3956,23.2289,738.23,139.106,21.3956,23.2289,0,0.72577,nan,nan
63,11,295.927,138.11,19.9186,25.4426,295.927,138.11,19.9186,25.4426,0,0.726097,nan,nan
63,12,596.317,138.417,25.8187,25.0118,596.317,138.417,25.8186,25.0118,0,0.72154,nan,nan
63,13,350.988,138.467,18.5575,24.8039,350.988,138.467,18.5575,24.8039,0,0.704044,nan,nan
63,14,112.085,138.179,23.7237,24.4006,112.085,138.179,23.7237,24.4006,0,0.647099,nan,nan
63,15,417.479,138.234,19.5675,25.2526,417.479,138.234,19.5675,25.2526,0,0.648743,nan,nan
63,16,154.441,139.004,25.629,23.2926,154.441,139.004,25.629,23.2926,0,0.62826,nan,nan
63,17,707.171,139.062,19.5632,23.711,707.171,139.062,19.5632,23.711,0,0.629675,nan,nan
63,18,629.296,139.124,23.3364,22.3367,629.296,139.124,23.3364,22.3367,0,0.57975,nan,nan
63,19,649.851,139.062,22.0369,22.624,649.851,139.062,22.0369,22.624,0,0.574462,nan,nan
63,20,68.7193,843.574,137.439,206.327,68.7193,843.574,137.439,206.327,0,0.505483,nan,nan
63,21,232.039,138.863,18.3326,24.7199,232.039,138.863,18.3326,24.7199,0,0.507899,nan,nan
63,22,846.164,137.38,24.7151,25.9852,846.164,137.38,24.7151,25.9852,0,0.464791,nan,nan
63,23,216.277,138.607,16.9252,24.2953,216.277,138.607,16.9252,24.2953,0,0.467794,nan,nan
63,24,770.424,138.633,22.8578,23.4072,770.424,138.633,22.8579,23.4072,0,0.445568,nan,nan
63,25,391.841,137.63,16.7918,27.087,391.841,137.63,16.7919,27.087,0,0.36749,nan,nan
63,26,468.999,135.847,21.1422,32.808,468.999,135.847,21.1422,32.808,0,0.351599,nan,nan
63,27,441.115,136.693,18.4076,28.4986,441.115,136.693,18.4076,28.4985,0,0.332562,nan,nan
63,28,571.405,139.056,19.6239,26.0496,571.405,139.056,19.6239,26.0496,0,0.341627,nan,nan
63,30,61.9558,135.36,25.6821,29.467,61.9558,135.36,25.6821,29.467,0,0.289079,nan,nan
63,31,1868.02,691.534,493.418,252.621,1868.02,691.534,493.418,252.621,0,0.86202,424.99,345.727
64,1,106.182,545.115,206.606,232.254,106.182,545.115,206.606,232.254,0,0.840678,nan,nan
64,2,274.085,138.728,19.6797,23.8975,274.085,138.728,19.6797,23.8975,0,0.782882,nan,nan
64,3,525.44,140.349,19.2124,27.3058,525.44,140.349,19.2124,27.3058,0,0.774832,nan,nan
64,4,547.935,139.404,22.3779,25.1408,547.935,139.404,22.3779,25.1408,0,0.758608,nan,nan
64,5,254.655,138.93,21.6691,23.8838,254.655,138.93,21.6691,23.8838,0,0.751122,nan,nan
64,6,503.985,139.515,21.9392,26.036,503.985,139.515,21.9392,26.036,0,0.754696,nan,nan
64,7,195.02,138.713,22.6491,23.3983,195.02,138.713,22.649,23.3983,0,0.728905,nan,nan
64,8,372.06,138.31,21.838,24.8639,372.06,138.31,21.838,24.8639,0,0.732318,nan,nan
64,9,328.473,137.889,22.4633,24.9281,328.473,137.889,22.4633,24.9281,0,0.729503,nan,nan
64,10,738.233,139.107,21.3925,23.2289,738.233,139.107,21.3926,23.2289,0,0.725698,nan,nan
64,11,295.929,138.11,19.9198,25.4649,295.929,138.11,19.9198,25.4649,0,0.724642,nan,nan
64,12,596.323,138.417,25.8152,25.019,596.323,138.417,25.8152,25.019,0,0.721717,nan,nan
64,13,350.988,138.467,18.5613,24.8239,350.988,138.467,18.5613,24.8239,0,0.70444,nan,nan
64,14,112.091,138.174,23.7223,24.4255,112.091,138.174,23.7223,24.4255,0,0.644516,nan,nan
64,15,417.482,138.232,19.5685,25.2763,417.482,138.232,19.5685,25.2763,0,0.648581,nan,nan
64,16,154.443,139.002,25.6158,23.3101,154.443,139.002,25.6158,23.3101,0,0.623713,nan,nan
64,17,707.176,139.063,19.5595,23.7115,707.176,139.063,19.5596,23.7115,0,0.62933,nan,nan
64,18,629.298,139.124,23.3334,22.3393,629.298,139.124,23.3334,22.3393,0,0.581592,nan,nan
64,19,649.856,139.062,22.0275,22.6277,649.856,139.062,22.0276,22.6277,0,0.576682,nan,nan
64,20,68.7049,843.866,137.404,205.845,68.7049,843.866,137.404,205.845,0,0.532653,nan,nan
64,21,232.029,138.86,18.3293,24.7579,232.029,138.86,18.3293,24.7579,0,0.503227,nan,nan
64,22,846.17,137.382,24.7118,25.9792,846.17,137.382,24.7118,25.9792,0,0.463528,nan,nan
64,23,216.306,138.6,16.9433,24.3295,216.306,138.6,16.9432,24.3295,0,0.463382,nan,nan
64,24,770.426,138.634,22.8535,23.4052,770.426,138.634,22.8535,23.4052,0,0.446135,nan,nan
64,25,391.843,137.627,16.7892,27.1217,391.843,137.627,16.7892,27.1217,0,0.36816,nan,nan
64,26,469.004,135.846,21.1432,32.8213,469.004,135.846,21.1432,32.8213,0,0.35423,nan,nan
64,27,441.119,136.684,18.4107,28.5252,441.119,136.684,18.4108,28.5252,0,0.334006,nan,nan
64,28,571.407,139.055,19.6155,26.0639,571.407,139.055,19.6155,26.0639,0,0.342314,nan,nan
64,30,61.9606,135.359,25.6964,29.4704,61.9606,135.359,25.6964,29.4704,0,0.28904,nan,nan
64,31,1842.81,686.427,491.05,265.794,1842.81,686.427,491.05,265.794,0,0.881188,424.99,345.727
65,1,106.233,545.117,206.717,232.269,106.233,545.117,206.717,232.269,0,0.840584,nan,nan
65,2,274.084,138.727,19.6716,23.8968,274.084,138.727,19.6716,23.8968,0,0.783201,nan,nan
65,3,525.426,140.356,19.2111,27.3092,525.426,140.356,19.2112,27.3092,0,0.7748,nan,nan
65,4,547.931,139.402,22.3766,25.1425,547.931,139.402,22.3766,25.1425,0,0.75863,nan,nan
65,5,254.65,138.929,21.6623,23.8841,254.65,138.929,21.6623,23.8841,0,0.751544,nan,nan
65,6,503.981,139.513,21.9393,26.0391,503.981,139.513,21.9393,26.0391,0,0.754382,nan,nan
65,7,195.015,138.713,22.6341,23.3998,195.015,138.713,22.6342,23.3998,0,0.729432,nan,nan
65,8,372.055,138.309,21.8298,24.8683,372.055,138.309,21.8298,24.8683,0,0.732913,nan,nan
65,9,328.468,137.889,22.4569,24.9249,328.468,137.889,22.4569,24.9249,0,0.729762,nan,nan
65,10,738.231,139.106,21.3931,23.2289,738.231,139.106,21.3931,23.2289,0,0.725687,nan,nan
65,11,295.924,138.11,19.9144,25.4642,295.924,138.11,19.9144,25.4642,0,0.725314,nan,nan
65,12,596.32,138.415,25.8147,25.0173,596.32,138.415,25.8147,25.0173,0,0.721674,nan,nan
65,13,350.985,138.467,18.5572,24.8249,350.985,138.467,18.5571,24.8249,0,0.704827,nan,nan
65,14,112.087,138.173,23.711,24.4281,112.087,138.173,23.711,24.4282,0,0.64509,nan,nan
65,15,417.477,138.229,19.5668,25.286,417.477,138.229,19.5668,25.286,0,0.649368,nan,nan
65,16,154.434,139,25.5987,23.3102,154.434,139,25.5987,23.3102,0,0.624125,nan,nan
65,17,707.173,139.062,19.5571,23.7124,707.173,139.062,19.5571,23.7123,0,0.62964,nan,nan
65,18,629.296,139.123,23.3336,22.3395,629.296,139.123,23.3335,22.3395,0,0.580537,nan,nan
65,19,649.851,139.061,22.0308,22.6269,649.851,139.061,22.0308,22.6269,0,0.575196,nan,nan
65,20,68.6926,844.104,137.385,205.483,68.6926,844.104,137.385,205.483,0,0.527428,nan,nan
65,21,232.025,138.862,18.3186,24.7609,232.025,138.862,18.3185,24.7609,0,0.504643,nan,nan
65,22,846.164,137.379,24.7188,25.9872,846.164,137.379,24.7188,25.9872,0,0.463123,nan,nan
65,23,216.295,138.6,16.934,24.3349,216.295,138.6,16.934,24.3349,0,0.465912,nan,nan
65,24,770.424,138.633,22.8555,23.4055,770.424,138.633,22.8555,23.4055,0,0.444881,nan,nan
65,25,391.839,137.624,16.7865,27.1355,391.839,137.624,16.7865,27.1355,0,0.370558,nan,nan
65,26,469.004,135.842,21.1448,32.8253,469.004,135.842,21.1448,32.8253,0,0.353931,nan,nan
65,27,441.113,136.68,18.4099,28.5357,441.113,136.68,18.4099,28.5357,0,0.334403,nan,nan
65,28,571.403,139.052,19.6098,26.064,571.403,139.052,19.6099,26.064,0,0.342287,nan,nan
65,30,61.9564,135.356,25.695,29.4722,61.9564,135.356,25.695,29.4722,0,0.289235,nan,nan
65,31,1833.91,684.563,490.202,270.83,1833.91,684.563,490.202,270.83,0,0.881184,424.99,345.727
66,1,106.242,545.116,206.752,232.265,106.242,545.116,206.752,232.265,0,0.84033,nan,nan
66,2,274.083,138.727,19.6653,23.9031,274.083,138.727,19.6653,23.9031,0,0.783518,nan,nan
66,3,525.422,140.359,19.2088,27.3091,525.422,140.359,19.2087,27.3091,0,0.774969,nan,nan
66,4,547.93,139.402,22.373,25.1435,547.93,139.402,22.373,25.1436,0,0.758634,nan,nan
66,5,254.647,138.929,21.6592,23.8926,254.647,138.929,21.6592,23.8926,0,0.751869,nan,nan
66,6,503.978,139.512,21.9381,26.039,503.978,139.512,21.9381,26.039,0,0.754785,nan,nan
66,7,195.013,138.712,22.6335,23.4078,195.013,138.712,22.6335,23.4078,0,0.73005,nan,nan
66,8,372.054,138.309,21.8285,24.8718,372.054,138.309,21.8285,24.8718,0,0.73315,nan,nan
66,9,328.467,137.889,22.4553,24.9295,328.467,137.889,22.4553,24.9295,0,0.730288,nan,nan
66,10,738.229,139.105,21.3898,23.2278,738.229,139.105,21.3898,23.2278,0,0.725772,nan,nan
66,11,295.922,138.109,19.9117,25.4693,295.922,138.109,19.9117,25.4694,0,0.725672,nan,nan
66,12,596.32,138.415,25.8121,25.0182,596.32,138.415,25.8121,25.0182,0,0.721586,nan,nan
66,13,350.982,138.467,18.5587,24.8296,350.982,138.467,18.5587,24.8296,0,0.705148,nan,nan
66,14,112.085,138.173,23.7056,24.4289,112.085,138.173,23.7056,24.4289,0,0.646174,nan,nan
66,15,417.475,138.229,19.5656,25.2913,417.475,138.229,19.5656,25.2913,0,0.649596,nan,nan
66,16,154.433,138.997,25.5975,23.3141,154.433,138.997,25.5975,23.3141,0,0.625143,nan,nan
66,17,707.172,139.062,19.5543,23.7108,707.172,139.062,19.5542,23.7108,0,0.629388,nan,nan
66,18,629.293,139.123,23.3305,22.3382,629.293,139.123,23.3306,22.3382,0,0.581851,nan,nan
66,19,649.852,139.061,22.0216,22.6273,649.852,139.061,22.0216,22.6273,0,0.576958,nan,nan
66,20,68.7085,844.147,137.417,205.525,68.7085,844.147,137.417,205.525,0,0.525997,nan,nan
66,21,232.023,138.861,18.315,24.7701,232.023,138.861,18.315,24.7701,0,0.505009,nan,nan
66,22,846.166,137.381,24.7123,25.9789,846.166,137.381,24.7123,25.9789,0,0.463543,nan,nan
66,23,216.295,138.599,16.931,24.3433,216.295,138.599,16.931,24.3434,0,0.465848,nan,nan
66,24,770.422,138.633,22.8501,23.4033,770.422,138.633,22.8501,23.4033,0,0.446077,nan,nan
66,25,391.837,137.623,16.7864,27.1423,391.837,137.623,16.7864,27.1423,0,0.370242,nan,nan
66,26,469.002,135.841,21.1406,32.8249,469.002,135.841,21.1406,32.8249,0,0.353881,nan,nan
66,27,441.112,136.679,18.4056,28.5382,441.112,136.679,18.4056,28.5382,0,0.334505,nan,nan
66,28,571.403,139.052,19.6053,26.0683,571.403,139.052,19.6053,26.0683,0,0.342275,nan,nan
66,30,61.9559,135.355,25.6966,29.4706,61.9559,135.355,25.6966,29.4706,0,0.289468,nan,nan
66,31,1831.18,684.016,489.905,272.683,1831.18,684.016,489.905,272.683,0,0.881288,424.99,345.727
67,1,106.254,545.178,206.751,232.122,106.254,545.178,206.751,232.122,0,0.8413,nan,nan
67,2,274.091,138.727,19.6796,23.9071,274.091,138.727,19.6796,23.9071,0,0.78193,nan,nan
67,3,525.432,140.365,19.2141,27.3193,525.432,140.365,19.2141,27.3193,0,0.774635,nan,nan
67,4,547.938,139.404,22.3786,25.1532,547.938,139.404,22.3787,25.1532,0,0.759573,nan,nan
67,5,254.657,138.927,21.6778,23.8989,254.657,138.927,21.6778,23.8989,0,0.750437,nan,nan
67,6,503.983,139.515,21.946,26.0429,503.983,139.515,21.9459,26.0429,0,0.753887,nan,nan
67,7,195.021,138.705,22.6624,23.435,195.021,138.705,22.6624,23.4349,0,0.726726,nan,nan
67,8,372.06,138.311,21.8289,24.8867,372.06,138.311,21.8289,24.8867,0,0.732979,nan,nan
67,9,328.47,137.886,22.4613,24.9422,328.47,137.886,22.4613,24.9422,0,0.729285,nan,nan
67,10,738.236,139.106,21.3997,23.2334,738.236,139.106,21.3997,23.2334,0,0.724659,nan,nan
67,11,295.932,138.106,19.9178,25.4799,295.932,138.106,19.9178,25.4799,0,0.723412,nan,nan
67,12,596.325,138.415,25.8224,25.0242,596.325,138.415,25.8225,25.0242,0,0.721945,nan,nan
67,13,350.988,138.465,18.5595,24.8419,350.988,138.465,18.5595,24.8419,0,0.704961,nan,nan
67,14,112.098,138.162,23.7223,24.4709,112.098,138.162,23.7223,24.4709,0,0.643428,nan,nan
67,15,417.482,138.228,19.5698,25.3155,417.482,138.228,19.5698,25.3155,0,0.652211,nan,nan
67,16,154.451,138.99,25.6252,23.3448,154.451,138.99,25.6252,23.3448,0,0.622339,nan,nan
67,17,707.179,139.062,19.5578,23.7155,707.179,139.062,19.5579,23.7155,0,0.629855,nan,nan
67,18,629.307,139.123,23.348,22.345,629.307,139.123,23.3479,22.345,0,0.577053,nan,nan
67,19,649.851,139.062,22.0556,22.6324,649.851,139.062,22.0557,22.6324,0,0.570019,nan,nan
67,20,68.7318,844.304,137.454,205.67,68.7318,844.304,137.454,205.67,0,0.535927,nan,nan
67,21,232.013,138.843,18.3273,24.7963,232.013,138.843,18.3273,24.7963,0,0.498641,nan,nan
67,22,846.168,137.382,24.7232,25.992,846.168,137.382,24.7231,25.992,0,0.459872,nan,nan
67,23,216.344,138.584,16.9818,24.3807,216.344,138.584,16.9818,24.3807,0,0.458269,nan,nan
67,24,770.431,138.633,22.8587,23.4097,770.431,138.633,22.8586,23.4097,0,0.443369,nan,nan
67,25,391.844,137.621,16.7888,27.1658,391.844,137.621,16.7888,27.1658,0,0.372934,nan,nan
67,26,469.016,135.846,21.1435,32.8422,469.016,135.846,21.1434,32.8422,0,0.360623,nan,nan
67,27,441.123,136.673,18.4137,28.5678,441.123,136.673,18.4137,28.5677,0,0.340237,nan,nan
67,28,571.408,139.052,19.6078,26.0755,571.408,139.052,19.6079,26.0755,0,0.343067,nan,nan
67,30,61.9624,135.355,25.6999,29.4902,61.9624,135.355,25.6999,29.4902,0,0.289906,nan,nan
67,31,1808.77,678.979,487.837,285.526,1808.77,678.979,487.836,285.526,0,0.886675,424.99,345.727
67,45,39.1238,1122.11,75.6902,194.903,39.1238,1122.11,75.6902,194.903,0,0.338404,nan,nan
68,1,106.29,545.207,206.839,232.059,106.29,545.207,206.839,232.059,0,0.841207,nan,nan
68,2,274.084,138.724,19.6913,23.9074,274.084,138.724,19.6913,23.9074,0,0.782016,nan,nan
68,3,525.428,140.365,19.218,27.3164,525.428,140.365,19.218,27.3164,0,0.774655,nan,nan
68,4,547.934,139.404,22.3824,25.1537,547.934,139.404,22.3824,25.1537,0,0.759175,nan,nan
68,5,254.654,138.925,21.6917,23.8983,254.654,138.925,21.6917,23.8983,0,0.750303,nan,nan
68,6,503.977,139.514,21.9487,26.0385,503.977,139.514,21.9487,26.0385,0,0.753841,nan,nan
68,7,195.015,138.701,22.6782,23.4434,195.015,138.701,22.6782,23.4434,0,0.726279,nan,nan
68,8,372.054,138.309,21.8359,24.8925,372.054,138.309,21.8359,24.8925,0,0.733102,nan,nan
68,9,328.465,137.884,22.466,24.95,328.465,137.884,22.466,24.95,0,0.729894,nan,nan
68,10,738.232,139.105,21.4033,23.2356,738.232,139.105,21.4033,23.2356,0,0.724304,nan,nan
68,11,295.928,138.103,19.923,25.4842,295.928,138.103,19.923,25.4843,0,0.723669,nan,nan
68,12,596.32,138.414,25.8273,25.0253,596.32,138.414,25.8273,25.0253,0,0.72157,nan,nan
68,13,350.981,138.463,18.5619,24.849,350.981,138.463,18.5619,24.849,0,0.705166,nan,nan
68,14,112.094,138.157,23.7319,24.4873,112.094,138.157,23.7319,24.4873,0,0.642641,nan,nan
68,15,417.477,138.226,19.573,25.3222,417.477,138.226,19.573,25.3222,0,0.652055,nan,nan
68,16,154.454,138.987,25.6445,23.3571,154.454,138.987,25.6445,23.3571,0,0.621939,nan,nan
68,17,707.175,139.061,19.5606,23.7167,707.175,139.061,19.5605,23.7167,0,0.629079,nan,nan
68,18,629.308,139.121,23.3602,22.3469,629.308,139.121,23.3602,22.3469,0,0.576328,nan,nan
68,19,649.841,139.06,22.0721,22.6362,649.841,139.06,22.072,22.6362,0,0.56883,nan,nan
68,20,68.7636,844.389,137.527,205.691,68.7636,844.389,137.527,205.691,0,0.541517,nan,nan
68,21,231.995,138.835,18.3393,24.8009,231.995,138.835,18.3393,24.8009,0,0.497658,nan,nan
68,22,846.165,137.383,24.7224,25.9893,846.165,137.383,24.7224,25.9893,0,0.45962,nan,nan
68,23,216.364,138.578,17.0087,24.3897,216.364,138.578,17.0087,24.3896,0,0.457312,nan,nan
68,24,770.429,138.632,22.8625,23.4126,770.429,138.632,22.8625,23.4126,0,0.443127,nan,nan
68,25,391.839,137.619,16.7925,27.1717,391.839,137.619,16.7925,27.1717,0,0.371697,nan,nan
68,26,469.018,135.847,21.1491,32.8462,469.018,135.847,21.1491,32.8462,0,0.359609,nan,nan
68,27,441.122,136.672,18.4171,28.5757,441.122,136.672,18.4171,28.5757,0,0.33941,nan,nan
68,28,571.403,139.051,19.616,26.0783,571.403,139.051,19.616,26.0783,0,0.342944,nan,nan
68,30,61.9577,135.354,25.7042,29.4972,61.9577,135.354,25.7042,29.4972,0,0.288412,nan,nan
68,31,1800.88,677.142,487.051,290.331,1800.88,677.142,487.051,290.331,0,0.886643,424.99,345.727
68,45,39.1109,1122.01,75.6919,195.032,39.1109,1122.01,75.6919,195.032,0,0.337425,nan,nan
69,1,106.354,545.283,206.883,231.824,106.354,545.283,206.883,231.824,0,0.842487,nan,nan
69,2,274.098,138.721,19.6559,23.9204,274.098,138.721,19.6559,23.9204,0,0.783591,nan,nan
69,3,525.436,140.366,19.2039,27.316,525.436,140.366,19.2039,27.316,0,0.776682,nan,nan
69,4,547.941,139.398,22.3432,25.1501,547.941,139.398,22.3433,25.1501,0,0.762491,nan,nan
69,5,254.654,138.924,21.6549,23.9045,254.654,138.924,21.6549,23.9045,0,0.752442,nan,nan
69,6,503.99,139.511,21.9406,26.0196,503.99,139.511,21.9406,26.0196,0,0.755264,nan,nan
69,7,195.02,138.702,22.6683,23.462,195.02,138.702,22.6683,23.4619,0,0.728847,nan,nan
69,8,372.059,138.31,21.8127,24.9176,372.059,138.31,21.8127,24.9176,0,0.736137,nan,nan
69,9,328.47,137.884,22.465,24.9597,328.47,137.884,22.465,24.9597,0,0.730731,nan,nan
69,10,738.237,139.107,21.3912,23.2358,738.237,139.107,21.3912,23.2358,0,0.72395,nan,nan
69,11,295.928,138.103,19.9038,25.4928,295.928,138.103,19.9038,25.4928,0,0.725592,nan,nan
69,12,596.334,138.402,25.798,25.0004,596.334,138.402,25.7981,25.0004,0,0.722957,nan,nan
69,13,350.985,138.464,18.5607,24.8613,350.985,138.464,18.5607,24.8613,0,0.707532,nan,nan
69,14,112.103,138.156,23.72,24.4857,112.103,138.156,23.72,24.4857,0,0.647505,nan,nan
69,15,417.476,138.22,19.5557,25.3167,417.476,138.22,19.5557,25.3167,0,0.657368,nan,nan
69,16,154.452,138.983,25.6285,23.3636,154.452,138.983,25.6285,23.3636,0,0.625112,nan,nan
69,17,707.176,139.061,19.5458,23.7093,707.176,139.061,19.5459,23.7093,0,0.629506,nan,nan
69,18,629.304,139.126,23.3382,22.3392,629.304,139.126,23.3381,22.3392,0,0.578765,nan,nan
69,19,649.862,139.063,22.0182,22.6308,649.862,139.063,22.0182,22.6308,0,0.575591,nan,nan
69,20,68.7305,844.338,137.447,205.49,68.7305,844.338,137.447,205.49,0,0.562777,nan,nan
69,21,231.998,138.844,18.3593,24.8112,231.998,138.844,18.3593,24.8112,0,0.504131,nan,nan
69,22,846.169,137.396,24.7252,25.9756,846.169,137.396,24.7251,25.9756,0,0.45846,nan,nan
69,23,216.368,138.58,16.9893,24.4008,216.368,138.58,16.9893,24.4008,0,0.458506,nan,nan
69,24,770.44,138.635,22.8701,23.4059,770.44,138.635,22.8701,23.4059,0,0.442585,nan,nan
69,25,391.833,137.604,16.7957,27.1907,391.833,137.604,16.7957,27.1907,0,0.383006,nan,nan
69,26,469.006,135.838,21.1093,32.851,469.006,135.838,21.1094,32.851,0,0.36583,nan,nan
69,27,441.114,136.664,18.3994,28.5781,441.114,136.664,18.3994,28.5781,0,0.346135,nan,nan
69,28,571.395,139.032,19.5567,26.0656,571.395,139.032,19.5566,26.0656,0,0.347936,nan,nan
69,30,61.9618,135.346,25.6963,29.4945,61.9618,135.346,25.6963,29.4945,0,0.291968,nan,nan
69,31,1775.96,672.273,481.323,304.388,1775.96,672.273,481.323,304.388,0,0.878166,424.99,345.727
69,45,39.2043,1122.05,75.8721,194.609,39.2043,1122.05,75.8721,194.609,0,0.383501,nan,nan
70,1,106.374,545.309,206.907,231.732,106.374,545.309,206.907,231.732,0,0.842426,nan,nan
70,2,274.096,138.719,19.6493,23.925,274.096,138.719,19.6493,23.925,0,0.783337,nan,nan
70,3,525.53,140.275,19.2245,27.3395,525.53,140.275,19.2246,27.3395,0,0.776737,nan,nan
70,4,547.933,139.393,22.334,25.1409,547.933,139.393,22.334,25.1409,0,0.762091,nan,nan
70,5,254.647,138.922,21.6432,23.9074,254.647,138.922,21.6432,23.9074,0,0.752061,nan,nan
70,6,503.981,139.507,21.9218,26.011,503.981,139.507,21.9218,26.011,0,0.756244,nan,nan
70,7,195.014,138.703,22.6665,23.4663,195.014,138.703,22.6666,23.4663,0,0.728687,nan,nan
70,8,372.053,138.304,21.8139,24.9169,372.053,138.304,21.814,24.9169,0,0.737982,nan,nan
70,9,328.468,137.877,22.47,24.9658,328.468,137.877,22.47,24.9658,0,0.731344,nan,nan
70,10,738.23,139.106,21.387,23.234,738.23,139.106,21.387,23.234,0,0.723635,nan,nan
70,11,295.922,138.097,19.9087,25.4964,295.922,138.097,19.9087,25.4964,0,0.725781,nan,nan
70,12,596.332,138.397,25.7896,24.9822,596.332,138.397,25.7896,24.9822,0,0.722877,nan,nan
70,13,350.982,138.459,18.5599,24.861,350.982,138.459,18.5599,24.861,0,0.707765,nan,nan
70,14,112.098,138.154,23.718,24.4868,112.098,138.154,23.718,24.4868,0,0.647301,nan,nan
70,15,417.47,138.214,19.552,25.3071,417.47,138.214,19.552,25.3071,0,0.659168,nan,nan
70,16,154.441,138.981,25.6213,23.365,154.441,138.981,25.6213,23.365,0,0.625003,nan,nan
70,17,707.167,139.06,19.5452,23.7061,707.167,139.06,19.5452,23.7061,0,0.628989,nan,nan
70,18,629.324,139.122,23.3773,22.333,629.324,139.122,23.3772,22.333,0,0.568569,nan,nan
70,19,649.836,139.06,22.0695,22.6267,649.836,139.06,22.0696,22.6267,0,0.55871,nan,nan
70,20,68.7266,844.311,137.448,205.438,68.7266,844.311,137.448,205.438,0,0.561641,nan,nan
70,21,231.988,138.847,18.371,24.8154,231.988,138.847,18.371,24.8154,0,0.503633,nan,nan
70,22,846.16,137.394,24.7292,25.9839,846.16,137.394,24.7292,25.9839,0,0.455896,nan,nan
70,23,216.365,138.581,16.99,24.4031,216.365,138.581,16.9901,24.4031,0,0.458422,nan,nan
70,24,770.432,138.633,22.8677,23.4035,770.432,138.633,22.8677,23.4034,0,0.443815,nan,nan
70,25,391.829,137.595,16.7899,27.1897,391.829,137.595,16.7899,27.1897,0,0.387298,nan,nan
70,26,468.993,135.834,21.0967,32.8449,468.993,135.834,21.0967,32.8449,0,0.367381,nan,nan
70,27,441.103,136.666,18.3948,28.5575,441.103,136.666,18.3948,28.5575,0,0.350622,nan,nan
70,28,571.388,139.025,19.5453,26.0482,571.388,139.025,19.5454,26.0482,0,0.346623,nan,nan
70,30,61.954,135.343,25.6914,29.4926,61.954,135.343,25.6914,29.4926,0,0.292095,nan,nan
70,31,1767.17,670.486,479.185,309.704,1767.17,670.486,479.186,309.704,0,0.87819,424.99,345.727
70,45,39.2305,1122.09,75.9238,194.422,39.2305,1122.09,75.9238,194.422,0,0.378309,nan,nan
71,1,106.511,545.275,207.192,231.968,106.511,545.275,207.192,231.968,0,0.841497,nan,nan
71,2,274.105,138.727,19.6356,23.9124,274.105,138.727,19.6356,23.9124,0,0.783932,nan,nan
71,3,525.574,140.245,19.228,27.3367,525.574,140.245,19.228,27.3367,0,0.777438,nan,nan
71,4,547.938,139.397,22.3232,25.126,547.938,139.397,22.3232,25.126,0,0.762523,nan,nan
71,5,254.647,138.927,21.6144,23.8945,254.647,138.927,21.6144,23.8945,0,0.753184,nan,nan
71,6,503.986,139.511,21.9105,26.0021,503.986,139.511,21.9105,26.0021,0,0.756889,nan,nan
71,7,195.021,138.71,22.6357,23.4415,195.021,138.71,22.6357,23.4415,0,0.729346,nan,nan
71,8,372.059,138.309,21.8097,24.9055,372.059,138.309,21.8097,24.9055,0,0.737201,nan,nan
71,9,328.475,137.886,22.4572,24.9367,328.475,137.886,22.4572,24.9367,0,0.730143,nan,nan
71,10,738.235,139.111,21.3843,23.2312,738.235,139.111,21.3843,23.2312,0,0.724553,nan,nan
71,11,295.925,138.11,19.8917,25.4684,295.925,138.11,19.8917,25.4684,0,0.726358,nan,nan
71,12,596.344,138.401,25.7692,24.9598,596.344,138.401,25.7692,24.9598,0,0.723583,nan,nan
71,13,350.987,138.467,18.5553,24.8471,350.987,138.467,18.5553,24.8471,0,0.707719,nan,nan
71,14,112.102,138.163,23.6818,24.4771,112.102,138.163,23.6819,24.4771,0,0.646706,nan,nan
71,15,417.474,138.222,19.536,25.2742,417.474,138.222,19.536,25.2742,0,0.660037,nan,nan
71,16,154.437,138.987,25.5875,23.3496,154.437,138.987,25.5875,23.3496,0,0.624731,nan,nan
71,17,707.172,139.064,19.5468,23.7028,707.172,139.064,19.5468,23.7028,0,0.629547,nan,nan
71,18,629.335,139.126,23.3827,22.3244,629.335,139.126,23.3827,22.3244,0,0.570641,nan,nan
71,19,649.838,139.065,22.0762,22.6203,649.838,139.065,22.0762,22.6203,0,0.561905,nan,nan
71,20,68.6866,844.435,137.345,205.417,68.6866,844.435,137.345,205.417,0,0.563514,nan,nan
71,21,232.004,138.855,18.3647,24.7893,232.004,138.855,18.3647,24.7893,0,0.508077,nan,nan
71,22,846.163,137.398,24.7292,25.9855,846.163,137.398,24.7292,25.9855,0,0.458856,nan,nan
71,23,216.351,138.589,16.9716,24.3839,216.351,138.589,16.9716,24.3839,0,0.463736,nan,nan
71,24,770.44,138.637,22.873,23.4038,770.44,138.637,22.873,23.4038,0,0.444414,nan,nan
71,25,391.843,137.605,16.7804,27.1701,391.843,137.605,16.7804,27.1701,0,0.385533,nan,nan
71,26,468.998,135.831,21.0936,32.8302,468.998,135.831,21.0936,32.8302,0,0.367526,nan,nan
71,27,441.09,136.677,18.3877,28.52,441.09,136.677,18.3877,28.5201,0,0.352386,nan,nan
71,28,571.384,139.03,19.5342,26.0242,571.384,139.03,19.5342,26.0242,0,0.349112,nan,nan
71,30,61.9507,135.345,25.6714,29.4926,61.9507,135.345,25.6714,29.4926,0,0.292477,nan,nan
71,31,1745.65,665.804,476.564,323.016,1745.65,665.804,476.564,323.016,0,0.901637,424.99,345.727
71,45,39.2485,1121.95,75.9002,194.517,39.2485,1121.95,75.9002,194.517,0,0.403763,nan,nan
72,1,106.556,545.252,207.307,232.07,106.556,545.252,207.307,232.07,0,0.842212,nan,nan
72,2,274.098,138.724,19.6342,23.9057,274.098,138.724,19.6342,23.9058,0,0.783757,nan,nan
72,3,525.581,140.227,19.2303,27.3349,525.581,140.227,19.2303,27.3348,0,0.777353,nan,nan
72,4,547.93,139.393,22.3192,25.1207,547.93,139.393,22.3192,25.1207,0,0.762959,nan,nan
72,5,254.639,138.922,21.606,23.8912,254.639,138.922,21.606,23.8912,0,0.752956,nan,nan
72,6,503.978,139.506,21.9072,25.9994,503.978,139.506,21.9072,25.9994,0,0.756733,nan,nan
72,7,195.011,138.706,22.6229,23.4421,195.011,138.706,22.6229,23.4421,0,0.729175,nan,nan
72,8,372.051,138.305,21.8088,24.8974,372.051,138.305,21.8088,24.8974,0,0.737126,nan,nan
72,9,328.471,137.88,22.4583,24.9349,328.471,137.88,22.4583,24.9349,0,0.730502,nan,nan
72,10,738.227,139.107,21.3829,23.2301,738.227,139.107,21.3828,23.2301,0,0.724752,nan,nan
72,11,295.917,138.107,19.8907,25.4583,295.917,138.107,19.8907,25.4583,0,0.725864,nan,nan
72,12,596.338,138.398,25.7664,24.9504,596.338,138.398,25.7664,24.9504,0,0.724092,nan,nan
72,13,350.981,138.464,18.5519,24.8398,350.981,138.464,18.5519,24.8398,0,0.707589,nan,nan
72,14,112.093,138.16,23.6691,24.4743,112.093,138.16,23.6691,24.4743,0,0.646135,nan,nan
72,15,417.466,138.219,19.5319,25.2626,417.466,138.219,19.5319,25.2626,0,0.659409,nan,nan
72,16,154.425,138.984,25.5783,23.3541,154.425,138.984,25.5783,23.3542,0,0.624397,nan,nan
72,17,707.165,139.06,19.5476,23.7022,707.165,139.06,19.5476,23.7022,0,0.630354,nan,nan
72,18,629.322,139.12,23.3682,22.3247,629.322,139.12,23.3682,22.3246,0,0.574625,nan,nan
72,19,649.835,139.06,22.0619,22.6191,649.835,139.06,22.0619,22.6191,0,0.566928,nan,nan
72,20,68.653,844.486,137.296,205.401,68.653,844.486,137.296,205.401,0,0.561841,nan,nan
72,21,231.998,138.85,18.3533,24.7912,231.998,138.85,18.3533,24.7912,0,0.506765,nan,nan
72,22,846.156,137.393,24.7305,25.9883,846.156,137.393,24.7305,25.9883,0,0.458334,nan,nan
72,23,216.328,138.583,16.9572,24.3913,216.328,138.583,16.9572,24.3913,0,0.46329,nan,nan
72,24,770.43,138.634,22.866,23.402,770.43,138.634,22.866,23.402,0,0.445372,nan,nan
72,25,391.836,137.603,16.7766,27.1603,391.836,137.603,16.7766,27.1603,0,0.385422,nan,nan
72,26,468.99,135.825,21.0926,32.8259,468.99,135.825,21.0926,32.8259,0,0.366161,nan,nan
72,27,441.075,136.674,18.3829,28.5071,441.075,136.674,18.3829,28.5071,0,0.351405,nan,nan
72,28,571.368,139.026,19.5283,26.0117,571.368,139.026,19.5283,26.0117,0,0.350306,nan,nan
72,30,61.9395,135.34,25.6721,29.4925,61.9395,135.34,25.6721,29.4925,0,0.290741,nan,nan
72,31,1738.16,664.089,475.623,328.048,1738.16,664.089,475.623,328.048,0,0.901602,424.99,345.727
72,45,39.2428,1121.9,75.8738,194.463,39.2428,1121.9,75.8738,194.463,0,0.403681,nan,nan
73,1,106.568,545.258,207.343,232.065,106.568,545.258,207.343,232.065,0,0.841513,nan,nan
73,2,274.094,138.724,19.6365,23.9042,274.094,138.724,19.6365,23.9042,0,0.783626,nan,nan
73,3,525.582,140.222,19.2337,27.3352,525.582,140.222,19.2336,27.3352,0,0.77729,nan,nan
73,4,547.927,139.391,22.3192,25.1213,547.927,139.391,22.3191,25.1213,0,0.762401,nan,nan
73,5,254.636,138.92,21.6065,23.888,254.636,138.92,21.6065,23.8879,0,0.752711,nan,nan
73,6,503.973,139.504,21.9046,25.9992,503.973,139.504,21.9045,25.9992,0,0.756561,nan,nan
73,7,195.01,138.705,22.622,23.4351,195.01,138.705,22.6219,23.4351,0,0.728936,nan,nan
73,8,372.048,138.304,21.8095,24.8962,372.048,138.304,21.8095,24.8962,0,0.736627,nan,nan
73,9,328.467,137.881,22.455,24.9268,328.467,137.881,22.455,24.9268,0,0.729883,nan,nan
73,10,738.225,139.105,21.3832,23.2298,738.225,139.105,21.3833,23.2298,0,0.724644,nan,nan
73,11,295.914,138.107,19.892,25.4558,295.914,138.107,19.892,25.4558,0,0.72555,nan,nan
73,12,596.34,138.396,25.7581,24.9499,596.34,138.396,25.7581,24.9499,0,0.724101,nan,nan
73,13,350.977,138.463,18.5541,24.838,350.977,138.463,18.5541,24.838,0,0.707301,nan,nan
73,14,112.09,138.157,23.6672,24.4767,112.09,138.157,23.6672,24.4767,0,0.646847,nan,nan
73,15,417.462,138.219,19.529,25.2584,417.462,138.219,19.5289,25.2584,0,0.659422,nan,nan
73,16,154.422,138.98,25.5768,23.3484,154.422,138.98,25.5768,23.3484,0,0.624038,nan,nan
73,17,707.162,139.059,19.5481,23.7023,707.162,139.059,19.5481,23.7023,0,0.629866,nan,nan
73,18,629.315,139.117,23.3611,22.3251,629.315,139.117,23.3611,22.3251,0,0.576325,nan,nan
73,19,649.839,139.058,22.0503,22.6186,649.839,139.058,22.0503,22.6186,0,0.567925,nan,nan
73,20,68.6699,844.528,137.335,205.281,68.6699,844.528,137.335,205.281,0,0.563082,nan,nan
73,21,231.999,138.848,18.3586,24.7793,231.999,138.848,18.3586,24.7793,0,0.507446,nan,nan
73,22,846.155,137.392,24.728,25.9871,846.155,137.392,24.728,25.9871,0,0.459426,nan,nan
73,23,216.326,138.583,16.9554,24.3792,216.326,138.583,16.9554,24.3792,0,0.462651,nan,nan
73,24,770.432,138.632,22.8713,23.4039,770.432,138.632,22.8713,23.4039,0,0.444232,nan,nan
73,25,391.835,137.603,16.7769,27.1579,391.835,137.603,16.7769,27.1579,0,0.383361,nan,nan
73,26,468.989,135.823,21.0945,32.8225,468.989,135.823,21.0945,32.8225,0,0.366365,nan,nan
73,27,441.069,136.673,18.3835,28.5024,441.069,136.673,18.3835,28.5024,0,0.351053,nan,nan
73,28,571.346,139.025,19.5283,26.0126,571.346,139.025,19.5283,26.0126,0,0.352477,nan,nan
73,30,61.9356,135.338,25.6637,29.4914,61.9356,135.338,25.6637,29.4914,0,0.291956,nan,nan
73,31,1735.96,663.549,475.398,329.807,1735.96,663.549,475.398,329.807,0,0.901104,424.99,345.727
73,45,39.2432,1121.92,75.8699,194.456,39.2432,1121.92,75.8699,194.456,0,0.401335,nan,nan
74,1,106.571,545.338,207.32,232.048,106.571,545.338,207.32,232.048,0,0.843025,nan,nan
74,2,274.103,138.73,19.627,23.9049,274.103,138.73,19.627,23.9049,0,0.783448,nan,nan
74,3,525.589,140.226,19.2335,27.3447,525.589,140.226,19.2334,27.3447,0,0.777108,nan,nan
74,4,547.933,139.398,22.3216,25.1205,547.933,139.398,22.3215,25.1205,0,0.76159,nan,nan
74,5,254.635,138.929,21.5996,23.889,254.635,138.929,21.5996,23.889,0,0.752749,nan,nan
74,6,503.98,139.506,21.8998,26.0071,503.98,139.506,21.8998,26.0071,0,0.756461,nan,nan
74,7,195.018,138.71,22.6186,23.4152,195.018,138.71,22.6186,23.4152,0,0.727782,nan,nan
74,8,372.056,138.31,21.8078,24.8857,372.056,138.31,21.8078,24.8857,0,0.735536,nan,nan
74,9,328.471,137.89,22.4522,24.9227,328.471,137.89,22.4521,24.9227,0,0.72965,nan,nan
74,10,738.23,139.108,21.3835,23.2281,738.23,139.108,21.3835,23.2281,0,0.724559,nan,nan
74,11,295.917,138.116,19.8911,25.452,295.917,138.116,19.8911,25.452,0,0.725449,nan,nan
74,12,596.344,138.404,25.756,24.9486,596.344,138.404,25.7561,24.9485,0,0.722948,nan,nan
74,13,350.983,138.471,18.553,24.8299,350.983,138.471,18.553,24.8299,0,0.707094,nan,nan
74,14,112.092,138.162,23.6573,24.4923,112.092,138.162,23.6573,24.4922,0,0.646136,nan,nan
74,15,417.469,138.225,19.5245,25.2446,417.469,138.225,19.5245,25.2446,0,0.65787,nan,nan
74,16,154.437,138.986,25.5856,23.3467,154.437,138.986,25.5856,23.3467,0,0.623218,nan,nan
74,17,707.169,139.062,19.5467,23.6989,707.169,139.062,19.5466,23.6989,0,0.630479,nan,nan
74,18,629.306,139.121,23.3386,22.3223,629.306,139.121,23.3386,22.3223,0,0.580575,nan,nan
74,19,649.853,139.061,22.0236,22.6165,649.853,139.061,22.0236,22.6165,0,0.575516,nan,nan
74,20,68.8429,844.664,137.674,204.856,68.8429,844.664,137.674,204.855,0,0.563072,nan,nan
74,21,231.997,138.858,18.3716,24.7679,231.997,138.858,18.3716,24.7679,0,0.507559,nan,nan
74,22,846.158,137.391,24.7325,25.9919,846.158,137.391,24.7324,25.9919,0,0.460931,nan,nan
74,23,216.328,138.59,16.9601,24.359,216.328,138.59,16.9601,24.359,0,0.460313,nan,nan
74,24,770.438,138.634,22.873,23.4034,770.438,138.634,22.873,23.4034,0,0.446266,nan,nan
74,25,391.839,137.613,16.7731,27.1357,391.839,137.613,16.7731,27.1357,0,0.381093,nan,nan
74,26,468.995,135.827,21.0928,32.8274,468.995,135.827,21.0928,32.8274,0,0.363739,nan,nan
74,27,441.07,136.68,18.3766,28.4897,441.07,136.68,18.3766,28.4897,0,0.348921,nan,nan
74,28,571.344,139.039,19.537,26.0048,571.344,139.039,19.5371,26.0048,0,0.35002,nan,nan
74,30,61.9445,135.344,25.661,29.4949,61.9445,135.344,25.661,29.4949,0,0.295267,nan,nan
74,31,1716.16,659.637,471.8,343.972,1716.16,659.637,471.8,343.972,0,0.851334,424.99,345.727
74,45,39.2727,1121.86,76.0235,194.768,39.2727,1121.86,76.0235,194.768,0,0.398143,nan,nan
75,1,106.567,545.373,207.324,232.04,106.567,545.373,207.324,232.04,0,0.842911,nan,nan
75,2,274.1,138.727,19.6232,23.9025,274.1,138.727,19.6232,23.9025,0,0.783621,nan,nan
75,3,525.584,140.225,19.2339,27.3445,525.584,140.225,19.2339,27.3445,0,0.777327,nan,nan
75,4,547.928,139.397,22.3193,25.1154,547.928,139.397,22.3193,25.1154,0,0.761721,nan,nan
75,5,254.629,138.928,21.5986,23.8878,254.629,138.928,21.5986,23.8878,0,0.753009,nan,nan
75,6,503.975,139.505,21.8998,26.0084,503.975,139.505,21.8998,26.0084,0,0.756473,nan,nan
75,7,195.014,138.707,22.6182,23.4125,195.014,138.707,22.6182,23.4125,0,0.72794,nan,nan
75,8,372.051,138.307,21.8094,24.8836,372.051,138.307,21.8093,24.8836,0,0.735898,nan,nan
75,9,328.467,137.889,22.4488,24.916,328.467,137.889,22.4487,24.916,0,0.729614,nan,nan
75,10,738.227,139.106,21.3822,23.2277,738.227,139.106,21.3822,23.2278,0,0.724536,nan,nan
75,11,295.913,138.115,19.8885,25.4466,295.913,138.115,19.8885,25.4466,0,0.725585,nan,nan
75,12,596.345,138.401,25.7437,24.9423,596.345,138.401,25.7437,24.9424,0,0.72327,nan,nan
75,13,350.978,138.47,18.5521,24.8264,350.978,138.47,18.5521,24.8264,0,0.7072,nan,nan
75,14,112.084,138.158,23.6527,24.5014,112.084,138.158,23.6527,24.5015,0,0.646604,nan,nan
75,15,417.465,138.223,19.5218,25.2385,417.465,138.223,19.5219,25.2386,0,0.658969,nan,nan
75,16,154.436,138.983,25.5902,23.3475,154.436,138.983,25.5902,23.3475,0,0.623443,nan,nan
75,17,707.166,139.061,19.5448,23.6972,707.166,139.061,19.5448,23.6972,0,0.630553,nan,nan
75,18,629.297,139.118,23.3274,22.3195,629.297,139.118,23.3274,22.3195,0,0.581287,nan,nan
75,19,649.853,139.059,22.0068,22.6146,649.853,139.059,22.0068,22.6146,0,0.5762,nan,nan
75,20,68.9307,844.727,137.861,204.721,68.9307,844.727,137.861,204.721,0,0.565679,nan,nan
75,21,231.989,138.856,18.3759,24.7663,231.989,138.856,18.3759,24.7663,0,0.507748,nan,nan
75,22,846.154,137.387,24.7343,25.9949,846.154,137.387,24.7344,25.9949,0,0.460903,nan,nan
75,23,216.324,138.588,16.9648,24.3564,216.324,138.588,16.9648,24.3564,0,0.460457,nan,nan
75,24,770.434,138.631,22.8716,23.4034,770.434,138.631,22.8716,23.4034,0,0.446577,nan,nan
75,25,391.835,137.611,16.7741,27.1302,391.835,137.611,16.7741,27.1302,0,0.382111,nan,nan
75,26,468.988,135.823,21.0883,32.8275,468.988,135.823,21.0883,32.8275,0,0.365122,nan,nan
75,27,441.063,136.679,18.3759,28.483,441.063,136.679,18.3759,28.483,0,0.350757,nan,nan
75,28,571.335,139.039,19.5352,25.9992,571.335,139.039,19.5352,25.9992,0,0.35142,nan,nan
75,30,61.9431,135.342,25.6598,29.4949,61.9431,135.342,25.6598,29.4949,0,0.295026,nan,nan
75,31,1709.26,658.202,470.544,349.25,1709.26,658.202,470.544,349.25,0,0.850701,424.99,345.727
75,45,39.2391,1121.74,76.0866,195.111,39.2391,1121.74,76.0866,195.111,0,0.395615,nan,nan
76,1,106.671,545.476,207.517,232.112,106.671,545.476,207.517,232.112,0,0.845709,nan,nan
76,2,274.108,138.733,19.6189,23.9113,274.108,138.733,19.6189,23.9113,0,0.784139,nan,nan
76,3,525.589,140.23,19.2328,27.3446,525.589,140.23,19.2328,27.3446,0,0.777275,nan,nan
76,4,547.935,139.403,22.3212,25.1124,547.935,139.403,22.3212,25.1124,0,0.761559,nan,nan
76,5,254.633,138.932,21.5894,23.8934,254.633,138.932,21.5894,23.8934,0,0.753601,nan,nan
76,6,503.98,139.508,21.8965,26.0079,503.98,139.508,21.8965,26.0079,0,0.756445,nan,nan
76,7,195.025,138.713,22.6162,23.4057,195.025,138.713,22.6162,23.4057,0,0.728474,nan,nan
76,8,372.06,138.311,21.8116,24.8863,372.06,138.311,21.8116,24.8863,0,0.736537,nan,nan
76,9,328.47,137.895,22.4477,24.9168,328.47,137.895,22.4477,24.9168,0,0.729891,nan,nan
76,10,738.234,139.108,21.3785,23.2284,738.234,139.108,21.3784,23.2284,0,0.725518,nan,nan
76,11,295.918,138.121,19.8847,25.4488,295.918,138.121,19.8847,25.4488,0,0.726209,nan,nan
76,12,596.355,138.408,25.7345,24.9437,596.355,138.408,25.7345,24.9437,0,0.722979,nan,nan
76,13,350.985,138.475,18.554,24.8252,350.985,138.475,18.554,24.8252,0,0.707451,nan,nan
76,14,112.091,138.163,23.6425,24.5005,112.091,138.163,23.6425,24.5005,0,0.647668,nan,nan
76,15,417.472,138.226,19.5213,25.2403,417.472,138.226,19.5213,25.2403,0,0.658528,nan,nan
76,16,154.441,138.988,25.5827,23.3503,154.441,138.988,25.5827,23.3503,0,0.623911,nan,nan
76,17,707.173,139.063,19.5446,23.6976,707.173,139.063,19.5446,23.6976,0,0.631045,nan,nan
76,18,629.293,139.123,23.3058,22.3175,629.293,139.123,23.3059,22.3175,0,0.584851,nan,nan
76,19,649.867,139.063,21.976,22.6127,649.867,139.063,21.9761,22.6127,0,0.582185,nan,nan
76,20,69.01,844.824,138.011,204.651,69.01,844.824,138.011,204.651,0,0.557275,nan,nan
76,21,231.994,138.863,18.3998,24.7569,231.994,138.863,18.3998,24.7569,0,0.510094,nan,nan
76,22,846.16,137.385,24.7307,26.0044,846.16,137.385,24.7307,26.0045,0,0.463771,nan,nan
76,23,216.329,138.598,16.9682,24.3461,216.329,138.598,16.9683,24.3461,0,0.46111,nan,nan
76,24,770.439,138.633,22.869,23.4056,770.439,138.633,22.8689,23.4056,0,0.44753,nan,nan
76,25,391.845,137.614,16.7823,27.1247,391.845,137.614,16.7823,27.1247,0,0.382316,nan,nan
76,26,469,135.828,21.0953,32.8323,469,135.828,21.0953,32.8323,0,0.365289,nan,nan
76,27,441.071,136.684,18.3732,28.4868,441.071,136.684,18.3732,28.4868,0,0.350569,nan,nan
76,28,571.341,139.047,19.5376,25.9982,571.341,139.047,19.5376,25.9982,0,0.35078,nan,nan
76,30,61.9483,135.347,25.6451,29.4971,61.9483,135.347,25.6451,29.4971,0,0.296147,nan,nan
76,31,1686.38,654.854,460.875,362.989,1686.38,654.854,460.875,362.989,0,0.872292,424.99,345.727
76,45,39.2849,1121.71,76.1293,194.97,39.2849,1121.71,76.1293,194.97,0,0.410795,nan,nan
77,1,106.702,545.506,207.602,232.143,106.702,545.506,207.602,232.143,0,0.84543,nan,nan
77,2,274.105,138.728,19.61,23.9208,274.105,138.728,19.61,23.9207,0,0.784145,nan,nan
77,3,525.581,140.228,19.2329,27.347,525.581,140.228,19.2329,27.347,0,0.777449,nan,nan
77,4,547.926,139.399,22.3165,25.109,547.926,139.399,22.3164,25.109,0,0.761302,nan,nan
77,5,254.625,138.928,21.5831,23.9018,254.625,138.928,21.5831,23.9018,0,0.753887,nan,nan
77,6,503.973,139.504,21.8978,26.0101,503.973,139.504,21.8978,26.0101,0,0.756362,nan,nan
77,7,195.019,138.709,22.6107,23.4143,195.019,138.709,22.6107,23.4143,0,0.72882,nan,nan
77,8,372.053,138.305,21.809,24.8909,372.053,138.305,21.809,24.8909,0,0.737096,nan,nan
77,9,328.463,137.89,22.4431,24.9196,328.463,137.89,22.4431,24.9196,0,0.730121,nan,nan
77,10,738.228,139.103,21.3766,23.2285,738.228,139.103,21.3767,23.2285,0,0.72555,nan,nan
77,11,295.91,138.116,19.8812,25.4561,295.91,138.116,19.8812,25.4561,0,0.726087,nan,nan
77,12,596.354,138.405,25.7148,24.9427,596.354,138.405,25.7148,24.9427,0,0.722928,nan,nan
77,13,350.978,138.469,18.5551,24.8301,350.978,138.469,18.5551,24.8301,0,0.707986,nan,nan
77,14,112.082,138.157,23.6392,24.5108,112.082,138.157,23.6392,24.5108,0,0.648126,nan,nan
77,15,417.464,138.221,19.5189,25.2441,417.464,138.221,19.5189,25.2441,0,0.659506,nan,nan
77,16,154.434,138.984,25.5813,23.3597,154.434,138.984,25.5814,23.3597,0,0.624369,nan,nan
77,17,707.168,139.059,19.5435,23.6972,707.168,139.059,19.5435,23.6972,0,0.630768,nan,nan
77,18,629.283,139.119,23.2969,22.3174,629.283,139.119,23.2969,22.3174,0,0.584863,nan,nan
77,19,649.864,139.059,21.9625,22.6122,649.864,139.059,21.9625,22.6122,0,0.581582,nan,nan
77,20,69.015,844.871,138.03,204.672,69.015,844.871,138.03,204.672,0,0.56087,nan,nan
77,21,231.988,138.859,18.3997,24.7646,231.988,138.859,18.3997,24.7646,0,0.509889,nan,nan
77,22,846.154,137.378,24.7319,26.0092,846.154,137.378,24.7319,26.0092,0,0.463516,nan,nan
77,23,216.325,138.593,16.9722,24.3562,216.325,138.593,16.9722,24.3562,0,0.461791,nan,nan
77,24,770.432,138.627,22.8675,23.4054,770.432,138.627,22.8674,23.4054,0,0.447859,nan,nan
77,25,391.839,137.606,16.7831,27.1329,391.839,137.606,16.7831,27.1329,0,0.384326,nan,nan
77,26,468.991,135.823,21.0867,32.8372,468.991,135.823,21.0867,32.8372,0,0.368061,nan,nan
77,27,441.062,136.679,18.3709,28.4909,441.062,136.679,18.3708,28.4909,0,0.35301,nan,nan
77,28,571.331,139.043,19.5247,25.9982,571.331,139.043,19.5247,25.9982,0,0.352066,nan,nan
77,30,61.9432,135.342,25.6426,29.5024,61.9432,135.342,25.6426,29.5023,0,0.297649,nan,nan
77,31,1678.34,653.631,457.263,368.147,1678.34,653.631,457.263,368.147,0,0.87273,424.99,345.727
77,45,39.2847,1121.66,76.1494,194.986,39.2847,1121.66,76.1494,194.986,0,0.408709,nan,nan
78,1,106.705,545.517,207.607,232.145,106.705,545.517,207.607,232.145,0,0.846245,nan,nan
78,2,274.104,138.73,19.6096,23.9211,274.104,138.73,19.6096,23.9211,0,0.783658,nan,nan
78,3,525.579,140.226,19.2328,27.3446,525.579,140.226,19.2328,27.3446,0,0.777472,nan,nan
78,4,547.924,139.398,22.3165,25.1086,547.924,139.398,22.3164,25.1086,0,0.761363,nan,nan
78,5,254.622,138.929,21.5827,23.903,254.622,138.929,21.5827,23.903,0,0.753149,nan,nan
78,6,503.971,139.503,21.8972,26.0099,503.971,139.503,21.8972,26.0099,0,0.756377,nan,nan
78,7,195.016,138.71,22.6162,23.4091,195.016,138.71,22.6162,23.4091,0,0.727943,nan,nan
78,8,372.051,138.305,21.8101,24.8874,372.051,138.305,21.8101,24.8874,0,0.736263,nan,nan
78,9,328.459,137.891,22.446,24.9174,328.459,137.891,22.446,24.9174,0,0.729022,nan,nan
78,10,738.227,139.1,21.3757,23.2276,738.227,139.1,21.3757,23.2276,0,0.726104,nan,nan
78,11,295.906,138.118,19.8817,25.452,295.906,138.118,19.8817,25.452,0,0.72527,nan,nan
78,12,596.351,138.405,25.7139,24.9454,596.351,138.405,25.7139,24.9454,0,0.723037,nan,nan
78,13,350.976,138.471,18.556,24.8244,350.976,138.471,18.556,24.8244,0,0.707146,nan,nan
78,14,112.08,138.158,23.6426,24.5081,112.08,138.158,23.6426,24.5081,0,0.64664,nan,nan
78,15,417.464,138.219,19.5204,25.2418,417.464,138.219,19.5204,25.2418,0,0.658249,nan,nan
78,16,154.433,138.986,25.5858,23.3584,154.433,138.986,25.5858,23.3584,0,0.622663,nan,nan
78,17,707.165,139.056,19.5457,23.6972,707.165,139.056,19.5457,23.6972,0,0.631513,nan,nan
78,18,629.28,139.118,23.2935,22.3173,629.28,139.118,23.2935,22.3173,0,0.585478,nan,nan
78,19,649.864,139.058,21.9553,22.6114,649.864,139.058,21.9553,22.6114,0,0.582498,nan,nan
78,20,69.0186,844.853,138.037,204.76,69.0186,844.853,138.037,204.76,0,0.561309,nan,nan
78,21,231.994,138.862,18.4095,24.7625,231.994,138.862,18.4095,24.7625,0,0.50945,nan,nan
78,22,846.152,137.373,24.7322,26.0142,846.152,137.373,24.7322,26.0142,0,0.46556,nan,nan
78,23,216.322,138.595,16.9817,24.3507,216.322,138.595,16.9818,24.3507,0,0.460712,nan,nan
78,24,770.43,138.625,22.8674,23.4059,770.43,138.625,22.8674,23.4059,0,0.448237,nan,nan
78,25,391.836,137.607,16.7839,27.1237,391.836,137.607,16.7839,27.1237,0,0.381752,nan,nan
78,26,468.987,135.822,21.0874,32.8375,468.987,135.822,21.0874,32.8375,0,0.36731,nan,nan
78,27,441.065,136.678,18.376,28.4919,441.065,136.678,18.376,28.4919,0,0.351808,nan,nan
78,28,571.325,139.043,19.5222,25.9973,571.325,139.043,19.5222,25.9973,0,0.352249,nan,nan
78,30,61.9397,135.342,25.6362,29.5001,61.9397,135.342,25.6362,29.5001,0,0.296182,nan,nan
78,31,1675.89,653.292,456.059,369.918,1675.89,653.292,456.059,369.918,0,0.872046,424.99,345.727
78,45,39.2999,1121.68,76.1665,194.98,39.2999,1121.68,76.1665,194.979,0,0.407015,nan,nan
79,1,106.841,545.431,207.917,232.193,106.841,545.431,207.917,232.193,0,0.842706,nan,nan
79,2,274.118,138.732,19.5917,23.9387,274.118,138.732,19.5917,23.9387,0,0.783242,nan,nan
79,3,525.589,140.23,19.2319,27.3408,525.589,140.23,19.2319,27.3408,0,0.776794,nan,nan
79,4,547.933,139.402,22.3173,25.1005,547.933,139.402,22.3174,25.1005,0,0.759739,nan,nan
79,5,254.629,138.935,21.5696,23.9251,254.629,138.935,21.5696,23.9251,0,0.753302,nan,nan
79,6,503.982,139.505,21.895,26.008,503.982,139.505,21.895,26.0081,0,0.755355,nan,nan
79,7,195.023,138.715,22.5911,23.4219,195.023,138.715,22.5911,23.4219,0,0.72882,nan,nan
79,8,372.064,138.305,21.7957,24.8889,372.064,138.305,21.7957,24.8889,0,0.735783,nan,nan
79,9,328.469,137.892,22.434,24.9135,328.469,137.892,22.434,24.9135,0,0.729157,nan,nan
79,10,738.237,139.101,21.3765,23.2303,738.237,139.101,21.3765,23.2303,0,0.725061,nan,nan
79,11,295.918,138.12,19.8724,25.4645,295.918,138.12,19.8724,25.4645,0,0.725051,nan,nan
79,12,596.359,138.407,25.7224,24.9401,596.359,138.407,25.7224,24.9401,0,0.721535,nan,nan
79,13,350.989,138.472,18.5488,24.8229,350.989,138.472,18.5488,24.8229,0,0.707269,nan,nan
79,14,112.092,138.163,23.6125,24.4913,112.092,138.163,23.6125,24.4913,0,0.646469,nan,nan
79,15,417.473,138.221,19.5134,25.2435,417.473,138.221,19.5134,25.2435,0,0.656716,nan,nan
79,16,154.433,138.99,25.5534,23.3671,154.433,138.99,25.5534,23.3671,0,0.621822,nan,nan
79,17,707.176,139.058,19.5468,23.6987,707.176,139.058,19.5468,23.6987,0,0.630494,nan,nan
79,18,629.29,139.12,23.2947,22.3203,629.29,139.12,23.2947,22.3203,0,0.584921,nan,nan
79,19,649.871,139.06,21.9525,22.6138,649.871,139.06,21.9524,22.6138,0,0.580751,nan,nan
79,20,69.0581,844.437,138.103,204.703,69.0581,844.437,138.103,204.703,0,0.56611,nan,nan
79,21,231.995,138.872,18.3918,24.7893,231.995,138.872,18.3918,24.7893,0,0.507534,nan,nan
79,22,846.163,137.37,24.7324,26.0299,846.163,137.37,24.7324,26.0299,0,0.464745,nan,nan
79,23,216.345,138.6,16.9848,24.369,216.345,138.6,16.9849,24.369,0,0.459228,nan,nan
79,24,770.438,138.625,22.8666,23.4113,770.438,138.625,22.8667,23.4113,0,0.448622,nan,nan
79,25,391.848,137.608,16.7747,27.1302,391.848,137.608,16.7747,27.1302,0,0.381628,nan,nan
79,26,468.983,135.821,21.0724,32.8489,468.983,135.821,21.0724,32.8489,0,0.365125,nan,nan
79,27,441.066,136.679,18.3634,28.4931,441.066,136.679,18.3634,28.4931,0,0.350462,nan,nan
79,28,571.339,139.047,19.5266,25.984,571.339,139.047,19.5266,25.984,0,0.347285,nan,nan
79,30,61.9534,135.339,25.6419,29.4953,61.9534,135.339,25.6419,29.4953,0,0.298679,nan,nan
79,31,1655.67,650.252,447.759,384.613,1655.67,650.252,447.759,384.613,0,0.721746,424.99,345.727
79,45,39.3292,1121.56,76.2482,195.063,39.3292,1121.56,76.2482,195.063,0,0.418314,nan,nan
80,1,106.866,545.4,208.012,232.207,106.866,545.4,208.012,232.207,0,0.84311,nan,nan
80,2,274.11,138.733,19.5837,23.9448,274.11,138.733,19.5837,23.9448,0,0.783538,nan,nan
80,3,525.58,140.228,19.232,27.3349,525.58,140.228,19.2319,27.3348,0,0.777017,nan,nan
80,4,547.925,139.402,22.3197,25.0973,547.925,139.402,22.3197,25.0973,0,0.759977,nan,nan
80,5,254.617,138.936,21.5622,23.932,254.617,138.936,21.5622,23.932,0,0.75351,nan,nan
80,6,503.974,139.504,21.8933,26.0045,503.974,139.504,21.8933,26.0045,0,0.755697,nan,nan
80,7,195.014,138.716,22.582,23.423,195.014,138.716,22.582,23.423,0,0.728524,nan,nan
80,8,372.056,138.306,21.7927,24.8889,372.056,138.306,21.7927,24.8889,0,0.735978,nan,nan
80,9,328.46,137.893,22.4309,24.9145,328.46,137.893,22.4309,24.9146,0,0.729547,nan,nan
80,10,738.229,139.099,21.3769,23.2294,738.229,139.099,21.377,23.2294,0,0.725316,nan,nan
80,11,295.909,138.121,19.8688,25.4688,295.909,138.121,19.8688,25.4688,0,0.725492,nan,nan
80,12,596.349,138.407,25.7277,24.9389,596.349,138.407,25.7278,24.9389,0,0.721742,nan,nan
80,13,350.981,138.473,18.5465,24.822,350.981,138.473,18.5465,24.822,0,0.707379,nan,nan
80,14,112.082,138.165,23.6012,24.4847,112.082,138.165,23.6012,24.4847,0,0.647568,nan,nan
80,15,417.464,138.221,19.5125,25.2408,417.464,138.221,19.5125,25.2408,0,0.656291,nan,nan
80,16,154.419,138.99,25.539,23.3701,154.419,138.99,25.539,23.3701,0,0.621719,nan,nan
80,17,707.167,139.057,19.5483,23.6978,707.167,139.057,19.5483,23.6978,0,0.630928,nan,nan
80,18,629.281,139.119,23.2938,22.3197,629.281,139.119,23.2938,22.3197,0,0.58532,nan,nan
80,19,649.863,139.059,21.9518,22.6129,649.863,139.059,21.9519,22.6129,0,0.581551,nan,nan
80,20,69.0584,844.115,138.117,204.864,69.0584,844.115,138.117,204.864,0,0.563385,nan,nan
80,21,231.98,138.874,18.3867,24.7978,231.98,138.874,18.3867,24.7978,0,0.507688,nan,nan
80,22,846.156,137.367,24.7347,26.0343,846.156,137.367,24.7346,26.0343,0,0.464072,nan,nan
80,23,216.339,138.602,16.9791,24.3709,216.339,138.602,16.9791,24.3709,0,0.458591,nan,nan
80,24,770.43,138.624,22.8676,23.4123,770.43,138.624,22.8676,23.4123,0,0.447881,nan,nan
80,25,391.84,137.609,16.7724,27.1272,391.84,137.609,16.7723,27.1272,0,0.381327,nan,nan
80,26,468.97,135.82,21.0706,32.8493,468.97,135.82,21.0706,32.8494,0,0.363899,nan,nan
80,27,441.055,136.68,18.3595,28.4896,441.055,136.68,18.3595,28.4897,0,0.349108,nan,nan
80,28,571.336,139.048,19.5335,25.9777,571.336,139.048,19.5334,25.9777,0,0.347072,nan,nan
80,30,61.9428,135.338,25.6363,29.4943,61.9428,135.338,25.6363,29.4943,0,0.299793,nan,nan
80,31,1648.61,649.137,444.721,390.127,1648.61,649.137,444.721,390.127,0,0.714075,424.99,345.727
80,45,39.3238,1121.54,76.2811,195.082,39.3238,1121.54,76.2811,195.082,0,0.422592,nan,nan
81,1,106.918,545.419,208.141,232.167,106.918,545.419,208.141,232.167,0,0.843071,nan,nan
81,2,274.11,138.731,19.5795,23.9413,274.11,138.731,19.5795,23.9413,0,0.783574,nan,nan
81,3,525.578,140.229,19.2303,27.3339,525.578,140.229,19.2303,27.3339,0,0.77704,nan,nan
81,4,547.922,139.403,22.3181,25.0958,547.922,139.403,22.3181,25.0958,0,0.759875,nan,nan
81,5,254.617,138.935,21.5605,23.9261,254.617,138.935,21.5605,23.9261,0,0.753926,nan,nan
81,6,503.971,139.504,21.89,26.0009,503.971,139.504,21.89,26.0009,0,0.755605,nan,nan
81,7,195.012,138.715,22.5664,23.4237,195.012,138.715,22.5664,23.4237,0,0.729272,nan,nan
81,8,372.054,138.305,21.7821,24.8847,372.054,138.305,21.7821,24.8847,0,0.735456,nan,nan
81,9,328.459,137.893,22.425,24.908,328.459,137.893,22.4249,24.908,0,0.729187,nan,nan
81,10,738.227,139.099,21.3774,23.2316,738.227,139.099,21.3774,23.2316,0,0.724959,nan,nan
81,11,295.907,138.121,19.8647,25.4652,295.907,138.121,19.8646,25.4652,0,0.725144,nan,nan
81,12,596.347,138.407,25.7306,24.9385,596.347,138.407,25.7306,24.9385,0,0.721363,nan,nan
81,13,350.98,138.473,18.5446,24.8176,350.98,138.473,18.5446,24.8176,0,0.7072,nan,nan
81,14,112.081,138.167,23.5895,24.482,112.081,138.167,23.5895,24.482,0,0.646657,nan,nan
81,15,417.461,138.222,19.5054,25.2323,417.461,138.222,19.5054,25.2323,0,0.655544,nan,nan
81,16,154.411,138.99,25.5244,23.3652,154.411,138.99,25.5244,23.3652,0,0.62203,nan,nan
81,17,707.166,139.056,19.5499,23.6994,707.166,139.056,19.5499,23.6994,0,0.630339,nan,nan
81,18,629.28,139.119,23.2964,22.3213,629.28,139.119,23.2964,22.3213,0,0.58471,nan,nan
81,19,649.86,139.058,21.9541,22.6148,649.86,139.058,21.9541,22.6148,0,0.580605,nan,nan
81,20,69.1069,844.286,138.214,204.519,69.1069,844.286,138.214,204.519,0,0.555421,nan,nan
81,21,231.979,138.872,18.3742,24.7911,231.979,138.872,18.3742,24.7911,0,0.507955,nan,nan
81,22,846.156,137.366,24.7345,26.0382,846.156,137.366,24.7345,26.0381,0,0.464532,nan,nan
81,23,216.333,138.6,16.9721,24.3729,216.333,138.6,16.9721,24.3729,0,0.460747,nan,nan
81,24,770.428,138.623,22.8674,23.4148,770.428,138.623,22.8674,23.4148,0,0.448063,nan,nan
81,25,391.838,137.61,16.7643,27.1254,391.838,137.61,16.7643,27.1254,0,0.381047,nan,nan
81,26,468.962,135.817,21.0639,32.8511,468.962,135.817,21.0638,32.851,0,0.362257,nan,nan
81,27,441.042,136.681,18.3471,28.4779,441.042,136.681,18.3472,28.4779,0,0.348077,nan,nan
81,28,571.333,139.049,19.5284,25.9767,571.333,139.049,19.5284,25.9767,0,0.34715,nan,nan
81,30,61.9399,135.334,25.6333,29.4949,61.9399,135.334,25.6333,29.4949,0,0.298044,nan,nan
81,31,1628.93,647.442,437.101,399.99,1628.93,647.442,437.101,399.99,0,0.767375,424.99,345.727
81,45,39.2988,1121.3,76.2445,195.55,39.2988,1121.3,76.2445,195.55,0,0.417909,nan,nan
82,1,106.941,545.436,208.186,232.152,106.941,545.436,208.186,232.152,0,0.843914,nan,nan
82,2,274.107,138.732,19.5856,23.9377,274.107,138.732,19.5856,23.9377,0,0.783338,nan,nan
82,3,525.577,140.228,19.2293,27.3232,525.577,140.228,19.2292,27.3232,0,0.777147,nan,nan
82,4,547.922,139.403,22.3199,25.0889,547.922,139.403,22.3198,25.0889,0,0.759951,nan,nan
82,5,254.616,138.935,21.5674,23.9236,254.616,138.935,21.5674,23.9236,0,0.753465,nan,nan
82,6,503.969,139.505,21.8881,25.9958,503.969,139.505,21.8881,25.9958,0,0.755893,nan,nan
82,7,195.01,138.715,22.5736,23.4252,195.01,138.715,22.5736,23.4252,0,0.728522,nan,nan
82,8,372.053,138.305,21.787,24.8839,372.053,138.305,21.787,24.8839,0,0.735108,nan,nan
82,9,328.458,137.892,22.4297,24.9099,328.458,137.892,22.4297,24.9099,0,0.728946,nan,nan
82,10,738.225,139.099,21.3795,23.2305,738.225,139.099,21.3794,23.2305,0,0.724838,nan,nan
82,11,295.906,138.122,19.868,25.462,295.906,138.122,19.868,25.462,0,0.724709,nan,nan
82,12,596.343,138.407,25.7361,24.9353,596.343,138.407,25.7361,24.9353,0,0.721183,nan,nan
82,13,350.98,138.472,18.5464,24.8176,350.98,138.472,18.5464,24.8176,0,0.706662,nan,nan
82,14,112.082,138.164,23.5954,24.4884,112.082,138.164,23.5954,24.4884,0,0.64609,nan,nan
82,15,417.461,138.223,19.5086,25.2283,417.461,138.223,19.5087,25.2283,0,0.655221,nan,nan
82,16,154.411,138.99,25.5315,23.3671,154.411,138.99,25.5315,23.3672,0,0.62133,nan,nan
82,17,707.165,139.057,19.5513,23.698,707.165,139.057,19.5513,23.698,0,0.630306,nan,nan
82,18,629.279,139.119,23.3018,22.3196,629.279,139.119,23.3018,22.3196,0,0.584058,nan,nan
82,19,649.856,139.059,21.9606,22.6138,649.856,139.059,21.9607,22.6138,0,0.579909,nan,nan
82,20,69.1304,844.276,138.261,204.364,69.1304,844.276,138.261,204.364,0,0.554579,nan,nan
82,21,231.973,138.872,18.3799,24.7908,231.973,138.872,18.3799,24.7908,0,0.507052,nan,nan
82,22,846.154,137.364,24.7376,26.0409,846.154,137.364,24.7375,26.0409,0,0.463783,nan,nan
82,23,216.337,138.601,16.9753,24.371,216.337,138.601,16.9753,24.371,0,0.458396,nan,nan
82,24,770.429,138.624,22.8723,23.4153,770.429,138.624,22.8723,23.4153,0,0.447502,nan,nan
82,25,391.838,137.611,16.7676,27.1186,391.838,137.611,16.7676,27.1186,0,0.379843,nan,nan
82,26,468.959,135.818,21.0702,32.8482,468.959,135.818,21.0702,32.8482,0,0.360865,nan,nan
82,27,441.039,136.684,18.3487,28.473,441.039,136.684,18.3487,28.473,0,0.347037,nan,nan
82,28,571.333,139.052,19.5345,25.9678,571.333,139.052,19.5345,25.9678,0,0.346591,nan,nan
82,30,61.939,135.334,25.6286,29.494,61.939,135.334,25.6286,29.494,0,0.299172,nan,nan
82,31,1622.1,646.906,434.369,403.535,1622.1,646.906,434.369,403.535,0,0.771783,424.99,345.727
82,45,39.2704,1121.32,76.1906,195.558,39.2704,1121.32,76.1906,195.558,0,0.424743,nan,nan
83,1,106.896,545.381,208.121,232.177,106.896,545.381,208.121,232.177,0,0.842728,nan,nan
83,2,274.113,138.739,19.5659,23.9333,274.113,138.739,19.5659,23.9333,0,0.783484,nan,nan
83,3,525.581,140.228,19.2285,27.3359,525.581,140.228,19.2285,27.3359,0,0.776883,nan,nan
83,4,547.923,139.4,22.3151,25.1066,547.923,139.4,22.3152,25.1066,0,0.760342,nan,nan
83,5,254.612,138.94,21.5456,23.9159,254.612,138.94,21.5456,23.9159,0,0.753192,nan,nan
83,6,503.976,139.506,21.8886,26.0043,503.976,139.506,21.8885,26.0043,0,0.755536,nan,nan
83,7,195.008,138.723,22.5188,23.379,195.008,138.723,22.5188,23.379,0,0.728495,nan,nan
83,8,372.052,138.311,21.765,24.886,372.052,138.311,21.765,24.886,0,0.733411,nan,nan
83,9,328.461,137.9,22.4126,24.8919,328.461,137.9,22.4126,24.8919,0,0.72824,nan,nan
83,10,738.224,139.104,21.3823,23.2288,738.224,139.104,21.3823,23.2288,0,0.722541,nan,nan
83,11,295.904,138.132,19.8619,25.4422,295.904,138.132,19.8619,25.4422,0,0.723577,nan,nan
83,12,596.343,138.402,25.7328,24.9435,596.343,138.402,25.7329,24.9435,0,0.721447,nan,nan
83,13,350.982,138.479,18.5388,24.8183,350.982,138.479,18.5388,24.8183,0,0.706734,nan,nan
83,14,112.088,138.184,23.5784,24.4424,112.088,138.184,23.5784,24.4424,0,0.641851,nan,nan
83,15,417.466,138.227,19.5029,25.2497,417.466,138.227,19.5029,25.2497,0,0.654991,nan,nan
83,16,154.41,139.003,25.5091,23.3245,154.41,139.003,25.5091,23.3245,0,0.619433,nan,nan
83,17,707.161,139.062,19.5502,23.6955,707.161,139.062,19.5502,23.6955,0,0.626107,nan,nan
83,18,629.288,139.118,23.3093,22.3205,629.288,139.118,23.3093,22.3205,0,0.580476,nan,nan
83,19,649.857,139.058,21.992,22.6103,649.857,139.058,21.9919,22.6103,0,0.575067,nan,nan
83,20,69.0695,844.362,138.139,204.31,69.0695,844.362,138.139,204.31,0,0.540104,nan,nan
83,21,231.997,138.879,18.351,24.7741,231.997,138.879,18.351,24.7741,0,0.508168,nan,nan
83,22,846.153,137.375,24.7562,26.0499,846.153,137.375,24.7562,26.0499,0,0.457243,nan,nan
83,23,216.27,138.603,16.9455,24.3401,216.27,138.603,16.9455,24.3401,0,0.465234,nan,nan
83,24,770.434,138.631,22.8755,23.413,770.434,138.631,22.8755,23.413,0,0.445219,nan,nan
83,25,391.839,137.611,16.7572,27.1434,391.839,137.611,16.7572,27.1434,0,0.379582,nan,nan
83,26,468.951,135.826,21.0421,32.8674,468.951,135.826,21.0421,32.8674,0,0.361197,nan,nan
83,27,441.048,136.687,18.3267,28.5072,441.048,136.687,18.3267,28.5071,0,0.34665,nan,nan
83,28,571.341,139.044,19.5309,25.9895,571.341,139.044,19.5309,25.9895,0,0.349559,nan,nan
83,30,61.9254,135.34,25.641,29.4731,61.9254,135.34,25.641,29.4731,0,0.293526,nan,nan
83,31,1596.43,646.843,415.034,412.914,1596.43,646.843,415.034,412.914,0,0.65865,424.99,345.727
83,45,39.2726,1121.27,76.2527,196.022,39.2726,1121.27,76.2527,196.022,0,0.431289,nan,nan
84,1,106.856,545.34,208.048,232.217,106.856,545.34,208.048,232.217,0,0.84306,nan,nan
84,2,274.113,138.742,19.5598,23.9301,274.113,138.742,19.5598,23.9301,0,0.78333,nan,nan
84,3,525.58,140.227,19.2303,27.3378,525.58,140.227,19.2303,27.3378,0,0.776806,nan,nan
84,4,547.921,139.399,22.3147,25.1153,547.921,139.399,22.3147,25.1153,0,0.760108,nan,nan
84,5,254.606,138.943,21.5383,23.9134,254.606,138.943,21.5383,23.9134,0,0.752795,nan,nan
84,6,503.977,139.505,21.8906,26.0057,503.977,139.505,21.8906,26.0057,0,0.755491,nan,nan
84,7,195.004,138.725,22.4971,23.3586,195.004,138.725,22.4971,23.3586,0,0.728063,nan,nan
84,8,372.048,138.313,21.7604,24.8862,372.048,138.313,21.7604,24.8862,0,0.733401,nan,nan
84,9,328.459,137.903,22.4107,24.8892,328.459,137.903,22.4108,24.8892,0,0.728307,nan,nan
84,10,738.222,139.107,21.3824,23.2309,738.222,139.107,21.3824,23.2309,0,0.722394,nan,nan
84,11,295.901,138.134,19.8603,25.4344,295.901,138.134,19.8604,25.4344,0,0.723281,nan,nan
84,12,596.343,138.399,25.7316,24.9505,596.343,138.399,25.7317,24.9505,0,0.721348,nan,nan
84,13,350.982,138.48,18.5357,24.8192,350.982,138.48,18.5358,24.8192,0,0.706457,nan,nan
84,14,112.088,138.19,23.5733,24.4231,112.088,138.19,23.5733,24.4231,0,0.641974,nan,nan
84,15,417.466,138.226,19.503,25.2561,417.466,138.226,19.5031,25.2562,0,0.654907,nan,nan
84,16,154.412,139.006,25.5075,23.3062,154.412,139.006,25.5075,23.3062,0,0.618597,nan,nan
84,17,707.158,139.064,19.5482,23.6961,707.158,139.064,19.5481,23.6961,0,0.626274,nan,nan
84,18,629.29,139.116,23.3103,22.3232,629.29,139.116,23.3103,22.3232,0,0.580552,nan,nan
84,19,649.857,139.057,21.9982,22.6107,649.857,139.057,21.9982,22.6107,0,0.57518,nan,nan
84,20,69.0063,844.335,138.013,204.278,69.0063,844.335,138.013,204.278,0,0.548327,nan,nan
84,21,232,138.881,18.3423,24.7691,232,138.881,18.3423,24.7691,0,0.507128,nan,nan
84,22,846.153,137.38,24.7639,26.0507,846.153,137.38,24.7639,26.0507,0,0.456764,nan,nan
84,23,216.239,138.602,16.9384,24.3275,216.239,138.602,16.9384,24.3275,0,0.464938,nan,nan
84,24,770.435,138.634,22.8771,23.4121,770.435,138.634,22.8772,23.4121,0,0.445774,nan,nan
84,25,391.837,137.61,16.7543,27.1491,391.837,137.61,16.7543,27.1491,0,0.379116,nan,nan
84,26,468.952,135.829,21.0357,32.8708,468.952,135.829,21.0356,32.8708,0,0.361783,nan,nan
84,27,441.054,136.685,18.3224,28.5206,441.054,136.685,18.3224,28.5206,0,0.346676,nan,nan
84,28,571.345,139.039,19.5313,26.0029,571.345,139.039,19.5312,26.0029,0,0.348717,nan,nan
84,30,61.9191,135.344,25.6442,29.466,61.9191,135.344,25.6442,29.466,0,0.292689,nan,nan
84,31,1587.38,646.968,407.73,416.196,1587.38,646.968,407.73,416.196,0,0.654017,424.99,345.727
84,45,39.278,1121.27,76.3472,196.222,39.278,1121.27,76.3472,196.222,0,0.424917,nan,nan
85,1,106.854,545.351,208.045,232.173,106.854,545.351,208.045,232.173,0,0.84328,nan,nan
85,2,274.113,138.742,19.553,23.929,274.113,138.742,19.553,23.929,0,0.783976,nan,nan
85,3,525.579,140.228,19.2275,27.3518,525.579,140.228,19.2275,27.3518,0,0.777349,nan,nan
85,4,547.922,139.397,22.3082,25.1208,547.922,139.397,22.3082,25.1208,0,0.760943,nan,nan
85,5,254.606,138.943,21.5299,23.9107,254.606,138.943,21.5299,23.9107,0,0.753674,nan,nan
85,6,503.977,139.505,21.8853,26.0129,503.977,139.505,21.8853,26.0129,0,0.756098,nan,nan
85,7,195.005,138.726,22.4901,23.3482,195.005,138.726,22.4901,23.3482,0,0.728687,nan,nan
85,8,372.048,138.314,21.7492,24.882,372.048,138.314,21.7493,24.882,0,0.734164,nan,nan
85,9,328.459,137.904,22.4006,24.8754,328.459,137.904,22.4006,24.8754,0,0.728754,nan,nan
85,10,738.222,139.107,21.3792,23.2314,738.222,139.107,21.3792,23.2314,0,0.723233,nan,nan
85,11,295.899,138.136,19.8543,25.4283,295.899,138.136,19.8544,25.4283,0,0.724455,nan,nan
85,12,596.346,138.397,25.7158,24.9504,596.346,138.397,25.7158,24.9504,0,0.722368,nan,nan
85,13,350.981,138.482,18.5323,24.8142,350.981,138.482,18.5323,24.8141,0,0.707233,nan,nan
85,14,112.087,138.193,23.5696,24.4135,112.087,138.193,23.5696,24.4135,0,0.642591,nan,nan
85,15,417.465,138.229,19.4942,25.2511,417.465,138.229,19.4941,25.2511,0,0.656927,nan,nan
85,16,154.407,139.008,25.4947,23.2963,154.407,139.008,25.4948,23.2963,0,0.619597,nan,nan
85,17,707.158,139.063,19.5431,23.696,707.158,139.063,19.5431,23.696,0,0.627332,nan,nan
85,18,629.288,139.115,23.3073,22.3219,629.288,139.115,23.3074,22.3219,0,0.581632,nan,nan
85,19,649.858,139.056,21.9929,22.6087,649.858,139.056,21.9929,22.6087,0,0.576846,nan,nan
85,20,69.0654,844.46,138.131,204.138,69.0654,844.46,138.131,204.138,0,0.542607,nan,nan
85,21,232.005,138.884,18.3341,24.7599,232.005,138.884,18.3341,24.7599,0,0.509576,nan,nan
85,22,846.152,137.381,24.7654,26.055,846.152,137.381,24.7654,26.055,0,0.457811,nan,nan
85,23,216.227,138.604,16.9268,24.3176,216.227,138.604,16.9268,24.3176,0,0.465854,nan,nan
85,24,770.434,138.634,22.8718,23.4131,770.434,138.634,22.8718,23.4131,0,0.447003,nan,nan
85,25,391.839,137.612,16.7509,27.1489,391.839,137.612,16.7509,27.1489,0,0.382558,nan,nan
85,26,468.948,135.827,21.024,32.8746,468.948,135.827,21.024,32.8746,0,0.362996,nan,nan
85,27,441.045,136.689,18.3096,28.5148,441.045,136.689,18.3096,28.5148,0,0.349633,nan,nan
85,28,571.342,139.037,19.5197,26.0074,571.342,139.037,19.5198,26.0074,0,0.351329,nan,nan
85,30,61.9186,135.343,25.6454,29.4614,61.9186,135.343,25.6454,29.4614,0,0.294171,nan,nan
85,31,1586.08,646.735,408.663,415.373,1586.08,646.735,408.663,415.373,0,0.653795,424.99,345.727
85,45,39.2671,1121.32,76.3081,196.167,39.2671,1121.32,76.3081,196.167,0,0.431019,nan,nan
86,1,106.899,545.421,208.117,232.36,106.899,545.421,208.117,232.36,0,0.843241,nan,nan
86,2,274.113,138.75,19.5688,23.9456,274.113,138.75,19.5687,23.9456,0,0.783098,nan,nan
86,3,525.58,140.237,19.2335,27.3672,525.58,140.237,19.2334,27.3672,0,0.777119,nan,nan
86,4,547.924,139.404,22.3122,25.1339,547.924,139.404,22.3123,25.1339,0,0.760442,nan,nan
86,5,254.613,138.951,21.5528,23.93,254.613,138.951,21.5528,23.93,0,0.751844,nan,nan
86,6,503.979,139.513,21.8948,26.023,503.979,139.513,21.8948,26.023,0,0.755944,nan,nan
86,7,195.007,138.731,22.5198,23.3659,195.007,138.731,22.5198,23.3659,0,0.726648,nan,nan
86,8,372.048,138.32,21.7799,24.8961,372.048,138.32,21.7799,24.8961,0,0.732008,nan,nan
86,9,328.466,137.909,22.4202,24.9022,328.466,137.909,22.4202,24.9022,0,0.72881,nan,nan
86,10,738.223,139.113,21.3777,23.2256,738.223,139.113,21.3777,23.2256,0,0.722988,nan,nan
86,11,295.905,138.139,19.8669,25.4517,295.905,138.139,19.8669,25.4517,0,0.723301,nan,nan
86,12,596.351,138.405,25.7086,24.958,596.351,138.405,25.7086,24.958,0,0.722384,nan,nan
86,13,350.986,138.484,18.5364,24.8336,350.986,138.484,18.5364,24.8336,0,0.70582,nan,nan
86,14,112.094,138.192,23.5928,24.4332,112.094,138.192,23.5928,24.4332,0,0.640606,nan,nan
86,15,417.467,138.237,19.5047,25.2546,417.467,138.237,19.5046,25.2546,0,0.654334,nan,nan
86,16,154.429,139.012,25.5368,23.3101,154.429,139.012,25.5368,23.3101,0,0.618983,nan,nan
86,17,707.162,139.072,19.5312,23.6922,707.162,139.072,19.5312,23.6921,0,0.628098,nan,nan
86,18,629.283,139.123,23.2917,22.3244,629.283,139.123,23.2917,22.3244,0,0.584123,nan,nan
86,19,649.867,139.064,21.9744,22.6093,649.867,139.064,21.9744,22.6093,0,0.58067,nan,nan
86,20,69.0239,844.357,138.048,204.137,69.0239,844.357,138.048,204.137,0,0.545126,nan,nan
86,21,231.998,138.886,18.3492,24.7829,231.998,138.886,18.3492,24.7829,0,0.504086,nan,nan
86,22,846.156,137.389,24.7645,26.0622,846.156,137.389,24.7645,26.0622,0,0.456226,nan,nan
86,23,216.256,138.61,16.9491,24.3287,216.256,138.61,16.9492,24.3287,0,0.459534,nan,nan
86,24,770.431,138.644,22.8636,23.4159,770.431,138.644,22.8635,23.4159,0,0.447111,nan,nan
86,25,391.841,137.623,16.7591,27.1491,391.841,137.623,16.759,27.1491,0,0.372909,nan,nan
86,26,468.967,135.837,21.046,32.8678,468.967,135.837,21.046,32.8678,0,0.357771,nan,nan
86,27,441.049,136.694,18.3148,28.5183,441.049,136.694,18.3148,28.5183,0,0.342871,nan,nan
86,28,571.352,139.042,19.5197,26.0231,571.352,139.042,19.5198,26.0231,0,0.349802,nan,nan
86,30,61.9191,135.357,25.6407,29.4654,61.9191,135.357,25.6407,29.4654,0,0.289965,nan,nan
86,31,1570.12,647.393,404.497,422.478,1570.12,647.393,404.497,422.478,0,0.70728,424.99,345.727
86,45,39.3873,1121.17,76.4154,196.358,39.3873,1121.17,76.4154,196.358,0,0.394992,nan,nan
87,1,106.916,545.461,208.155,232.409,106.916,545.461,208.155,232.409,0,0.843883,nan,nan
87,2,274.111,138.743,19.5681,23.9546,274.111,138.743,19.5681,23.9546,0,0.78366,nan,nan
87,3,525.579,140.233,19.2344,27.3704,525.579,140.233,19.2344,27.3704,0,0.777309,nan,nan
87,4,547.923,139.398,22.3115,25.133,547.923,139.398,22.3115,25.133,0,0.760445,nan,nan
87,5,254.613,138.944,21.5549,23.9386,254.613,138.944,21.5549,23.9386,0,0.752728,nan,nan
87,6,503.978,139.508,21.8962,26.0249,503.978,139.508,21.8962,26.0249,0,0.756112,nan,nan
87,7,195.003,138.724,22.5154,23.3765,195.003,138.724,22.5154,23.3765,0,0.728101,nan,nan
87,8,372.047,138.314,21.7828,24.9021,372.047,138.314,21.7828,24.9021,0,0.732652,nan,nan
87,9,328.466,137.902,22.4197,24.9088,328.466,137.902,22.4197,24.9088,0,0.729202,nan,nan
87,10,738.223,139.106,21.3777,23.2214,738.223,139.106,21.3777,23.2214,0,0.722954,nan,nan
87,11,295.903,138.131,19.8663,25.4627,295.903,138.131,19.8663,25.4627,0,0.724072,nan,nan
87,12,596.352,138.399,25.7051,24.9547,596.352,138.399,25.7051,24.9547,0,0.722331,nan,nan
87,13,350.985,138.477,18.5369,24.8415,350.985,138.477,18.5369,24.8415,0,0.706579,nan,nan
87,14,112.092,138.185,23.5942,24.4412,112.092,138.185,23.5942,24.4412,0,0.641627,nan,nan
87,15,417.465,138.231,19.5048,25.2568,417.465,138.231,19.5048,25.2568,0,0.654957,nan,nan
87,16,154.428,139.005,25.5387,23.32,154.428,139.005,25.5386,23.3199,0,0.620719,nan,nan
87,17,707.164,139.066,19.5248,23.688,707.164,139.066,19.5248,23.688,0,0.627479,nan,nan
87,18,629.28,139.117,23.2863,22.3231,629.28,139.117,23.2864,22.3231,0,0.584048,nan,nan
87,19,649.869,139.059,21.967,22.6076,649.869,139.059,21.967,22.6075,0,0.580756,nan,nan
87,20,69.0362,844.352,138.072,204.254,69.0362,844.352,138.072,204.254,0,0.53938,nan,nan
87,21,232,138.878,18.3383,24.7936,232,138.878,18.3383,24.7936,0,0.505657,nan,nan
87,22,846.157,137.384,24.7643,26.062,846.157,137.384,24.7644,26.062,0,0.456255,nan,nan
87,23,216.249,138.601,16.942,24.3396,216.249,138.601,16.942,24.3396,0,0.462633,nan,nan
87,24,770.429,138.639,22.8622,23.416,770.429,138.639,22.8623,23.416,0,0.446172,nan,nan
87,25,391.84,137.617,16.7598,27.1545,391.84,137.617,16.7598,27.1545,0,0.375345,nan,nan
87,26,468.965,135.831,21.0461,32.8679,468.965,135.831,21.0461,32.8679,0,0.358175,nan,nan
87,27,441.043,136.689,18.31,28.5182,441.043,136.689,18.31,28.5182,0,0.343872,nan,nan
87,28,571.35,139.037,19.5164,26.0206,571.35,139.037,19.5164,26.0206,0,0.350544,nan,nan
87,30,61.9163,135.351,25.642,29.4678,61.9163,135.351,25.642,29.4678,0,0.290519,nan,nan
87,31,1564.7,647.694,403.167,424.99,1564.7,647.694,403.167,424.99,0,0.708547,424.99,345.727
87,45,39.4388,1121.1,76.4776,196.419,39.4388,1121.1,76.4776,196.419,0,0.399587,nan,nan
88,1,106.949,545.483,208.214,232.37,106.949,545.483,208.214,232.37,0,0.843763,nan,nan
88,2,274.115,138.752,19.5717,23.9622,274.115,138.752,19.5718,23.9622,0,0.782826,nan,nan
88,3,525.583,140.237,19.233,27.3798,525.583,140.237,19.233,27.3798,0,0.777518,nan,nan
88,4,547.929,139.4,22.3009,25.1444,547.929,139.4,22.3009,25.1444,0,0.760233,nan,nan
88,5,254.617,138.952,21.5635,23.949,254.617,138.952,21.5635,23.949,0,0.751073,nan,nan
88,6,503.984,139.511,21.8965,26.037,503.984,139.511,21.8965,26.037,0,0.755758,nan,nan
88,7,195.008,138.732,22.5391,23.3676,195.008,138.732,22.5391,23.3676,0,0.725858,nan,nan
88,8,372.052,138.318,21.7845,24.9045,372.052,138.318,21.7845,24.9044,0,0.732128,nan,nan
88,9,328.469,137.909,22.4225,24.9118,328.469,137.909,22.4225,24.9118,0,0.72803,nan,nan
88,10,738.23,139.11,21.3671,23.2263,738.23,139.11,21.3672,23.2263,0,0.723215,nan,nan
88,11,295.907,138.138,19.8687,25.466,295.907,138.138,19.8687,25.466,0,0.723004,nan,nan
88,12,596.354,138.408,25.7122,24.9864,596.354,138.408,25.7122,24.9864,0,0.721908,nan,nan
88,13,350.991,138.482,18.5316,24.844,350.991,138.482,18.5316,24.844,0,0.705715,nan,nan
88,14,112.099,138.195,23.6016,24.4241,112.099,138.195,23.6016,24.4241,0,0.638184,nan,nan
88,15,417.469,138.232,19.5042,25.2609,417.469,138.232,19.5043,25.2609,0,0.65556,nan,nan
88,16,154.44,139.012,25.5518,23.3065,154.44,139.012,25.5518,23.3065,0,0.61877,nan,nan
88,17,707.171,139.071,19.514,23.6911,707.171,139.071,19.5139,23.6911,0,0.628558,nan,nan
88,18,629.283,139.122,23.2749,22.3314,629.283,139.122,23.2749,22.3314,0,0.584665,nan,nan
88,19,649.879,139.063,21.9539,22.6093,649.879,139.063,21.9539,22.6093,0,0.582437,nan,nan
88,20,68.9965,844.875,137.983,204.048,68.9965,844.875,137.983,204.048,0,0.5321,nan,nan
88,21,231.979,138.886,18.3591,24.7955,231.979,138.886,18.3591,24.7955,0,0.502034,nan,nan
88,22,846.167,137.394,24.7537,26.057,846.167,137.394,24.7537,26.057,0,0.457339,nan,nan
88,23,216.257,138.609,16.9671,24.3318,216.257,138.609,16.9671,24.3318,0,0.456459,nan,nan
88,24,770.437,138.644,22.8545,23.4162,770.437,138.644,22.8545,23.4162,0,0.447528,nan,nan
88,25,391.846,137.616,16.7605,27.146,391.846,137.616,16.7605,27.146,0,0.374216,nan,nan
88,26,468.973,135.835,21.0415,32.8715,468.973,135.835,21.0415,32.8715,0,0.364156,nan,nan
88,27,441.058,136.687,18.3201,28.5306,441.058,136.687,18.3201,28.5306,0,0.346307,nan,nan
88,28,571.372,139.04,19.51,26.0584,571.372,139.04,19.51,26.0584,0,0.348877,nan,nan
88,30,61.9176,135.358,25.652,29.4625,61.9176,135.358,25.652,29.4625,0,0.28932,nan,nan
88,31,1547.69,650.576,395.417,430.845,1547.69,650.576,395.417,430.845,0,0.569955,424.99,345.727
88,45,39.3579,1120.99,76.4852,196.809,39.3579,1120.99,76.4852,196.809,0,0.42672,nan,nan
89,1,106.964,545.462,208.258,232.4,106.964,545.462,208.258,232.4,0,0.843484,nan,nan
89,2,274.112,138.748,19.5647,23.9692,274.112,138.748,19.5647,23.9692,0,0.783601,nan,nan
89,3,525.579,140.231,19.2306,27.3831,525.579,140.231,19.2306,27.3831,0,0.777566,nan,nan
89,4,547.925,139.394,22.2956,25.1473,547.925,139.394,22.2957,25.1472,0,0.760206,nan,nan
89,5,254.609,138.949,21.5536,23.9599,254.609,138.949,21.5536,23.9599,0,0.752088,nan,nan
89,6,503.981,139.506,21.8953,26.0414,503.981,139.506,21.8953,26.0414,0,0.755929,nan,nan
89,7,195.003,138.728,22.5355,23.3709,195.003,138.728,22.5355,23.3709,0,0.72739,nan,nan
89,8,372.049,138.312,21.78,24.9038,372.049,138.312,21.78,24.9038,0,0.73279,nan,nan
89,9,328.465,137.906,22.417,24.9134,328.465,137.906,22.417,24.9134,0,0.728643,nan,nan
89,10,738.228,139.105,21.3628,23.2281,738.228,139.105,21.3628,23.2281,0,0.723248,nan,nan
89,11,295.901,138.134,19.8651,25.4726,295.901,138.134,19.8651,25.4726,0,0.724298,nan,nan
89,12,596.35,138.405,25.709,24.995,596.35,138.405,25.709,24.995,0,0.721946,nan,nan
89,13,350.987,138.477,18.5291,24.847,350.987,138.477,18.5291,24.847,0,0.706375,nan,nan
89,14,112.093,138.19,23.5935,24.423,112.093,138.19,23.5935,24.423,0,0.641075,nan,nan
89,15,417.465,138.226,19.5017,25.262,417.465,138.226,19.5017,25.2621,0,0.656555,nan,nan
89,16,154.434,139.007,25.5447,23.308,154.434,139.007,25.5447,23.308,0,0.620571,nan,nan
89,17,707.167,139.067,19.5135,23.6929,707.167,139.067,19.5134,23.6929,0,0.628794,nan,nan
89,18,629.278,139.116,23.2697,22.3292,629.278,139.116,23.2698,22.3292,0,0.584737,nan,nan
89,19,649.878,139.057,21.9506,22.6058,649.878,139.057,21.9506,22.6058,0,0.582478,nan,nan
89,20,68.9824,845.063,137.963,204.053,68.9824,845.063,137.963,204.053,0,0.534775,nan,nan
89,21,231.967,138.886,18.3592,24.8073,231.967,138.886,18.3593,24.8073,0,0.504613,nan,nan
89,22,846.166,137.389,24.7502,26.057,846.166,137.389,24.7502,26.0569,0,0.457117,nan,nan
89,23,216.249,138.605,16.9643,24.3378,216.249,138.605,16.9643,24.3378,0,0.458883,nan,nan
89,24,770.433,138.638,22.8497,23.4165,770.433,138.638,22.8497,23.4165,0,0.44685,nan,nan
89,25,391.843,137.608,16.7592,27.1449,391.843,137.608,16.7592,27.1449,0,0.376815,nan,nan
89,26,468.972,135.829,21.039,32.8701,468.972,135.829,21.0391,32.8701,0,0.363989,nan,nan
89,27,441.054,136.682,18.3189,28.5312,441.054,136.682,18.319,28.5312,0,0.346912,nan,nan
89,28,571.371,139.036,19.5024,26.0684,571.371,139.036,19.5024,26.0685,0,0.349619,nan,nan
89,30,61.9088,135.353,25.6468,29.4628,61.9088,135.353,25.6468,29.4628,0,0.291954,nan,nan
89,31,1541.88,651.736,392.756,432.865,1541.88,651.736,392.756,432.865,0,0.562798,424.99,345.727
89,45,39.3265,1120.89,76.4879,197.086,39.3265,1120.89,76.4879,197.086,0,0.428816,nan,nan
90,1,106.956,545.432,208.26,232.588,106.956,545.432,208.26,232.588,0,0.844181,nan,nan
90,2,274.108,138.749,19.5623,23.991,274.108,138.749,19.5623,23.991,0,0.783731,nan,nan
90,3,525.575,140.234,19.2319,27.3939,525.575,140.234,19.2319,27.3939,0,0.777422,nan,nan
90,4,547.921,139.396,22.2948,25.155,547.921,139.396,22.2948,25.155,0,0.760035,nan,nan
90,5,254.603,138.951,21.545,23.9881,254.603,138.951,21.545,23.9881,0,0.751915,nan,nan
90,6,503.976,139.507,21.8968,26.0504,503.976,139.507,21.8967,26.0504,0,0.755575,nan,nan
90,7,195.003,138.727,22.5169,23.3644,195.003,138.727,22.5168,23.3644,0,0.727866,nan,nan
90,8,372.045,138.316,21.7907,24.9336,372.045,138.316,21.7906,24.9336,0,0.732543,nan,nan
90,9,328.457,137.91,22.4238,24.9443,328.457,137.91,22.4238,24.9443,0,0.728765,nan,nan
90,10,738.223,139.106,21.3604,23.2282,738.223,139.106,21.3604,23.2282,0,0.723309,nan,nan
90,11,295.9,138.133,19.8729,25.4992,295.9,138.133,19.8729,25.4992,0,0.724803,nan,nan
90,12,596.348,138.407,25.7059,25.0057,596.348,138.407,25.7058,25.0057,0,0.722113,nan,nan
90,13,350.982,138.479,18.5329,24.8742,350.982,138.479,18.5328,24.8742,0,0.706683,nan,nan
90,14,112.091,138.191,23.5923,24.4222,112.091,138.191,23.5923,24.4222,0,0.641583,nan,nan
90,15,417.462,138.224,19.5093,25.2834,417.462,138.224,19.5093,25.2834,0,0.655182,nan,nan
90,16,154.428,139.008,25.5396,23.3015,154.428,139.008,25.5396,23.3015,0,0.622013,nan,nan
90,17,707.162,139.069,19.5121,23.6942,707.162,139.069,19.5121,23.6942,0,0.629178,nan,nan
90,18,629.272,139.118,23.2628,22.3301,629.272,139.118,23.2627,22.3301,0,0.585916,nan,nan
90,19,649.877,139.058,21.9439,22.6048,649.877,139.058,21.9438,22.6048,0,0.583896,nan,nan
90,20,68.9768,844.901,137.954,204.314,68.9768,844.901,137.954,204.314,0,0.538766,nan,nan
90,21,231.977,138.889,18.3479,24.8341,231.977,138.889,18.348,24.8341,0,0.506263,nan,nan
90,22,846.162,137.391,24.7518,26.0588,846.162,137.391,24.7517,26.0588,0,0.457458,nan,nan
90,23,216.21,138.603,16.9395,24.3431,216.21,138.603,16.9395,24.3431,0,0.459863,nan,nan
90,24,770.43,138.64,22.8472,23.4167,770.43,138.64,22.8472,23.4167,0,0.447221,nan,nan
90,25,391.837,137.608,16.7623,27.1674,391.837,137.608,16.7623,27.1674,0,0.372757,nan,nan
90,26,468.971,135.833,21.0397,32.8795,468.971,135.833,21.0397,32.8795,0,0.362956,nan,nan
90,27,441.056,136.68,18.3264,28.5507,441.056,136.68,18.3264,28.5507,0,0.344321,nan,nan
90,28,571.371,139.038,19.4996,26.0854,571.371,139.038,19.4996,26.0854,0,0.349411,nan,nan
90,30,61.9051,135.355,25.6407,29.4638,61.9051,135.355,25.6407,29.4638,0,0.291982,nan,nan
90,31,1519.59,653.511,371.443,440.327,1519.59,653.511,371.443,440.327,0,0.888222,424.99,345.727
90,45,39.3374,1120.93,76.5702,197.006,39.3374,1120.93,76.5702,197.006,0,0.445259,nan,nan
91,1,106.973,545.42,208.295,232.644,106.973,545.42,208.295,232.644,0,0.843604,nan,nan
91,2,274.108,138.745,19.5605,23.9976,274.108,138.745,19.5604,23.9976,0,0.784124,nan,nan
91,3,525.576,140.232,19.2321,27.3937,525.576,140.232,19.2322,27.3937,0,0.777578,nan,nan
91,4,547.923,139.393,22.2953,25.1544,547.923,139.393,22.2953,25.1544,0,0.760278,nan,nan
91,5,254.603,138.948,21.5388,23.9938,254.603,138.948,21.5388,23.9938,0,0.752312,nan,nan
91,6,503.978,139.505,21.897,26.0507,503.978,139.505,21.897,26.0507,0,0.755902,nan,nan
91,7,195.005,138.724,22.5036,23.362,195.005,138.724,22.5037,23.362,0,0.728621,nan,nan
91,8,372.047,138.313,21.7918,24.9366,372.047,138.313,21.7919,24.9366,0,0.733436,nan,nan
91,9,328.458,137.908,22.421,24.9481,328.458,137.908,22.421,24.9481,0,0.729157,nan,nan
91,10,738.225,139.103,21.3619,23.2264,738.225,139.103,21.3619,23.2264,0,0.723064,nan,nan
91,11,295.899,138.13,19.8715,25.5041,295.899,138.13,19.8715,25.5041,0,0.725346,nan,nan
91,12,596.35,138.404,25.702,25.0029,596.35,138.404,25.7019,25.0029,0,0.722312,nan,nan
91,13,350.983,138.476,18.5354,24.8795,350.983,138.476,18.5354,24.8795,0,0.707163,nan,nan
91,14,112.091,138.19,23.5899,24.4191,112.091,138.19,23.5899,24.4191,0,0.642028,nan,nan
91,15,417.464,138.221,19.5099,25.2823,417.464,138.221,19.5099,25.2823,0,0.656166,nan,nan
91,16,154.426,139.005,25.5341,23.2972,154.426,139.005,25.5341,23.2971,0,0.622728,nan,nan
91,17,707.163,139.067,19.5142,23.6933,707.163,139.067,19.5142,23.6933,0,0.629014,nan,nan
91,18,629.276,139.115,23.2657,22.3297,629.276,139.115,23.2657,22.3297,0,0.584941,nan,nan
91,19,649.878,139.055,21.9479,22.6049,649.878,139.055,21.9479,22.6049,0,0.582761,nan,nan
91,20,68.9731,844.867,137.946,204.513,68.9731,844.867,137.946,204.513,0,0.536767,nan,nan
91,21,231.988,138.889,18.3443,24.8381,231.988,138.889,18.3443,24.838,0,0.507727,nan,nan
91,22,846.164,137.388,24.7527,26.0566,846.164,137.388,24.7527,26.0566,0,0.457579,nan,nan
91,23,216.194,138.601,16.928,24.3437,216.194,138.601,16.928,24.3437,0,0.46204,nan,nan
91,24,770.432,138.637,22.8483,23.4162,770.432,138.637,22.8483,23.4162,0,0.446786,nan,nan
91,25,391.837,137.604,16.7648,27.1677,391.837,137.604,16.7648,27.1677,0,0.375787,nan,nan
91,26,468.972,135.83,21.0389,32.8772,468.972,135.83,21.0389,32.8772,0,0.363253,nan,nan
91,27,441.056,136.678,18.3249,28.5474,441.056,136.678,18.325,28.5474,0,0.345882,nan,nan
91,28,571.372,139.036,19.4993,26.0828,571.372,139.036,19.4993,26.0828,0,0.349963,nan,nan
91,30,61.905,135.352,25.6358,29.464,61.905,135.352,25.6358,29.464,0,0.292282,nan,nan
91,31,1511.89,654.175,363.715,443.06,1511.89,654.175,363.715,443.06,0,0.888268,424.99,345.727
91,45,39.3459,1120.94,76.6001,196.953,39.3459,1120.94,76.6001,196.953,0,0.446157,nan,nan
92,1,106.965,545.417,208.278,232.67,106.965,545.417,208.278,232.67,0,0.844126,nan,nan
92,2,274.108,138.745,19.5612,24.0011,274.108,138.745,19.5612,24.0011,0,0.783672,nan,nan
92,3,525.577,140.231,19.2325,27.3974,525.577,140.231,19.2324,27.3974,0,0.777522,nan,nan
92,4,547.924,139.391,22.2951,25.1582,547.924,139.391,22.2952,25.1582,0,0.760271,nan,nan
92,5,254.604,138.947,21.5402,24.0004,254.604,138.947,21.5402,24.0004,0,0.751878,nan,nan
92,6,503.978,139.503,21.8972,26.053,503.978,139.503,21.8972,26.053,0,0.755673,nan,nan
92,7,195.006,138.722,22.504,23.3612,195.006,138.722,22.504,23.3612,0,0.727855,nan,nan
92,8,372.047,138.313,21.7947,24.9433,372.047,138.313,21.7947,24.9433,0,0.732472,nan,nan
92,9,328.457,137.908,22.4261,24.9565,328.457,137.908,22.4261,24.9565,0,0.728747,nan,nan
92,10,738.225,139.103,21.3608,23.227,738.225,139.103,21.3608,23.227,0,0.723292,nan,nan
92,11,295.901,138.129,19.8756,25.5104,295.901,138.129,19.8756,25.5104,0,0.724603,nan,nan
92,12,596.351,138.404,25.7027,25.0086,596.351,138.404,25.7026,25.0086,0,0.72223,nan,nan
92,13,350.984,138.476,18.5354,24.8851,350.984,138.476,18.5354,24.8851,0,0.706626,nan,nan
92,14,112.093,138.189,23.5933,24.4172,112.093,138.189,23.5933,24.4172,0,0.641319,nan,nan
92,15,417.464,138.219,19.5115,25.2864,417.464,138.219,19.5115,25.2864,0,0.655439,nan,nan
92,16,154.427,139.005,25.5345,23.2995,154.427,139.005,25.5345,23.2996,0,0.622455,nan,nan
92,17,707.163,139.065,19.5135,23.695,707.163,139.065,19.5134,23.695,0,0.629041,nan,nan
92,18,629.276,139.114,23.265,22.3315,629.276,139.114,23.265,22.3315,0,0.585386,nan,nan
92,19,649.879,139.054,21.948,22.6057,649.879,139.054,21.948,22.6057,0,0.583233,nan,nan
92,20,68.9754,844.813,137.948,204.468,68.9754,844.813,137.948,204.468,0,0.540729,nan,nan
92,21,231.989,138.887,18.3412,24.845,231.989,138.887,18.3412,24.845,0,0.506225,nan,nan
92,22,846.165,137.388,24.7528,26.0565,846.165,137.388,24.7528,26.0565,0,0.457182,nan,nan
92,23,216.19,138.599,16.9237,24.3454,216.19,138.599,16.9237,24.3454,0,0.460061,nan,nan
92,24,770.433,138.636,22.847,23.4162,770.433,138.636,22.847,23.4162,0,0.447249,nan,nan
92,25,391.838,137.604,16.764,27.1721,391.838,137.604,16.764,27.1721,0,0.373285,nan,nan
92,26,468.973,135.83,21.0396,32.8797,468.973,135.83,21.0396,32.8797,0,0.362837,nan,nan
92,27,441.059,136.676,18.3279,28.5523,441.059,136.676,18.3279,28.5523,0,0.344522,nan,nan
92,28,571.375,139.035,19.4996,26.0914,571.375,139.035,19.4996,26.0914,0,0.349782,nan,nan
92,30,61.9057,135.352,25.6354,29.4644,61.9057,135.352,25.6354,29.4644,0,0.291301,nan,nan
92,31,1509.6,654.488,361.193,443.843,1509.6,654.488,361.193,443.843,0,0.888207,424.99,345.727
92,45,39.3507,1120.95,76.6175,196.946,39.3507,1120.95,76.6175,196.946,0,0.44508,nan,nan
93,1,106.917,545.523,208.159,232.665,106.917,545.523,208.159,232.665,0,0.845281,nan,nan
93,2,274.111,138.763,19.5638,23.9981,274.111,138.763,19.5637,23.9981,0,0.783292,nan,nan
93,3,525.578,140.246,19.228,27.3916,525.578,140.246,19.228,27.3916,0,0.777589,nan,nan
93,4,547.924,139.407,22.2921,25.155,547.924,139.407,22.2921,25.155,0,0.760143,nan,nan
93,5,254.606,138.965,21.5364,23.9939,254.606,138.965,21.5364,23.9938,0,0.751221,nan,nan
93,6,503.98,139.518,21.8939,26.0484,503.98,139.518,21.8939,26.0484,0,0.75573,nan,nan
93,7,195.009,138.743,22.4905,23.3422,195.009,138.743,22.4905,23.3422,0,0.7277,nan,nan
93,8,372.049,138.328,21.7925,24.9254,372.049,138.328,21.7925,24.9254,0,0.732017,nan,nan
93,9,328.46,137.924,22.4222,24.9435,328.46,137.924,22.4222,24.9435,0,0.727862,nan,nan
93,10,738.225,139.118,21.3609,23.2269,738.225,139.118,21.3608,23.2269,0,0.723184,nan,nan
93,11,295.903,138.148,19.8731,25.4984,295.903,138.148,19.8731,25.4984,0,0.723599,nan,nan
93,12,596.352,138.419,25.6945,25.0064,596.352,138.419,25.6945,25.0064,0,0.722577,nan,nan
93,13,350.985,138.492,18.5348,24.8704,350.985,138.492,18.5348,24.8704,0,0.705804,nan,nan
93,14,112.096,138.211,23.612,24.4043,112.096,138.211,23.612,24.4042,0,0.639034,nan,nan
93,15,417.466,138.235,19.5057,25.2692,417.466,138.235,19.5057,25.2692,0,0.655572,nan,nan
93,16,154.428,139.03,25.5332,23.2897,154.428,139.03,25.5332,23.2897,0,0.620359,nan,nan
93,17,707.163,139.079,19.5134,23.6939,707.163,139.079,19.5134,23.6939,0,0.629132,nan,nan
93,18,629.274,139.128,23.2604,22.3299,629.274,139.128,23.2604,22.3299,0,0.5864,nan,nan
93,19,649.88,139.068,21.9396,22.6047,649.88,139.068,21.9397,22.6047,0,0.584884,nan,nan
93,20,68.9806,844.88,137.955,204.68,68.9806,844.88,137.955,204.68,0,0.533312,nan,nan
93,21,231.996,138.909,18.3323,24.8372,231.996,138.909,18.3323,24.8372,0,0.506757,nan,nan
93,22,846.162,137.402,24.7531,26.0558,846.162,137.402,24.7531,26.0558,0,0.456888,nan,nan
93,23,216.181,138.619,16.9206,24.3344,216.181,138.619,16.9206,24.3344,0,0.46413,nan,nan
93,24,770.43,138.65,22.8464,23.417,770.43,138.65,22.8464,23.417,0,0.446376,nan,nan
93,25,391.841,137.62,16.7599,27.1524,391.841,137.62,16.7599,27.1524,0,0.374104,nan,nan
93,26,468.974,135.843,21.032,32.8674,468.974,135.843,21.032,32.8674,0,0.362031,nan,nan
93,27,441.057,136.691,18.3203,28.5347,441.057,136.691,18.3203,28.5347,0,0.345149,nan,nan
93,28,571.375,139.051,19.4951,26.0865,571.375,139.051,19.4951,26.0865,0,0.349661,nan,nan
93,30,61.909,135.37,25.6401,29.4604,61.909,135.37,25.6401,29.4604,0,0.28761,nan,nan
93,31,1491.98,657.393,345.727,447.033,1491.98,657.393,345.727,447.033,0,0.892221,424.99,345.727
93,45,39.3801,1120.81,76.6559,197.62,39.3801,1120.81,76.6559,197.62,0,0.424778,nan,nan
94,1,106.884,545.552,208.091,232.677,106.884,545.552,208.091,232.677,0,0.845337,nan,nan
94,2,274.11,138.754,19.5644,23.992,274.11,138.754,19.5643,23.992,0,0.783166,nan,nan
94,3,525.579,140.235,19.2249,27.3913,525.579,140.235,19.2249,27.3912,0,0.777722,nan,nan
94,4,547.925,139.395,22.2891,25.1562,547.925,139.395,22.2891,25.1562,0,0.760343,nan,nan
94,5,254.607,138.956,21.54,23.9857,254.607,138.956,21.54,23.9857,0,0.750869,nan,nan
94,6,503.98,139.507,21.8893,26.0461,503.98,139.507,21.8893,26.0461,0,0.755622,nan,nan
94,7,195.006,138.736,22.4897,23.3333,195.006,138.736,22.4897,23.3333,0,0.727316,nan,nan
94,8,372.047,138.319,21.7928,24.9225,372.047,138.319,21.7927,24.9225,0,0.731553,nan,nan
94,9,328.458,137.916,22.4241,24.9422,328.458,137.916,22.4241,24.9423,0,0.727631,nan,nan
94,10,738.227,139.107,21.3566,23.2257,738.227,139.107,21.3567,23.2257,0,0.724079,nan,nan
94,11,295.903,138.141,19.8726,25.4903,295.903,138.141,19.8726,25.4903,0,0.723267,nan,nan
94,12,596.356,138.407,25.6852,25.0079,596.356,138.407,25.6853,25.0079,0,0.722718,nan,nan
94,13,350.984,138.482,18.5327,24.8669,350.984,138.482,18.5327,24.8669,0,0.705513,nan,nan
94,14,112.095,138.205,23.6212,24.4024,112.095,138.205,23.6212,24.4024,0,0.639248,nan,nan
94,15,417.465,138.225,19.502,25.2651,417.465,138.225,19.502,25.2651,0,0.655373,nan,nan
94,16,154.433,139.023,25.547,23.2874,154.433,139.023,25.5469,23.2874,0,0.619562,nan,nan
94,17,707.165,139.066,19.5076,23.6881,707.165,139.066,19.5076,23.6881,0,0.629545,nan,nan
94,18,629.273,139.117,23.2546,22.328,629.273,139.117,23.2546,22.328,0,0.587188,nan,nan
94,19,649.882,139.057,21.9316,22.6018,649.882,139.057,21.9316,22.6018,0,0.58618,nan,nan
94,20,68.9576,844.88,137.911,204.619,68.9576,844.88,137.911,204.619,0,0.5427,nan,nan
94,21,231.997,138.903,18.3329,24.8287,231.997,138.903,18.3329,24.8287,0,0.506685,nan,nan
94,22,846.164,137.392,24.7462,26.0511,846.164,137.392,24.7461,26.0511,0,0.457984,nan,nan
94,23,216.171,138.614,16.9182,24.3234,216.171,138.614,16.9182,24.3234,0,0.463178,nan,nan
94,24,770.429,138.64,22.8391,23.4155,770.429,138.64,22.8391,23.4155,0,0.448117,nan,nan
94,25,391.84,137.611,16.7567,27.1472,391.84,137.611,16.7567,27.1472,0,0.37245,nan,nan
94,26,468.968,135.833,21.0225,32.8656,468.968,135.833,21.0225,32.8656,0,0.363286,nan,nan
94,27,441.058,136.68,18.3168,28.5318,441.058,136.68,18.3168,28.5318,0,0.34531,nan,nan
94,28,571.375,139.039,19.4909,26.0912,571.375,139.039,19.491,26.0912,0,0.350379,nan,nan
94,30,61.9077,135.362,25.6454,29.4574,61.9077,135.362,25.6454,29.4574,0,0.287056,nan,nan
94,31,1486.06,658.511,340.355,448.079,1486.06,658.511,340.355,448.079,0,0.892733,424.99,345.727
94,45,39.3843,1120.73,76.6818,197.905,39.3843,1120.73,76.6818,197.905,0,0.422877,nan,nan
95,1,106.878,545.608,208.055,232.774,106.878,545.608,208.055,232.774,0,0.844598,nan,nan
95,2,274.104,138.759,19.5747,23.9698,274.104,138.759,19.5747,23.9698,0,0.782457,nan,nan
95,3,525.575,140.237,19.2256,27.3858,525.575,140.237,19.2256,27.3859,0,0.777609,nan,nan
95,4,547.921,139.396,22.2887,25.1534,547.921,139.396,22.2887,25.1534,0,0.760466,nan,nan
95,5,254.608,138.959,21.5486,23.9629,254.608,138.959,21.5486,23.9629,0,0.749545,nan,nan
95,6,503.977,139.508,21.8907,26.0385,503.977,139.508,21.8907,26.0385,0,0.755375,nan,nan
95,7,195.001,138.743,22.4963,23.3254,195.001,138.743,22.4963,23.3254,0,0.726123,nan,nan
95,8,372.044,138.321,21.7962,24.9138,372.044,138.321,21.7961,24.9138,0,0.731668,nan,nan
95,9,328.456,137.918,22.4215,24.9265,328.456,137.918,22.4215,24.9265,0,0.727111,nan,nan
95,10,738.221,139.107,21.3491,23.2229,738.221,139.107,21.3491,23.2229,0,0.723955,nan,nan
95,11,295.899,138.147,19.871,25.4646,295.899,138.147,19.871,25.4646,0,0.722261,nan,nan
95,12,596.352,138.407,25.6835,25.006,596.352,138.407,25.6836,25.006,0,0.722578,nan,nan
95,13,350.981,138.485,18.5321,24.8559,350.981,138.485,18.5321,24.8559,0,0.70532,nan,nan
95,14,112.097,138.208,23.638,24.4007,112.097,138.208,23.638,24.4007,0,0.634181,nan,nan
95,15,417.46,138.228,19.5013,25.2528,417.46,138.228,19.5013,25.2528,0,0.655501,nan,nan
95,16,154.434,139.028,25.56,23.2786,154.434,139.028,25.56,23.2786,0,0.616942,nan,nan
95,17,707.162,139.066,19.4975,23.6889,707.162,139.066,19.4976,23.6889,0,0.629251,nan,nan
95,18,629.269,139.118,23.2545,22.328,629.269,139.118,23.2545,22.328,0,0.586766,nan,nan
95,19,649.876,139.057,21.9288,22.6024,649.876,139.057,21.9288,22.6024,0,0.585469,nan,nan
95,20,68.9314,844.865,137.856,204.53,68.9314,844.865,137.856,204.53,0,0.55195,nan,nan
95,21,232.007,138.909,18.3244,24.8065,232.007,138.909,18.3244,24.8065,0,0.503745,nan,nan
95,22,846.163,137.395,24.7393,26.0398,846.163,137.395,24.7393,26.0398,0,0.456551,nan,nan
95,23,216.166,138.621,16.9168,24.3123,216.166,138.621,16.9168,24.3123,0,0.463007,nan,nan
95,24,770.419,138.642,22.8287,23.4145,770.419,138.642,22.8287,23.4145,0,0.447597,nan,nan
95,25,391.84,137.614,16.7585,27.1392,391.84,137.614,16.7584,27.1392,0,0.371878,nan,nan
95,26,468.969,135.835,21.0245,32.8527,468.969,135.835,21.0245,32.8527,0,0.361973,nan,nan
95,27,441.053,136.684,18.3152,28.5163,441.053,136.684,18.3152,28.5163,0,0.345062,nan,nan
95,28,571.373,139.039,19.4936,26.0912,571.373,139.039,19.4937,26.0912,0,0.350797,nan,nan
95,30,61.9074,135.367,25.6605,29.4484,61.9074,135.367,25.6605,29.4484,0,0.286453,nan,nan
95,31,1466.29,662.445,326.525,455.392,1466.29,662.445,326.525,455.392,0,0.905732,424.99,345.727
95,45,39.3264,1120.51,76.5436,198.128,39.3264,1120.51,76.5436,198.128,0,0.481302,nan,nan
96,1,106.861,545.626,208.01,232.794,106.861,545.626,208.01,232.794,0,0.844787,nan,nan
96,2,274.104,138.755,19.5792,23.957,274.104,138.755,19.5792,23.957,0,0.7824,nan,nan
96,3,525.578,140.231,19.2285,27.3777,525.578,140.231,19.2285,27.3777,0,0.777498,nan,nan
96,4,547.925,139.392,22.2928,25.1492,547.925,139.392,22.2928,25.1492,0,0.760333,nan,nan
96,5,254.611,138.955,21.5528,23.9483,254.611,138.955,21.5528,23.9483,0,0.749471,nan,nan
96,6,503.979,139.504,21.8942,26.032,503.979,139.504,21.8942,26.032,0,0.755237,nan,nan
96,7,195,138.74,22.5021,23.3174,195,138.74,22.5021,23.3174,0,0.725652,nan,nan
96,8,372.046,138.317,21.8001,24.9093,372.046,138.317,21.8002,24.9093,0,0.730799,nan,nan
96,9,328.457,137.915,22.4243,24.9229,328.457,137.915,22.4243,24.9229,0,0.726866,nan,nan
96,10,738.224,139.103,21.3484,23.2213,738.224,139.103,21.3484,23.2213,0,0.723909,nan,nan
96,11,295.902,138.144,19.8718,25.4532,295.902,138.144,19.8718,25.4532,0,0.721978,nan,nan
96,12,596.354,138.402,25.6895,25.0024,596.354,138.402,25.6895,25.0024,0,0.722297,nan,nan
96,13,350.983,138.483,18.531,24.8501,350.983,138.483,18.531,24.8501,0,0.704828,nan,nan
96,14,112.1,138.205,23.6395,24.3993,112.1,138.205,23.6395,24.3993,0,0.634514,nan,nan
96,15,417.462,138.225,19.5037,25.2434,417.462,138.225,19.5037,25.2434,0,0.654014,nan,nan
96,16,154.443,139.023,25.5776,23.2698,154.443,139.023,25.5776,23.2698,0,0.615347,nan,nan
96,17,707.165,139.062,19.4957,23.6882,707.165,139.062,19.4956,23.6882,0,0.629212,nan,nan
96,18,629.273,139.114,23.2569,22.3282,629.273,139.114,23.2568,22.3282,0,0.586201,nan,nan
96,19,649.877,139.053,21.9325,22.603,649.877,139.053,21.9325,22.603,0,0.584742,nan,nan
96,20,68.9091,844.826,137.811,204.472,68.9091,844.826,137.811,204.472,0,0.551795,nan,nan
96,21,232.016,138.906,18.3232,24.7915,232.016,138.906,18.3232,24.7914,0,0.504058,nan,nan
96,22,846.167,137.391,24.7416,26.0398,846.167,137.391,24.7417,26.0399,0,0.455571,nan,nan
96,23,216.163,138.62,16.9168,24.3014,216.163,138.62,16.9168,24.3014,0,0.462377,nan,nan
96,24,770.421,138.638,22.8254,23.4141,770.421,138.638,22.8254,23.4142,0,0.447601,nan,nan
96,25,391.842,137.613,16.7589,27.13,391.842,137.613,16.7589,27.13,0,0.368725,nan,nan
96,26,468.971,135.832,21.0312,32.8435,468.971,135.832,21.0311,32.8435,0,0.359379,nan,nan
96,27,441.057,136.681,18.3184,28.5073,441.057,136.681,18.3184,28.5073,0,0.342484,nan,nan
96,28,571.378,139.033,19.5027,26.0847,571.378,139.033,19.5027,26.0847,0,0.350253,nan,nan
96,30,61.9093,135.364,25.6667,29.4454,61.9093,135.364,25.6667,29.4454,0,0.284361,nan,nan
96,31,1459.63,663.878,321.812,458.15,1459.63,663.878,321.812,458.15,0,0.905176,424.99,345.727
96,45,39.3017,1120.45,76.4919,198.206,39.3017,1120.45,76.4919,198.206,0,0.485386,nan,nan
97,1,106.864,545.628,208.014,232.816,106.864,545.628,208.014,232.816,0,0.844462,nan,nan
97,2,274.105,138.753,19.5805,23.957,274.105,138.753,19.5806,23.957,0,0.782443,nan,nan
97,3,525.579,140.23,19.2282,27.3753,525.579,140.23,19.2283,27.3753,0,0.7773,nan,nan
97,4,547.926,139.391,22.2928,25.1485,547.926,139.391,22.2927,25.1485,0,0.760206,nan,nan
97,5,254.612,138.953,21.5516,23.951,254.612,138.953,21.5516,23.951,0,0.749623,nan,nan
97,6,503.981,139.503,21.8949,26.0317,503.981,139.503,21.8949,26.0317,0,0.755133,nan,nan
97,7,195.002,138.739,22.4979,23.3235,195.002,138.739,22.4979,23.3235,0,0.726546,nan,nan
97,8,372.049,138.315,21.8002,24.9058,372.049,138.315,21.8002,24.9058,0,0.731157,nan,nan
97,9,328.459,137.911,22.4221,24.9172,328.459,137.911,22.4221,24.9172,0,0.726777,nan,nan
97,10,738.226,139.103,21.35,23.2227,738.226,139.103,21.35,23.2227,0,0.723283,nan,nan
97,11,295.903,138.142,19.8718,25.4501,295.903,138.142,19.8718,25.4501,0,0.722125,nan,nan
97,12,596.354,138.401,25.6891,25.0014,596.354,138.401,25.6892,25.0014,0,0.722141,nan,nan
97,13,350.983,138.481,18.5329,24.8465,350.983,138.481,18.5329,24.8465,0,0.704973,nan,nan
97,14,112.101,138.203,23.6414,24.3974,112.101,138.203,23.6414,24.3974,0,0.634563,nan,nan
97,15,417.463,138.224,19.5023,25.2444,417.463,138.224,19.5023,25.2444,0,0.654898,nan,nan
97,16,154.437,139.022,25.564,23.2738,154.437,139.022,25.564,23.2738,0,0.6178,nan,nan
97,17,707.167,139.061,19.496,23.689,707.167,139.061,19.496,23.689,0,0.628552,nan,nan
97,18,629.274,139.113,23.2585,22.3276,629.274,139.113,23.2585,22.3276,0,0.586062,nan,nan
97,19,649.878,139.052,21.9346,22.6029,649.878,139.052,21.9346,22.6029,0,0.584755,nan,nan
97,20,68.8991,844.851,137.789,204.484,68.8991,844.851,137.789,204.484,0,0.551986,nan,nan
97,21,232.017,138.905,18.3156,24.7988,232.017,138.905,18.3156,24.7988,0,0.503854,nan,nan
97,22,846.167,137.389,24.745,26.042,846.167,137.389,24.745,26.042,0,0.454679,nan,nan
97,23,216.161,138.617,16.9108,24.31,216.161,138.617,16.9108,24.31,0,0.463463,nan,nan
97,24,770.423,138.636,22.8271,23.4164,770.423,138.636,22.8271,23.4164,0,0.445961,nan,nan
97,25,391.843,137.611,16.76,27.1296,391.843,137.611,16.76,27.1296,0,0.370673,nan,nan
97,26,468.969,135.831,21.0278,32.8439,468.969,135.831,21.0278,32.8439,0,0.360535,nan,nan
97,27,441.057,136.68,18.316,28.5072,441.057,136.68,18.316,28.5073,0,0.34381,nan,nan
97,28,571.381,139.032,19.5037,26.0851,571.381,139.032,19.5037,26.0851,0,0.350137,nan,nan
97,30,61.9087,135.36,25.6698,29.4439,61.9087,135.36,25.6698,29.4439,0,0.286068,nan,nan
97,31,1457.67,664.481,320.438,458.893,1457.67,664.481,320.438,458.893,0,0.906359,424.99,345.727
97,45,39.301,1120.36,76.4743,198.38,39.301,1120.36,76.4743,198.38,0,0.479993,nan,nan
98,1,106.881,545.746,208.021,232.79,106.881,545.746,208.021,232.79,0,0.84588,nan,nan
98,2,274.116,138.761,19.5734,23.9583,274.116,138.761,19.5734,23.9583,0,0.783056,nan,nan
98,3,525.586,140.239,19.2252,27.3683,525.586,140.239,19.2251,27.3683,0,0.777754,nan,nan
98,4,547.932,139.399,22.2925,25.1391,547.932,139.399,22.2925,25.1391,0,0.760742,nan,nan
98,5,254.619,138.962,21.5471,23.9508,254.619,138.962,21.5471,23.9508,0,0.750232,nan,nan
98,6,503.987,139.512,21.8887,26.0254,503.987,139.512,21.8887,26.0254,0,0.75533,nan,nan
98,7,195.012,138.748,22.4908,23.3157,195.012,138.748,22.4908,23.3157,0,0.72725,nan,nan
98,8,372.055,138.324,21.8002,24.9059,372.055,138.324,21.8002,24.9059,0,0.73152,nan,nan
98,9,328.466,137.923,22.4233,24.9203,328.466,137.923,22.4233,24.9203,0,0.72741,nan,nan
98,10,738.232,139.111,21.3472,23.2214,738.232,139.111,21.3472,23.2214,0,0.72413,nan,nan
98,11,295.911,138.151,19.8711,25.4514,295.911,138.151,19.8711,25.4514,0,0.722675,nan,nan
98,12,596.364,138.408,25.6823,24.9917,596.364,138.408,25.6824,24.9917,0,0.72229,nan,nan
98,13,350.991,138.491,18.5322,24.8479,350.991,138.491,18.5322,24.8479,0,0.705799,nan,nan
98,14,112.113,138.213,23.6552,24.3958,112.113,138.213,23.6552,24.3958,0,0.636171,nan,nan
98,15,417.471,138.234,19.4989,25.2337,417.471,138.234,19.4989,25.2337,0,0.654827,nan,nan
98,16,154.447,139.033,25.5687,23.2702,154.447,139.033,25.5687,23.2702,0,0.618083,nan,nan
98,17,707.173,139.071,19.4973,23.6883,707.173,139.071,19.4973,23.6883,0,0.628981,nan,nan
98,18,629.278,139.121,23.2545,22.3258,629.278,139.121,23.2544,22.3257,0,0.587636,nan,nan
98,19,649.884,139.06,21.9292,22.6007,649.884,139.06,21.9292,22.6007,0,0.587224,nan,nan
98,20,68.8203,845.162,137.597,204.368,68.8203,845.162,137.597,204.368,0,0.554722,nan,nan
98,21,232.031,138.917,18.3098,24.792,232.031,138.917,18.3098,24.792,0,0.505891,nan,nan
98,22,846.172,137.395,24.7482,26.0443,846.172,137.395,24.7482,26.0443,0,0.454949,nan,nan
98,23,216.159,138.629,16.9054,24.3033,216.159,138.629,16.9054,24.3033,0,0.465911,nan,nan
98,24,770.426,138.645,22.8192,23.4154,770.426,138.645,22.8191,23.4154,0,0.448521,nan,nan
98,25,391.848,137.62,16.7577,27.1268,391.848,137.62,16.7577,27.1268,0,0.371493,nan,nan
98,26,468.969,135.838,21.0156,32.8454,468.969,135.838,21.0156,32.8454,0,0.359409,nan,nan
98,27,441.057,136.692,18.3051,28.4959,441.057,136.692,18.3051,28.4958,0,0.343853,nan,nan
98,28,571.379,139.04,19.4973,26.0677,571.379,139.04,19.4973,26.0677,0,0.351273,nan,nan
98,30,61.9191,135.372,25.6668,29.4417,61.9191,135.372,25.6668,29.4417,0,0.285766,nan,nan
98,31,1441.12,668.796,304.96,461.554,1441.12,668.796,304.96,461.554,0,0.883642,424.99,345.727
98,45,39.2633,1120.51,76.4155,198.116,39.2633,1120.51,76.4155,198.116,0,0.490225,nan,nan
99,1,106.902,545.77,208.076,232.809,106.902,545.77,208.076,232.809,0,0.845522,nan,nan
99,2,274.111,138.754,19.5705,23.9636,274.111,138.754,19.5704,23.9637,0,0.783089,nan,nan
99,3,525.583,140.233,19.2234,27.3583,525.583,140.233,19.2234,27.3583,0,0.777814,nan,nan
99,4,547.928,139.394,22.2948,25.1318,547.928,139.394,22.2948,25.1318,0,0.76072,nan,nan
99,5,254.613,138.955,21.5456,23.9583,254.613,138.955,21.5457,23.9583,0,0.750092,nan,nan
99,6,503.983,139.507,21.8861,26.017,503.983,139.507,21.8861,26.017,0,0.755413,nan,nan
99,7,195.007,138.74,22.4882,23.3213,195.007,138.74,22.4882,23.3213,0,0.727761,nan,nan
99,8,372.05,138.316,21.7992,24.9069,372.05,138.316,21.7992,24.907,0,0.731999,nan,nan
99,9,328.462,137.916,22.4213,24.9214,328.462,137.916,22.4213,24.9214,0,0.727629,nan,nan
99,10,738.228,139.106,21.3477,23.2203,738.228,139.106,21.3477,23.2203,0,0.723937,nan,nan
99,11,295.905,138.143,19.8691,25.456,295.905,138.143,19.8691,25.456,0,0.72301,nan,nan
99,12,596.359,138.402,25.6825,24.9823,596.359,138.402,25.6825,24.9823,0,0.722183,nan,nan
99,13,350.986,138.484,18.531,24.8513,350.986,138.484,18.531,24.8513,0,0.70599,nan,nan
99,14,112.106,138.204,23.661,24.4011,112.106,138.204,23.661,24.4011,0,0.637266,nan,nan
99,15,417.466,138.229,19.4971,25.2271,417.466,138.229,19.4971,25.2271,0,0.654954,nan,nan
99,16,154.437,139.026,25.5639,23.2774,154.437,139.026,25.5639,23.2773,0,0.62007,nan,nan
99,17,707.167,139.066,19.5011,23.6867,707.167,139.066,19.5011,23.6867,0,0.628451,nan,nan
99,18,629.273,139.115,23.2576,22.3243,629.273,139.115,23.2576,22.3243,0,0.586705,nan,nan
99,19,649.879,139.054,21.9327,22.5993,649.879,139.054,21.9326,22.5993,0,0.58604,nan,nan
99,20,68.7903,845.319,137.549,204.212,68.7903,845.319,137.549,204.212,0,0.552042,nan,nan
99,21,232.025,138.911,18.3068,24.8003,232.025,138.911,18.3068,24.8003,0,0.50564,nan,nan
99,22,846.168,137.39,24.7471,26.0401,846.168,137.39,24.7471,26.04,0,0.455305,nan,nan
99,23,216.158,138.622,16.9047,24.3094,216.158,138.622,16.9047,24.3094,0,0.466035,nan,nan
99,24,770.421,138.641,22.8178,23.4141,770.421,138.641,22.8179,23.4141,0,0.448221,nan,nan
99,25,391.842,137.614,16.7558,27.1258,391.842,137.614,16.7558,27.1258,0,0.37287,nan,nan
99,26,468.962,135.832,21.0152,32.8395,468.962,135.832,21.0151,32.8395,0,0.357885,nan,nan
99,27,441.046,136.69,18.2969,28.4838,441.046,136.69,18.2969,28.4838,0,0.34318,nan,nan
99,28,571.372,139.036,19.5023,26.0503,571.372,139.036,19.5023,26.0503,0,0.350925,nan,nan
99,30,61.911,135.365,25.6588,29.4451,61.911,135.365,25.6588,29.4451,0,0.288204,nan,nan
99,31,1435.57,670.423,299.609,462.398,1435.57,670.423,299.609,462.397,0,0.884294,424.99,345.727
99,45,39.2475,1120.57,76.3878,197.971,39.2475,1120.57,76.3878,197.97,0,0.486487,nan,nan
100,1,106.892,545.82,208.039,232.812,106.892,545.82,208.039,232.812,0,0.845602,nan,nan
100,2,274.119,138.757,19.5659,23.9602,274.119,138.757,19.5659,23.9602,0,0.783258,nan,nan
100,3,525.588,140.236,19.2206,27.3512,525.588,140.236,19.2206,27.3511,0,0.778101,nan,nan
100,4,547.932,139.396,22.2926,25.1279,547.932,139.396,22.2926,25.1279,0,0.760999,nan,nan
100,5,254.618,138.958,21.542,23.9581,254.618,138.958,21.5421,23.9581,0,0.750229,nan,nan
100,6,503.987,139.511,21.881,26.0121,503.987,139.511,21.881,26.0121,0,0.755621,nan,nan
100,7,195.014,138.743,22.4901,23.3284,195.014,138.743,22.4901,23.3284,0,0.727433,nan,nan
100,8,372.055,138.321,21.7951,24.9093,372.055,138.321,21.795,24.9093,0,0.732264,nan,nan
100,9,328.466,137.92,22.421,24.9216,328.466,137.92,22.421,24.9216,0,0.727876,nan,nan
100,10,738.233,139.111,21.3417,23.2201,738.233,139.111,21.3417,23.2202,0,0.72485,nan,nan
100,11,295.913,138.146,19.8662,25.4534,295.913,138.146,19.8662,25.4534,0,0.723071,nan,nan
100,12,596.367,138.404,25.6694,24.9857,596.367,138.404,25.6694,24.9857,0,0.723051,nan,nan
100,13,350.992,138.488,18.5273,24.852,350.992,138.488,18.5273,24.8521,0,0.706084,nan,nan
100,14,112.114,138.206,23.6626,24.4021,112.114,138.206,23.6626,24.4021,0,0.636732,nan,nan
100,15,417.469,138.233,19.4894,25.225,417.469,138.233,19.4894,25.225,0,0.656335,nan,nan
100,16,154.446,139.028,25.5656,23.2788,154.446,139.028,25.5656,23.2788,0,0.619021,nan,nan
100,17,707.172,139.07,19.4976,23.6896,707.172,139.07,19.4976,23.6896,0,0.629694,nan,nan
100,18,629.277,139.12,23.2513,22.3261,629.277,139.12,23.2512,22.3261,0,0.588855,nan,nan
100,19,649.886,139.06,21.9218,22.6,649.886,139.06,21.9219,22.6,0,0.588313,nan,nan
100,20,68.8705,845.322,137.705,204.113,68.8705,845.322,137.705,204.113,0,0.553243,nan,nan
100,21,232.028,138.914,18.2931,24.8078,232.028,138.914,18.2931,24.8078,0,0.504477,nan,nan
100,22,846.173,137.397,24.7437,26.038,846.173,137.397,24.7437,26.038,0,0.456082,nan,nan
100,23,216.159,138.624,16.8901,24.3161,216.159,138.624,16.8901,24.3162,0,0.463949,nan,nan
100,24,770.424,138.647,22.8123,23.4131,770.424,138.647,22.8123,23.4131,0,0.448823,nan,nan
100,25,391.849,137.616,16.7513,27.1283,391.849,137.616,16.7513,27.1283,0,0.373915,nan,nan
100,26,468.967,135.838,21.0029,32.8375,468.967,135.838,21.0029,32.8375,0,0.361262,nan,nan
100,27,441.049,136.695,18.2898,28.4809,441.049,136.695,18.2898,28.4809,0,0.345859,nan,nan
100,28,571.376,139.036,19.5011,26.0558,571.376,139.036,19.5011,26.0558,0,0.352236,nan,nan
100,30,61.9202,135.368,25.6518,29.4435,61.9202,135.368,25.6518,29.4435,0,0.286637,nan,nan
100,31,1416.69,675.555,281.115,467.18,1416.69,675.555,281.115,467.18,0,0.895938,424.99,345.727
100,45,39.3259,1120.51,76.5275,198.037,39.3259,1120.51,76.5275,198.037,0,0.494902,nan,nan
101,1,106.899,545.821,208.06,232.849,106.899,545.821,208.06,232.849,0,0.844806,nan,nan
101,2,274.113,138.752,19.5617,23.962,274.113,138.752,19.5618,23.9619,0,0.783541,nan,nan
101,3,525.583,140.231,19.2206,27.3567,525.583,140.231,19.2206,27.3567,0,0.778171,nan,nan
101,4,547.927,139.39,22.2951,25.1341,547.927,139.39,22.2952,25.1341,0,0.761334,nan,nan
101,5,254.61,138.953,21.5365,23.9599,254.61,138.953,21.5366,23.9599,0,0.750539,nan,nan
101,6,503.983,139.506,21.8791,26.0157,503.983,139.506,21.8791,26.0157,0,0.75593,nan,nan
101,7,195.008,138.739,22.4898,23.333,195.008,138.739,22.4898,23.333,0,0.72823,nan,nan
101,8,372.049,138.315,21.7906,24.9113,372.049,138.315,21.7905,24.9113,0,0.733282,nan,nan
101,9,328.461,137.914,22.4171,24.9193,328.461,137.914,22.4171,24.9193,0,0.728135,nan,nan
101,10,738.228,139.104,21.3409,23.2196,738.228,139.104,21.3409,23.2196,0,0.724765,nan,nan
101,11,295.905,138.14,19.8643,25.4544,295.905,138.14,19.8643,25.4543,0,0.723644,nan,nan
101,12,596.358,138.398,25.672,24.9904,596.358,138.398,25.672,24.9904,0,0.72294,nan,nan
101,13,350.987,138.482,18.5284,24.8535,350.987,138.482,18.5283,24.8535,0,0.706672,nan,nan
101,14,112.106,138.202,23.6614,24.4003,112.106,138.202,23.6614,24.4003,0,0.63729,nan,nan
101,15,417.463,138.228,19.486,25.2277,417.463,138.228,19.486,25.2277,0,0.657649,nan,nan
101,16,154.434,139.023,25.5569,23.2799,154.434,139.023,25.5569,23.2799,0,0.620647,nan,nan
101,17,707.166,139.064,19.4973,23.6895,707.166,139.064,19.4973,23.6895,0,0.629169,nan,nan
101,18,629.271,139.115,23.2505,22.3273,629.271,139.115,23.2505,22.3273,0,0.588692,nan,nan
101,19,649.882,139.054,21.9213,22.6016,649.882,139.054,21.9214,22.6016,0,0.588102,nan,nan
101,20,68.8833,845.306,137.74,203.924,68.8833,845.306,137.74,203.924,0,0.555521,nan,nan
101,21,232.019,138.911,18.2877,24.8108,232.019,138.911,18.2877,24.8109,0,0.505634,nan,nan
101,22,846.168,137.39,24.7415,26.0368,846.168,137.39,24.7415,26.0368,0,0.456084,nan,nan
101,23,216.15,138.62,16.8819,24.3189,216.15,138.62,16.8819,24.3189,0,0.465391,nan,nan
101,24,770.42,138.64,22.8126,23.4126,770.42,138.64,22.8125,23.4127,0,0.44837,nan,nan
101,25,391.844,137.609,16.7501,27.1348,391.844,137.609,16.7501,27.1348,0,0.377185,nan,nan
101,26,468.96,135.833,20.9973,32.8371,468.96,135.833,20.9973,32.8371,0,0.362357,nan,nan
101,27,441.042,136.691,18.2847,28.48,441.042,136.691,18.2847,28.48,0,0.34794,nan,nan
101,28,571.372,139.031,19.4988,26.0637,571.372,139.031,19.4988,26.0637,0,0.351656,nan,nan
101,30,61.9112,135.363,25.6492,29.4436,61.9112,135.363,25.6492,29.4436,0,0.287723,nan,nan
101,31,1410.4,677.46,274.816,468.879,1410.4,677.46,274.815,468.879,0,0.895719,424.99,345.727
101,45,39.3409,1120.34,76.548,198.298,39.3409,1120.34,76.548,198.298,0,0.494032,nan,nan
102,1,106.896,545.86,208.067,232.764,106.896,545.86,208.067,232.764,0,0.845985,nan,nan
102,2,274.114,138.754,19.552,23.9954,274.114,138.754,19.552,23.9954,0,0.78306,nan,nan
102,3,525.582,140.227,19.2263,27.373,525.582,140.227,19.2263,27.373,0,0.779305,nan,nan
102,4,547.925,139.386,22.2824,25.1568,547.925,139.386,22.2825,25.1568,0,0.763749,nan,nan
102,5,254.607,138.954,21.5211,23.9801,254.607,138.954,21.5211,23.98,0,0.750774,nan,nan
102,6,503.982,139.503,21.8715,26.0234,503.982,139.503,21.8715,26.0234,0,0.758361,nan,nan
102,7,195.004,138.736,22.4754,23.3333,195.004,138.736,22.4754,23.3333,0,0.728644,nan,nan
102,8,372.048,138.317,21.7868,24.9435,372.048,138.317,21.7868,24.9435,0,0.733157,nan,nan
102,9,328.457,137.913,22.4176,24.9432,328.457,137.913,22.4176,24.9432,0,0.728074,nan,nan
102,10,738.227,139.102,21.3435,23.2191,738.227,139.102,21.3435,23.2191,0,0.724707,nan,nan
102,11,295.904,138.142,19.8672,25.4885,295.904,138.142,19.8672,25.4885,0,0.722661,nan,nan
102,12,596.354,138.393,25.6734,25.0037,596.354,138.393,25.6733,25.0037,0,0.723947,nan,nan
102,13,350.984,138.482,18.5397,24.8785,350.984,138.482,18.5397,24.8785,0,0.707544,nan,nan
102,14,112.104,138.202,23.654,24.3859,112.104,138.202,23.654,24.3859,0,0.635989,nan,nan
102,15,417.454,138.233,19.4807,25.2764,417.454,138.233,19.4807,25.2764,0,0.659286,nan,nan
102,16,154.427,139.022,25.541,23.2785,154.427,139.022,25.541,23.2785,0,0.618994,nan,nan
102,17,707.162,139.059,19.5035,23.6941,707.162,139.059,19.5034,23.6941,0,0.629587,nan,nan
102,18,629.273,139.111,23.2469,22.3286,629.273,139.111,23.2469,22.3286,0,0.588721,nan,nan
102,19,649.881,139.051,21.921,22.6015,649.881,139.051,21.921,22.6014,0,0.587917,nan,nan
102,20,68.8423,845.394,137.655,204.194,68.8423,845.394,137.655,204.194,0,0.556693,nan,nan
102,21,232.026,138.912,18.2857,24.8157,232.026,138.912,18.2856,24.8157,0,0.505832,nan,nan
102,22,846.166,137.389,24.7394,26.0374,846.166,137.389,24.7394,26.0374,0,0.457048,nan,nan
102,23,216.131,138.616,16.8906,24.3251,216.131,138.616,16.8906,24.3251,0,0.465778,nan,nan
102,24,770.421,138.638,22.8212,23.4166,770.421,138.638,22.8212,23.4166,0,0.446179,nan,nan
102,25,391.849,137.61,16.7543,27.1985,391.849,137.61,16.7543,27.1985,0,0.376446,nan,nan
102,26,468.945,135.832,20.9775,32.8751,468.945,135.832,20.9775,32.8751,0,0.36741,nan,nan
102,27,441.022,136.69,18.2823,28.5244,441.022,136.69,18.2822,28.5244,0,0.350018,nan,nan
102,28,571.364,139.023,19.4725,26.0962,571.364,139.023,19.4724,26.0962,0,0.355788,nan,nan
102,30,61.9178,135.363,25.6801,29.435,61.9178,135.363,25.6801,29.435,0,0.291498,nan,nan
102,31,1391.64,686.84,253.977,468.004,1391.64,686.84,253.978,468.004,0,0.893595,424.99,345.727
102,45,39.2955,1120.27,76.5,198.504,39.2955,1120.27,76.5,198.504,0,0.507813,nan,nan
103,1,106.895,545.865,208.077,232.748,106.895,545.865,208.077,232.748,0,0.845757,nan,nan
103,2,274.113,138.755,19.5491,24.014,274.113,138.755,19.5491,24.014,0,0.783068,nan,nan
103,3,525.58,140.225,19.228,27.3778,525.58,140.225,19.228,27.3778,0,0.779293,nan,nan
103,4,547.922,139.385,22.2769,25.1661,547.922,139.385,22.2769,25.1661,0,0.763648,nan,nan
103,5,254.603,138.954,21.5154,23.995,254.603,138.954,21.5154,23.9951,0,0.750852,nan,nan
103,6,503.98,139.502,21.8695,26.0257,503.98,139.502,21.8695,26.0257,0,0.758283,nan,nan
103,7,195,138.733,22.4697,23.3391,195,138.733,22.4697,23.3391,0,0.729232,nan,nan
103,8,372.047,138.316,21.7861,24.9589,372.047,138.316,21.7861,24.9589,0,0.733856,nan,nan
103,9,328.455,137.911,22.4161,24.9515,328.455,137.911,22.4161,24.9515,0,0.728174,nan,nan
103,10,738.225,139.1,21.3459,23.2183,738.225,139.1,21.3459,23.2184,0,0.724355,nan,nan
103,11,295.899,138.14,19.8683,25.5056,295.899,138.14,19.8683,25.5056,0,0.722983,nan,nan
103,12,596.351,138.392,25.6759,25.0087,596.351,138.392,25.6759,25.0087,0,0.723818,nan,nan
103,13,350.981,138.479,18.545,24.8907,350.981,138.479,18.5449,24.8907,0,0.70778,nan,nan
103,14,112.1,138.201,23.6472,24.3824,112.1,138.201,23.6472,24.3824,0,0.637946,nan,nan
103,15,417.449,138.234,19.4785,25.2932,417.449,138.234,19.4785,25.2932,0,0.659675,nan,nan
103,16,154.42,139.021,25.5299,23.2821,154.42,139.021,25.5299,23.2821,0,0.621301,nan,nan
103,17,707.159,139.057,19.5069,23.6946,707.159,139.057,19.5068,23.6946,0,0.629357,nan,nan
103,18,629.272,139.11,23.2473,22.3281,629.272,139.11,23.2473,22.3281,0,0.588691,nan,nan
103,19,649.879,139.05,21.9225,22.6007,649.879,139.05,21.9225,22.6007,0,0.588043,nan,nan
103,20,68.8346,845.47,137.643,204.172,68.8346,845.47,137.643,204.172,0,0.558564,nan,nan
103,21,232.028,138.913,18.2847,24.8234,232.028,138.913,18.2847,24.8234,0,0.506263,nan,nan
103,22,846.163,137.387,24.7416,26.0406,846.163,137.387,24.7416,26.0406,0,0.455986,nan,nan
103,23,216.117,138.613,16.8937,24.3324,216.117,138.613,16.8937,24.3324,0,0.466343,nan,nan
103,24,770.421,138.637,22.8276,23.4188,770.421,138.637,22.8276,23.4188,0,0.445791,nan,nan
103,25,391.848,137.607,16.7564,27.2252,391.848,137.607,16.7564,27.2253,0,0.378353,nan,nan
103,26,468.938,135.83,20.9735,32.8885,468.938,135.83,20.9735,32.8885,0,0.367646,nan,nan
103,27,441.012,136.69,18.2849,28.5384,441.012,136.69,18.2849,28.5384,0,0.350446,nan,nan
103,28,571.358,139.022,19.4632,26.1093,571.358,139.022,19.4631,26.1093,0,0.355604,nan,nan
103,30,61.9151,135.361,25.6808,29.4347,61.9151,135.361,25.6808,29.4347,0,0.292818,nan,nan
103,31,1385.56,690.364,247.02,467.517,1385.56,690.364,247.02,467.517,0,0.893858,424.99,345.727
103,45,39.2749,1120.17,76.4705,198.68,39.2749,1120.17,76.4705,198.68,0,0.506241,nan,nan
104,1,106.897,545.87,208.085,232.738,106.897,545.87,208.085,232.738,0,0.846153,nan,nan
104,2,274.112,138.755,19.5486,24.0147,274.112,138.755,19.5486,24.0147,0,0.783058,nan,nan
104,3,525.579,140.225,19.2299,27.3777,525.579,140.225,19.2299,27.3777,0,0.779221,nan,nan
104,4,547.921,139.384,22.2756,25.1662,547.921,139.384,22.2756,25.1662,0,0.763442,nan,nan
104,5,254.603,138.953,21.5137,23.9935,254.603,138.953,21.5137,23.9935,0,0.75082,nan,nan
104,6,503.98,139.502,21.869,26.0253,503.98,139.502,21.869,26.0253,0,0.758165,nan,nan
104,7,194.999,138.733,22.4666,23.3371,194.999,138.733,22.4666,23.3371,0,0.728605,nan,nan
104,8,372.046,138.317,21.7863,24.9614,372.046,138.317,21.7863,24.9614,0,0.733214,nan,nan
104,9,328.453,137.912,22.4181,24.956,328.453,137.912,22.4181,24.956,0,0.72793,nan,nan
104,10,738.224,139.1,21.3437,23.2187,738.224,139.1,21.3438,23.2187,0,0.72451,nan,nan
104,11,295.9,138.141,19.8687,25.5076,295.9,138.141,19.8687,25.5076,0,0.72254,nan,nan
104,12,596.35,138.391,25.6765,25.0076,596.35,138.391,25.6765,25.0076,0,0.723752,nan,nan
104,13,350.98,138.481,18.547,24.8927,350.98,138.481,18.547,24.8927,0,0.707454,nan,nan
104,14,112.1,138.202,23.6512,24.382,112.1,138.202,23.6512,24.382,0,0.635623,nan,nan
104,15,417.448,138.235,19.4789,25.2987,417.448,138.235,19.4789,25.2987,0,0.659493,nan,nan
104,16,154.421,139.021,25.5344,23.2809,154.421,139.021,25.5344,23.2809,0,0.618587,nan,nan
104,17,707.158,139.056,19.5065,23.6961,707.158,139.056,19.5066,23.6961,0,0.629504,nan,nan
104,18,629.272,139.109,23.2466,22.3284,629.272,139.109,23.2466,22.3284,0,0.588414,nan,nan
104,19,649.877,139.049,21.9211,22.6009,649.877,139.049,21.9211,22.6009,0,0.587509,nan,nan
104,20,68.8205,845.449,137.615,204.302,68.8205,845.449,137.615,204.302,0,0.557898,nan,nan
104,21,232.028,138.912,18.2851,24.8229,232.028,138.912,18.2851,24.8229,0,0.505653,nan,nan
104,22,846.163,137.386,24.7398,26.0405,846.163,137.386,24.7397,26.0405,0,0.456228,nan,nan
104,23,216.115,138.612,16.8964,24.3331,216.115,138.612,16.8964,24.3331,0,0.466002,nan,nan
104,24,770.421,138.637,22.8254,23.419,770.421,138.637,22.8254,23.419,0,0.445486,nan,nan
104,25,391.849,137.61,16.758,27.2328,391.849,137.61,16.7579,27.2328,0,0.376297,nan,nan
104,26,468.936,135.83,20.9709,32.8923,468.936,135.83,20.9709,32.8923,0,0.367268,nan,nan
104,27,441.008,136.69,18.2831,28.5426,441.008,136.69,18.2831,28.5426,0,0.350427,nan,nan
104,28,571.357,139.02,19.4604,26.1092,571.357,139.02,19.4604,26.1092,0,0.35504,nan,nan
104,30,61.9164,135.362,25.6921,29.4327,61.9164,135.362,25.6921,29.4327,0,0.291407,nan,nan
104,31,1383.85,691.611,244.958,467.228,1383.85,691.611,244.958,467.229,0,0.893532,424.99,345.727
104,45,39.2678,1120.22,76.4681,198.621,39.2678,1120.22,76.4681,198.621,0,0.507386,nan,nan
105,1,106.906,545.85,208.114,232.808,106.906,545.85,208.114,232.808,0,0.84539,nan,nan
105,2,274.111,138.755,19.5475,24.0147,274.111,138.755,19.5475,24.0147,0,0.783291,nan,nan
105,3,525.578,140.226,19.2296,27.3767,525.578,140.226,19.2296,27.3767,0,0.779382,nan,nan
105,4,547.921,139.385,22.2758,25.1678,547.921,139.385,22.2758,25.1678,0,0.763695,nan,nan
105,5,254.603,138.954,21.5135,23.993,254.603,138.954,21.5135,23.993,0,0.750991,nan,nan
105,6,503.978,139.502,21.8702,26.0212,503.978,139.502,21.8702,26.0212,0,0.758376,nan,nan
105,7,194.999,138.734,22.463,23.3319,194.999,138.734,22.463,23.3319,0,0.729068,nan,nan
105,8,372.045,138.316,21.7859,24.9622,372.045,138.316,21.7859,24.9622,0,0.734191,nan,nan
105,9,328.453,137.911,22.413,24.9525,328.453,137.911,22.413,24.9525,0,0.728441,nan,nan
105,10,738.222,139.099,21.3452,23.2183,738.222,139.099,21.3452,23.2183,0,0.724497,nan,nan
105,11,295.898,138.14,19.8662,25.5079,295.898,138.14,19.8662,25.5079,0,0.723483,nan,nan
105,12,596.346,138.391,25.6807,25.0078,596.346,138.391,25.6807,25.0078,0,0.723704,nan,nan
105,13,350.979,138.48,18.5439,24.8922,350.979,138.48,18.5439,24.8922,0,0.707765,nan,nan
105,14,112.099,138.204,23.6497,24.3788,112.099,138.204,23.6497,24.3788,0,0.637306,nan,nan
105,15,417.446,138.236,19.4788,25.2924,417.446,138.236,19.4788,25.2924,0,0.660382,nan,nan
105,16,154.417,139.022,25.529,23.2738,154.417,139.022,25.529,23.2738,0,0.620491,nan,nan
105,17,707.157,139.055,19.5083,23.6945,707.157,139.055,19.5083,23.6945,0,0.629361,nan,nan
105,18,629.27,139.109,23.2466,22.3284,629.27,139.109,23.2466,22.3284,0,0.58877,nan,nan
105,19,649.876,139.049,21.92,22.6011,649.876,139.049,21.92,22.6011,0,0.588022,nan,nan
105,20,68.8794,845.436,137.733,204.251,68.8794,845.436,137.733,204.251,0,0.562602,nan,nan
105,21,232.031,138.913,18.2823,24.8147,232.031,138.913,18.2823,24.8147,0,0.506444,nan,nan
105,22,846.161,137.384,24.7413,26.044,846.161,137.384,24.7413,26.044,0,0.455953,nan,nan
105,23,216.111,138.614,16.8939,24.3236,216.111,138.614,16.8939,24.3236,0,0.466648,nan,nan
105,24,770.421,138.636,22.8287,23.4199,770.421,138.636,22.8286,23.4199,0,0.445845,nan,nan
105,25,391.847,137.609,16.7595,27.2342,391.847,137.609,16.7595,27.2342,0,0.379308,nan,nan
105,26,468.942,135.829,20.9792,32.8845,468.942,135.829,20.9792,32.8845,0,0.367944,nan,nan
105,27,441.007,136.692,18.2883,28.5337,441.007,136.692,18.2883,28.5337,0,0.351824,nan,nan
105,28,571.353,139.022,19.4613,26.108,571.353,139.022,19.4613,26.108,0,0.355575,nan,nan
105,30,61.9106,135.364,25.6795,29.4332,61.9106,135.364,25.6796,29.4332,0,0.292649,nan,nan
105,31,1369.17,697.326,227.531,468.293,1369.17,697.326,227.531,468.293,0,0.772686,424.99,345.727
105,45,39.2291,1120.22,76.4507,198.495,39.2291,1120.22,76.4507,198.495,0,0.512401,nan,nan
106,1,106.91,545.901,208.125,232.694,106.91,545.901,208.125,232.694,0,0.845764,nan,nan
106,2,274.114,138.727,19.6334,23.8699,274.114,138.727,19.6334,23.8699,0,0.777486,nan,nan
106,3,525.609,140.177,19.1481,26.8314,525.609,140.177,19.1481,26.8314,0,0.774211,nan,nan
106,4,547.892,139.394,22.1068,24.8811,547.892,139.394,22.1067,24.8811,0,0.731521,nan,nan
106,5,254.61,138.938,21.4861,23.8585,254.61,138.938,21.4861,23.8585,0,0.73848,nan,nan
106,6,504.006,139.406,21.9,25.7011,504.006,139.406,21.9,25.7011,0,0.751566,nan,nan
106,7,195.009,138.75,22.4833,23.2651,195.009,138.75,22.4833,23.2651,0,0.705226,nan,nan
106,8,372.036,138.339,21.6326,24.77,372.036,138.339,21.6326,24.77,0,0.701093,nan,nan
106,9,328.422,137.91,22.4126,24.8032,328.422,137.91,22.4126,24.8032,0,0.713525,nan,nan
106,10,738.194,139.093,21.3677,23.2632,738.194,139.093,21.3677,23.2632,0,0.694905,nan,nan
106,11,295.972,138.112,19.86,25.4034,295.972,138.112,19.86,25.4034,0,0.708916,nan,nan
106,12,596.399,138.396,25.5229,24.7315,596.399,138.396,25.5229,24.7315,0,0.704713,nan,nan
106,13,351.048,138.495,18.4602,24.7322,351.048,138.495,18.4602,24.7322,0,0.689374,nan,nan
106,14,112.075,138.216,23.5425,24.3897,112.075,138.216,23.5425,24.3897,0,0.598575,nan,nan
106,15,417.38,138.272,19.2818,24.9835,417.38,138.272,19.2819,24.9835,0,0.630357,nan,nan
106,16,154.386,139.035,25.4689,23.2375,154.386,139.035,25.4689,23.2375,0,0.569702,nan,nan
106,17,707.181,139.054,19.5478,23.7151,707.181,139.054,19.5479,23.7151,0,0.586211,nan,nan
106,18,629.24,139.137,23.162,22.3213,629.24,139.137,23.162,22.3213,0,0.583893,nan,nan
106,19,649.861,139.071,21.8612,22.6098,649.861,139.071,21.8612,22.6098,0,0.546755,nan,nan
106,20,68.9309,845.356,137.838,204.239,68.9309,845.356,137.838,204.239,0,0.568515,nan,nan
106,21,232.024,138.858,18.2262,24.7202,232.024,138.858,18.2263,24.7202,0,0.445375,nan,nan
106,22,846.176,137.413,24.7892,26.0328,846.176,137.413,24.7893,26.0328,0,0.377391,nan,nan
106,23,216.188,138.598,17.0198,24.2771,216.188,138.598,17.0198,24.2771,0,0.422824,nan,nan
106,24,770.364,138.651,22.7029,23.4392,770.364,138.651,22.7029,23.4392,0,0.387037,nan,nan
106,25,391.882,137.617,16.7109,27.0363,391.882,137.617,16.7109,27.0363,0,0.356083,nan,nan
106,26,468.95,135.78,20.973,32.5878,468.95,135.78,20.973,32.5878,0,0.322418,nan,nan
106,27,440.845,136.737,18.1284,28.1765,440.845,136.737,18.1284,28.1765,0,0.299849,nan,nan
106,28,571.225,139.032,19.3654,25.7189,571.225,139.032,19.3654,25.7189,0,0.317383,nan,nan
106,31,1364.47,699.409,221.792,468.624,1364.47,699.409,221.792,468.624,0,0.775746,424.99,345.727
106,45,39.2438,1120.2,76.4847,198.355,39.2438,1120.2,76.4847,198.355,0,0.520619,nan,nan
107,1,106.927,545.963,208.156,232.572,106.927,545.963,208.156,232.572,0,0.845557,nan,nan
107,2,274.087,138.694,19.9028,23.7115,274.087,138.694,19.9028,23.7115,0,0.749696,nan,nan
107,3,525.682,139.891,18.981,25.3339,525.682,139.891,18.981,25.3339,0,0.727314,nan,nan
107,4,547.659,139.249,21.571,23.9347,547.659,139.249,21.571,23.9347,0,0.630945,nan,nan
107,5,254.613,138.893,21.4366,23.7164,254.613,138.893,21.4366,23.7164,0,0.688504,nan,nan
107,6,503.949,139.289,21.8898,24.6016,503.949,139.289,21.8898,24.6016,0,0.721349,nan,nan
107,7,194.969,138.787,22.7481,23.2574,194.969,138.787,22.7481,23.2574,0,0.627585,nan,nan
107,8,372.005,138.426,21.4132,24.5218,372.005,138.426,21.4132,24.5218,0,0.578453,nan,nan
107,9,328.379,137.957,22.5426,24.6816,328.379,137.957,22.5426,24.6816,0,0.656573,nan,nan
107,10,738.107,139.053,21.4993,23.3789,738.107,139.053,21.4993,23.3789,0,0.585443,nan,nan
107,11,296.111,138.096,19.8681,25.3517,296.111,138.096,19.8681,25.3517,0,0.658752,nan,nan
107,12,596.47,138.407,25.4612,24.292,596.47,138.407,25.4612,24.292,0,0.623136,nan,nan
107,13,351.226,138.541,18.3135,24.5904,351.226,138.541,18.3135,24.5904,0,0.599985,nan,nan
107,14,111.997,138.223,23.4839,24.4598,111.997,138.223,23.4839,24.4598,0,0.530324,nan,nan
107,15,417.133,138.382,18.9387,24.5428,417.133,138.382,18.9387,24.5428,0,0.528788,nan,nan
107,16,154.372,139.037,25.4404,23.2347,154.372,139.037,25.4404,23.2347,0,0.470105,nan,nan
107,17,707.147,139.05,19.7324,23.8021,707.147,139.05,19.7324,23.8021,0,0.453641,nan,nan
107,18,629.242,139.184,23.1427,22.4347,629.242,139.184,23.1427,22.4347,0,0.510278,nan,nan
107,19,649.582,139.125,21.8502,22.7427,649.582,139.125,21.8501,22.7427,0,0.392563,nan,nan
107,20,68.97,845.302,137.918,204.194,68.97,845.302,137.918,204.194,0,0.567971,nan,nan
107,21,231.923,138.753,18.2567,24.7132,231.923,138.753,18.2567,24.7132,0,0.290302,nan,nan
107,23,216.63,138.574,17.5454,24.3006,216.63,138.574,17.5454,24.3006,0,0.296615,nan,nan
107,25,391.956,137.655,16.6118,26.6876,391.956,137.655,16.6118,26.6876,0,0.255803,nan,nan
107,31,1363.21,700.106,220.16,468.654,1363.21,700.106,220.16,468.654,0,0.777096,424.99,345.727
107,45,39.2522,1120.27,76.4921,198.129,39.2522,1120.27,76.4921,198.129,0,0.522546,nan,nan
108,1,106.971,546.031,208.254,232.552,106.971,546.031,208.254,232.552,0,0.843172,nan,nan
108,2,274.011,138.725,20.1779,23.6437,274.011,138.725,20.178,23.6437,0,0.69051,nan,nan
108,3,525.729,139.665,18.8251,24.3904,525.729,139.665,18.8251,24.3904,0,0.584842,nan,nan
108,4,547.565,139.202,21.23,23.4791,547.565,139.202,21.23,23.4791,0,0.471794,nan,nan
108,5,254.629,138.907,21.2976,23.619,254.629,138.907,21.2975,23.619,0,0.595484,nan,nan
108,6,503.908,139.22,21.9751,23.943,503.908,139.22,21.9751,23.943,0,0.609621,nan,nan
108,7,194.914,138.884,22.9061,23.2159,194.914,138.884,22.9061,23.2159,0,0.547044,nan,nan
108,8,371.989,138.559,21.2787,24.4068,371.989,138.559,21.2787,24.4068,0,0.389531,nan,nan
108,9,328.327,138.058,22.7408,24.6206,328.327,138.058,22.7407,24.6206,0,0.544478,nan,nan
108,10,738.01,139.045,21.6027,23.4861,738.01,139.045,21.6027,23.4861,0,0.374198,nan,nan
108,11,296.252,138.14,19.8698,25.3646,296.252,138.14,19.8698,25.3646,0,0.560694,nan,nan
108,12,596.532,138.441,25.4068,24.0871,596.532,138.441,25.4067,24.0871,0,0.472616,nan,nan
108,13,351.419,138.625,18.1781,24.5628,351.419,138.625,18.1781,24.5628,0,0.436992,nan,nan
108,14,111.966,138.376,23.3959,24.3222,111.966,138.376,23.3959,24.3222,0,0.435588,nan,nan
108,15,416.982,138.472,18.7489,24.3768,416.982,138.472,18.7489,24.3768,0,0.362822,nan,nan
108,16,153.968,139.228,24.4422,23.1721,153.968,139.228,24.4421,23.1721,0,0.392561,nan,nan
108,17,707.158,139.049,19.7601,23.9156,707.158,139.049,19.76,23.9156,0,0.271996,nan,nan
108,18,629.172,139.257,22.8965,22.6384,629.172,139.257,22.8965,22.6384,0,0.40882,nan,nan
108,20,68.9596,845.036,137.886,204.436,68.9596,845.036,137.886,204.436,0,0.57963,nan,nan
108,31,1346.19,706.958,200.158,469.402,1346.19,706.958,200.158,469.402,0,0.621042,424.99,345.727
108,45,39.282,1120.37,76.5128,197.947,39.282,1120.37,76.5128,197.947,0,0.533545,nan,nan
109,1,106.987,546.052,208.295,232.523,106.987,546.052,208.295,232.523,0,0.842612,nan,nan
109,2,273.938,138.762,20.4145,23.6285,273.938,138.762,20.4144,23.6285,0,0.555468,nan,nan
109,3,525.749,139.544,18.6956,23.9441,525.749,139.544,18.6956,23.9441,0,0.288185,nan,nan
109,5,254.625,138.927,21.1866,23.5426,254.625,138.927,21.1866,23.5426,0,0.426569,nan,nan
109,6,503.849,139.174,22.075,23.6569,503.849,139.174,22.0751,23.6569,0,0.38169,nan,nan
109,7,194.865,138.962,23.3036,23.2169,194.865,138.962,23.3036,23.2169,0,0.428724,nan,nan
109,9,328.269,138.164,22.9732,24.5562,328.269,138.164,22.9731,24.5562,0,0.375113,nan,nan
109,11,296.371,138.16,19.8314,25.4333,296.371,138.16,19.8314,25.4333,0,0.391116,nan,nan
109,14,111.89,138.481,23.118,24.2811,111.89,138.481,23.118,24.2811,0,0.278807,nan,nan
109,16,153.822,139.305,24.0071,23.118,153.822,139.305,24.0071,23.118,0,0.293613,nan,nan
109,20,68.9536,845.006,137.886,204.503,68.9536,845.006,137.886,204.503,0,0.573937,nan,nan
109,31,1340.6,709.449,193.488,469.639,1340.6,709.449,193.488,469.639,0,0.620528,424.99,345.727
109,45,39.2602,1120.37,76.502,197.925,39.2602,1120.37,76.502,197.925,0,0.531735,nan,nan
110,1,106.983,546.098,208.285,232.442,106.983,546.098,208.285,232.442,0,0.842564,nan,nan
110,2,273.874,138.802,20.6211,23.6279,273.874,138.802,20.6211,23.6279,0,0.423824,nan,nan
110,5,254.659,138.949,21.3114,23.5013,254.659,138.949,21.3114,23.5013,0,0.304165,nan,nan
110,6,503.786,139.14,22.1,23.5595,503.786,139.14,22.1,23.5595,0,0.268766,nan,nan
110,7,194.848,139.044,23.5376,23.15,194.848,139.044,23.5376,23.15,0,0.326903,nan,nan
110,9,328.21,138.255,23.1867,24.4665,328.21,138.255,23.1867,24.4665,0,0.256344,nan,nan
110,11,296.452,138.21,19.8763,25.3982,296.452,138.21,19.8762,25.3983,0,0.263541,nan,nan
110,20,68.9258,844.984,137.841,204.607,68.9258,844.984,137.841,204.607,0,0.568372,nan,nan
110,31,1339.05,710.28,191.552,469.648,1339.05,710.28,191.552,469.648,0,0.612415,424.99,345.727
110,45,39.2784,1120.36,76.5291,197.962,39.2784,1120.36,76.5291,197.962,0,0.520745,nan,nan
111,1,107.018,546.101,208.338,232.41,107.018,546.101,208.338,232.41,0,0.843233,nan,nan
111,20,68.9365,845.002,137.865,204.564,68.9365,845.002,137.865,204.564,0,0.567169,nan,nan
111,31,1324.55,716.919,201.831,462.987,1324.55,716.919,201.831,462.987,0,0.680738,424.99,345.727
111,45,39.3623,1120.37,76.6457,197.734,39.3623,1120.37,76.6457,197.734,0,0.516156,nan,nan
112,1,107.005,546.14,208.312,232.38,107.005,546.14,208.312,232.38,0,0.843305,nan,nan
112,20,68.9676,845.011,137.929,204.653,68.9676,845.011,137.929,204.653,0,0.571131,nan,nan
112,31,1319.67,719.305,205.523,460.403,1319.67,719.305,205.523,460.403,0,0.689158,424.99,345.727
112,45,39.3829,1120.46,76.702,197.648,39.3829,1120.46,76.702,197.648,0,0.516854,nan,nan
113,1,107.033,546.112,208.369,232.438,103.768,546.177,209.053,232.878,0,0.842306,nan,nan
113,20,68.9522,845.099,137.868,204.552,65.8326,845.667,138.356,204.921,0,0.572017,nan,nan
113,31,1305.76,730.891,220.191,462.409,1304.87,730.931,220.715,462.987,0,0.654514,424.99,345.727
113,45,39.3828,1120.29,76.6841,198.107,36.4121,1121.28,77.0201,198.431,0,0.530541,nan,nan
114,1,107.038,546.098,208.416,232.467,103.254,546.954,209.772,232.88,0,0.842091,nan,nan
114,20,68.9315,845.072,137.843,204.663,65.8893,846.228,138.841,204.86,0,0.575121,nan,nan
114,31,1300.79,735.144,225.633,463.085,1300.11,735.422,226.4,463.173,0,0.661855,424.99,345.727
114,45,39.3709,1120.24,76.6532,198.268,37.0493,1121.44,77.4306,198.277,0,0.530358,nan,nan
115,1,107.052,546.224,208.476,232.649,103.751,546.147,209.132,233.044,0,0.843265,nan,nan
115,20,68.8702,845.654,137.69,203.899,65.7381,846.029,138.16,204.22,0,0.578748,nan,nan
115,31,1281.85,744.185,252.59,464.221,1280.83,744.154,253.193,464.782,0,0.393373,424.99,345.727
115,45,39.5039,1120.57,76.8038,198.041,36.542,1121.33,77.1333,198.319,0,0.517962,nan,nan
116,1,107.037,546.19,208.466,232.731,103.861,546.677,209.685,233.27,0,0.843823,nan,nan
116,20,68.828,845.867,137.62,203.555,66.3754,846.866,138.524,203.895,0,0.581629,nan,nan
116,31,1274.81,747.399,262.632,464.672,1274.24,747.63,263.477,465.131,0,0.372795,424.99,345.727
116,45,39.5193,1120.7,76.81,197.992,37.7611,1121.98,77.5297,198.176,0,0.517638,nan,nan
117,1,107.036,546.258,208.446,232.643,103.449,546.431,209.214,233.112,0,0.844781,nan,nan
117,20,68.7453,846.117,137.433,203.102,65.3464,846.803,137.98,203.481,0,0.581217,nan,nan
117,31,1266.55,756.74,271.804,466.083,1265.54,756.823,272.49,466.706,0,0.758264,424.99,345.727
117,45,39.5421,1120.66,76.822,198.185,36.3341,1121.77,77.2054,198.507,0,0.51904,nan,nan
118,1,107.027,546.272,208.439,232.554,103.44,546.369,209.242,233.029,0,0.845197,nan,nan
118,20,68.7153,846.126,137.386,202.948,65.359,846.75,137.961,203.328,0,0.585084,nan,nan
118,31,1263.61,760.059,275.313,466.67,1262.63,760.137,276.049,467.304,0,0.757928,424.99,345.727
118,45,39.5272,1120.67,76.7972,198.202,36.4015,1121.72,77.2079,198.524,0,0.514307,nan,nan
119,1,107.028,546.275,208.441,232.521,103.54,545.939,209.304,232.937,0,0.844824,nan,nan
119,20,68.732,846.142,137.424,202.961,65.4933,846.291,138.038,203.269,0,0.582703,nan,nan
119,31,1262.8,761.136,276.594,466.84,1261.98,761.048,277.249,467.282,0,0.768241,424.99,345.727
119,45,39.5403,1120.66,76.8209,198.19,36.5528,1121.17,77.2583,198.438,0,0.512467,nan,nan
120,1,107.033,546.457,208.44,232.722,102.423,545.429,209.387,233.242,0,0.845862,nan,nan
120,20,68.7911,846.393,137.513,202.503,64.313,845.898,138.172,202.864,0,0.602154,nan,nan
120,31,1252.32,770.751,293.615,465.922,1250.99,770.334,294.35,466.421,0,0.625071,424.99,345.727
120,45,39.6441,1120.86,76.939,198.027,35.3114,1120.8,77.3786,198.32,0,0.49451,nan,nan
121,1,107.015,546.461,208.426,232.806,103.685,546.018,209.323,233.287,0,0.845817,nan,nan
121,20,68.8069,846.465,137.561,202.355,65.7823,846.607,138.214,202.746,0,0.602536,nan,nan
121,31,1248.48,774.145,300.025,465.568,1247.86,774.019,300.929,466.189,0,0.617886,424.99,345.727
121,45,39.6747,1120.82,77.0147,197.985,36.9489,1121.44,77.4924,198.337,0,0.499018,nan,nan
122,1,106.99,546.496,208.39,232.787,103.292,545.252,209.244,233.285,0,0.846036,nan,nan
122,20,68.7609,846.437,137.471,202.182,65.2971,845.653,138.067,202.487,0,0.607593,nan,nan
122,31,1237.51,786.018,317.09,459.777,1236.42,785.427,317.679,460.242,0,0.575215,424.99,345.727
122,45,39.6602,1121.17,77.0231,197.561,36.4369,1120.7,77.4428,197.756,0,0.502517,nan,nan
123,1,106.99,546.482,208.385,232.8,103.26,546.38,209.17,233.326,0,0.846259,nan,nan
123,20,68.7521,846.45,137.453,202.12,65.1418,846.954,138.005,202.564,0,0.610628,nan,nan
123,31,1233.44,790.347,323.608,457.468,1232.47,790.325,324.397,458.211,0,0.57616,424.99,345.727
123,45,39.6541,1121.26,77.0174,197.428,36.1716,1122.29,77.3893,197.829,0,0.501787,nan,nan
124,1,107.021,546.53,208.418,232.79,104.392,545.853,209.203,233.09,0,0.847121,nan,nan
124,20,68.7313,846.385,137.382,202.125,66.6495,845.945,137.965,202.26,0,0.60772,nan,nan
124,31,1224.55,803.138,336.614,455.534,1223.75,802.868,337.407,455.824,0,0.510393,424.99,345.727
124,45,39.6598,1121.31,76.9955,197.298,38.1014,1120.94,77.4766,197.316,0,0.50034,nan,nan
125,1,107.012,546.516,208.414,232.806,103.262,546.293,209.699,233.299,0,0.846711,nan,nan
125,20,68.7195,846.379,137.38,202.088,65.7617,846.707,138.344,202.41,0,0.60978,nan,nan
125,31,1221.29,807.76,341.512,454.739,1220.59,807.911,342.902,455.244,0,0.522649,424.99,345.727
125,45,39.6359,1121.27,76.9604,197.27,37.4331,1121.96,77.7392,197.491,0,0.497718,nan,nan
126,1,107.022,546.518,208.419,232.754,103.409,546.603,209.171,233.306,0,0.846345,nan,nan
126,20,68.71,846.269,137.37,202.184,65.2082,846.97,137.896,202.641,0,0.591217,nan,nan
126,31,1220.31,809.191,343.262,454.54,1219.32,809.304,344.016,455.33,0,0.550872,424.99,345.727
126,45,39.6317,1121.24,77.0236,197.188,36.251,1122.47,77.3767,197.59,0,0.525183,nan,nan
127,1,107.062,546.603,208.428,232.621,103.516,546.601,209.157,233.162,0,0.846942,nan,nan
127,20,68.8078,846.288,137.502,202.229,65.3616,846.9,138.012,202.682,0,0.598189,nan,nan
127,31,1212.95,820.871,357.967,445.733,1211.96,820.968,358.74,446.515,0,0.792811,424.99,345.727
127,45,39.7275,1121.21,77.101,196.962,36.3914,1122.36,77.4419,197.367,0,0.511578,nan,nan
128,1,107.034,546.605,208.423,232.586,103.571,546.329,209.134,233.102,0,0.847101,nan,nan
128,20,68.8051,846.262,137.561,202.258,65.4539,846.599,138.06,202.694,0,0.594252,nan,nan
128,31,1210.26,825.037,363.481,442.419,1209.28,825.03,364.258,443.17,0,0.793457,424.99,345.727
128,45,39.7209,1121.2,77.1306,196.909,36.4895,1122.07,77.4672,197.304,0,0.510516,nan,nan
129,1,107.013,546.66,208.453,232.638,103.44,546.661,209.16,233.201,0,0.84747,nan,nan
129,20,68.7348,846.518,137.47,202.506,65.1871,847.159,137.959,202.994,0,0.577919,nan,nan
129,31,1202.26,839.392,376.011,433.432,1201.3,839.465,376.783,434.252,0,0.620503,424.99,345.727
129,45,39.651,1121.48,77.093,196.535,36.1435,1122.69,77.4051,196.982,0,0.492555,nan,nan
130,1,107.024,546.64,208.445,232.668,103.508,546.592,209.132,233.22,0,0.847414,nan,nan
130,20,68.7404,846.551,137.474,202.599,65.2498,847.14,137.95,203.079,0,0.578897,nan,nan
130,31,1200.22,843.521,380.635,431.058,1199.26,843.605,381.408,431.871,0,0.618689,424.99,345.727
130,45,39.6609,1121.49,77.0797,196.466,36.2095,1122.65,77.383,196.908,0,0.49504,nan,nan
131,1,107.06,546.757,208.48,232.684,103.463,546.354,209.634,233.336,0,0.846539,nan,nan
131,20,68.6836,846.549,137.3,202.458,65.4996,846.893,138.127,202.958,0,0.593973,nan,nan
131,31,1194.6,858.586,390.331,422.329,1194.06,858.545,391.223,422.989,0,0.680176,424.99,345.727
131,45,39.6224,1121.71,76.9759,196.141,36.8485,1122.62,77.579,196.534,0,0.498702,nan,nan
132,1,107.051,546.758,208.489,232.672,103.459,546.706,209.208,233.239,0,0.846714,nan,nan
132,20,68.6469,846.48,137.246,202.356,65.0918,847.076,137.748,202.854,0,0.590378,nan,nan
132,31,1192.59,863.88,393.889,419.19,1191.68,863.945,394.787,420.043,0,0.678882,424.99,345.727
132,45,39.5872,1121.78,76.925,196.066,36.0826,1122.97,77.2481,196.53,0,0.502379,nan,nan
133,1,107.048,546.762,208.491,232.66,103.48,546.612,209.217,233.216,0,0.846888,nan,nan
133,20,68.6216,846.454,137.203,202.378,65.1002,846.949,137.71,202.868,0,0.59206,nan,nan
133,31,1192.05,865.552,395.021,418.16,1191.18,865.57,395.929,418.99,0,0.679441,424.99,345.727
133,45,39.5721,1121.8,76.9138,196.047,36.1103,1122.88,77.2426,196.505,0,0.501538,nan,nan
134,1,107.003,546.794,208.432,232.622,103.425,546.842,209.147,233.268,0,0.847313,nan,nan
134,20,68.5982,846.438,137.177,202.412,64.9764,847.224,137.666,202.984,0,0.585533,nan,nan
134,31,1186.44,878.25,406.303,407.019,1185.61,878.44,407.142,407.977,0,0.689666,424.99,345.727
134,45,39.5435,1122.06,76.9221,195.778,35.8988,1123.54,77.2189,196.312,0,0.474325,nan,nan
135,1,107.012,546.755,208.437,232.653,104.67,547.029,209.33,233.177,0,0.847244,nan,nan
135,20,68.5802,846.41,137.123,202.421,66.7816,847.183,137.782,202.765,0,0.589722,nan,nan
135,31,1184.48,882.683,410.46,403.017,1184.18,882.863,411.236,403.582,0,0.681764,424.99,345.727
135,45,39.5437,1122.18,76.8785,195.614,38.27,1123.27,77.404,195.826,0,0.474518,nan,nan
136,1,106.973,546.737,208.425,232.617,103.431,546.471,209.1,233.191,0,0.846731,nan,nan
136,20,68.5445,846.567,137.071,202.184,64.9354,846.988,137.531,202.705,0,0.593112,nan,nan
136,31,1180.23,897.581,420.554,392.276,1179.42,897.635,421.453,393.131,0,0.624853,424.99,345.727
136,45,39.5496,1122.49,76.8651,194.998,35.8949,1123.56,77.1394,195.497,0,0.461429,nan,nan
137,1,106.979,546.729,208.418,232.575,103.541,546.382,209.061,233.125,0,0.846814,nan,nan
137,20,68.5629,846.66,137.085,202.219,65.0496,846.983,137.524,202.725,0,0.596294,nan,nan
137,31,1178.79,902.779,424.236,388.498,1178,902.804,425.138,389.33,0,0.611001,424.99,345.727
137,45,39.5838,1122.56,76.9005,194.823,36.0158,1123.52,77.1601,195.316,0,0.455376,nan,nan
138,1,106.974,546.733,208.429,232.601,103.299,546.501,209.137,233.181,0,0.846333,nan,nan
138,20,68.5568,846.71,137.081,202.207,64.8081,847.173,137.566,202.743,0,0.592357,nan,nan
138,31,1176.89,918.492,431.577,378.75,1176.1,918.585,432.575,379.619,0,0.715707,424.99,345.727
138,45,39.6469,1122.46,77.0116,195.019,35.8462,1123.59,77.3016,195.541,0,0.455556,nan,nan
139,1,106.985,546.727,208.427,232.577,103.277,546.49,209.117,233.147,0,0.846688,nan,nan
139,20,68.5696,846.728,137.092,202.396,64.7492,847.179,137.56,202.931,0,0.592201,nan,nan
139,31,1176.3,923.941,434.193,375.345,1175.49,924.024,435.193,376.211,0,0.721466,424.99,345.727
139,45,39.6895,1122.36,77.07,195.13,35.7812,1123.48,77.3423,195.657,0,0.450601,nan,nan
140,1,106.983,546.709,208.416,232.576,103.32,546.609,209.082,233.143,0,0.847221,nan,nan
140,20,68.5708,846.738,137.088,202.324,64.7813,847.309,137.543,202.855,0,0.589981,nan,nan
140,31,1176.22,925.601,434.937,374.299,1175.39,925.746,435.924,375.181,0,0.72655,424.99,345.727
140,45,39.6962,1122.32,77.0833,195.174,35.8055,1123.55,77.3494,195.696,0,0.455514,nan,nan
141,1,106.954,546.756,208.372,232.544,103.267,546.524,209.093,233.153,0,0.847094,nan,nan
141,20,68.5919,846.65,137.142,202.708,64.8149,847.144,137.631,203.261,0,0.61588,nan,nan
141,31,1174.83,938.198,441.669,363.181,1174.03,938.348,442.623,364.045,0,0.80588,424.99,345.727
141,45,39.7091,1122.29,77.1068,195.337,35.8673,1123.47,77.3941,195.865,0,0.472475,nan,nan
142,1,106.957,546.733,208.364,232.538,103.214,546.476,209.121,233.17,0,0.846862,nan,nan
142,20,68.5948,846.635,137.139,202.715,64.7868,847.134,137.653,203.284,0,0.613621,nan,nan
142,31,1174.43,942.511,444.068,359.27,1173.63,942.694,445.038,360.142,0,0.805174,424.99,345.727
142,45,39.6953,1122.23,77.0947,195.42,35.8468,1123.44,77.4036,195.958,0,0.4773,nan,nan
143,1,106.965,546.837,208.37,232.628,103.317,546.304,209.071,233.221,0,0.846018,nan,nan
143,20,68.6091,846.688,137.17,202.604,64.8474,846.87,137.644,203.153,0,0.639481,nan,nan
143,31,1174.03,957.984,448.917,345.399,1173.27,957.873,449.893,346.238,0,0.666726,424.99,345.727
143,45,39.6911,1122.2,77.13,195.514,35.8416,1123.07,77.4045,196.049,0,0.500849,nan,nan
144,1,106.979,546.824,208.378,232.676,103.32,546.937,209.325,233.345,0,0.846256,nan,nan
144,20,68.6412,846.7,137.222,202.589,65.1876,847.509,137.886,203.108,0,0.638593,nan,nan
144,31,1174.02,963.281,450.631,340.528,1173.32,963.466,451.533,341.293,0,0.662891,424.99,345.727
144,45,39.687,1122.15,77.1341,195.519,36.4491,1123.51,77.5897,195.934,0,0.501241,nan,nan
145,1,106.979,546.827,208.377,232.673,103.481,546.316,209.022,233.223,0,0.846154,nan,nan
145,20,68.6234,846.671,137.18,202.539,65.0021,846.818,137.619,203.049,0,0.638365,nan,nan
145,31,1174.12,964.881,451.061,339.003,1173.31,964.733,451.994,339.794,0,0.667305,424.99,345.727
145,45,39.6964,1122.12,77.1412,195.545,35.9768,1122.9,77.3963,196.042,0,0.499328,nan,nan
146,1,106.9,546.889,208.231,232.674,103.21,546.456,209.01,233.285,0,0.845952,nan,nan
146,20,68.5672,846.642,137.073,202.485,64.6879,846.933,137.605,203.041,0,0.646773,nan,nan
146,31,1174.97,979.076,454.095,327.854,1174.2,979.052,455.111,328.675,0,0.368064,424.99,345.727
146,45,39.7427,1121.73,76.8585,195.858,35.7084,1122.71,77.1764,196.391,0,0.506448,nan,nan
147,1,106.91,546.851,208.224,232.674,103.256,546.462,209.003,233.289,0,0.845234,nan,nan
147,20,68.535,846.542,137,202.485,64.679,846.874,137.537,203.05,0,0.648644,nan,nan
147,31,1175.39,983.94,455.115,323.979,1174.62,983.901,456.117,324.834,0,0.372327,424.99,345.727
147,45,39.7568,1121.51,76.7455,196.044,35.7333,1122.54,77.0722,196.59,0,0.498018,nan,nan
148,1,106.877,546.918,208.187,232.643,103.213,546.771,209.213,233.248,0,0.844604,nan,nan
148,20,68.503,846.727,136.967,202.955,64.246,847.304,137.757,203.564,0,0.646777,nan,nan
148,45,39.7645,1121.56,76.6437,196.164,34.9706,1122.91,77.2365,196.798,0,0.497239,nan,nan
149,1,106.88,546.897,208.153,232.653,103.174,546.749,209.145,233.275,0,0.844375,nan,nan
149,20,68.5144,846.745,136.969,203.255,64.2701,847.341,137.728,203.879,0,0.642129,nan,nan
149,45,39.7743,1121.54,76.6042,196.211,35.0439,1122.93,77.1636,196.859,0,0.499495,nan,nan
150,1,106.88,546.917,208.175,232.672,103.416,546.171,208.89,233.195,0,0.84375,nan,nan
150,20,68.4944,846.837,136.94,203.348,64.8422,846.734,137.429,203.829,0,0.637433,nan,nan
150,45,39.7397,1121.64,76.5519,195.944,35.9331,1122.14,76.8476,196.409,0,0.510581,nan,nan
150,31,1182.26,1022.42,464.949,292.959,1181.49,1022.24,465.954,293.614,0,0.31556,424.99,345.727
151,1,106.899,546.92,208.185,232.678,103.444,546.157,208.948,233.204,0,0.843852,nan,nan
151,20,68.5181,846.818,136.971,203.41,64.8293,846.711,137.504,203.906,0,0.63406,nan,nan
151,45,39.738,1121.68,76.5321,195.858,35.8511,1122.21,76.8668,196.347,0,0.504646,nan,nan
151,31,1183.62,1026.95,465.871,289.085,1182.88,1026.79,466.916,289.758,0,0.340965,424.99,345.727
152,1,106.907,546.905,208.199,232.681,103.384,546.243,208.882,233.219,0,0.843833,nan,nan
152,20,68.5277,846.843,136.983,203.448,64.8664,846.831,137.441,203.934,0,0.638221,nan,nan
152,45,39.7406,1121.69,76.5195,195.824,35.9711,1122.28,76.7815,196.284,0,0.505965,nan,nan
152,31,1184.09,1028.42,466.178,287.885,1183.35,1028.3,467.157,288.541,0,0.335746,424.99,345.727
153,1,106.892,546.95,208.188,232.665,103.809,546.24,209.084,233.106,0,0.844269,nan,nan
153,20,68.5053,846.912,136.958,203.605,64.7828,846.782,137.675,204.075,0,0.640635,nan,nan
153,45,39.7453,1121.63,76.4955,195.938,35.4386,1122.15,77.0685,196.454,0,0.50477,nan,nan
154,1,106.902,546.922,208.186,232.669,103.437,546.268,209.053,233.275,0,0.844185,nan,nan
154,20,68.5123,846.924,136.953,203.666,64.4969,847.082,137.64,204.294,0,0.642165,nan,nan
154,45,39.7676,1121.56,76.479,195.985,35.2494,1122.58,77.0095,196.663,0,0.502084,nan,nan
155,1,106.85,546.885,208.093,232.588,103.612,545.788,208.733,232.995,0,0.845013,nan,nan
155,20,68.5657,847.024,137.081,204.09,65.1216,846.46,137.532,204.466,0,0.633968,nan,nan
155,45,39.7907,1121.52,76.5422,195.721,36.171,1121.47,76.8284,196.106,0,0.501428,nan,nan
155,31,1194.65,1061.87,467.682,253.502,1193.83,1061.57,468.673,253.937,0,0.353847,424.99,345.727
156,1,106.841,546.885,208.046,232.566,103.39,545.929,208.648,232.961,0,0.845563,nan,nan
156,20,68.5883,847.112,137.108,204.21,65.0373,846.656,137.508,204.563,0,0.634321,nan,nan
156,45,39.8069,1121.49,76.5783,195.683,36.1813,1121.49,76.8048,196.019,0,0.502596,nan,nan
156,31,1196.36,1065.57,467.841,248.655,1195.54,1065.24,468.784,249.048,0,0.352831,424.99,345.727
157,1,106.844,546.894,208.043,232.549,103.54,545.889,208.662,232.939,0,0.845106,nan,nan
157,20,68.6027,847.107,137.13,204.285,65.1223,846.614,137.561,204.653,0,0.634298,nan,nan
157,45,39.8135,1121.51,76.5828,195.617,36.1851,1121.51,76.849,195.988,0,0.500393,nan,nan
157,31,1196.94,1066.79,467.868,247.134,1196.12,1066.51,468.847,247.562,0,0.352866,424.99,345.727
158,1,106.862,546.952,208.072,232.652,103.598,545.868,208.737,233.042,0,0.845645,nan,nan
158,20,68.6743,847.302,137.269,204.212,65.1808,846.73,137.739,204.579,0,0.638006,nan,nan
158,45,39.8613,1121.76,76.6246,195.57,36.1704,1121.68,76.9272,195.941,0,0.508248,nan,nan
158,31,1202.8,1079.82,469.276,236.684,1201.94,1079.47,470.294,237.097,0,0.470401,424.99,345.727
159,1,106.882,546.956,208.098,232.595,103.589,545.864,208.742,233.054,0,0.8462,nan,nan
159,20,68.6274,847.398,137.181,204.018,65.171,846.902,137.624,204.439,0,0.628734,nan,nan
159,45,39.8702,1121.77,76.6446,195.542,36.2788,1121.84,76.9113,195.961,0,0.509132,nan,nan
159,31,1204.98,1084.15,469.861,233.091,1204.28,1083.91,470.819,233.547,0,0.471292,424.99,345.727
160,1,106.948,546.995,208.277,232.623,103.959,545.801,208.925,233.017,0,0.842818,nan,nan
160,20,68.5463,847.716,137.022,203.843,65.3088,847.046,137.487,204.218,0,0.614225,nan,nan
160,45,39.8248,1122.01,76.605,195.142,36.3712,1121.86,76.913,195.527,0,0.533786,nan,nan
160,31,1213.62,1100.14,464.759,215.14,1212.89,1099.77,465.73,215.54,0,0.379848,424.99,345.727
161,1,106.981,546.947,208.351,232.656,103.947,545.614,209.024,233.093,0,0.843097,nan,nan
161,20,68.5135,847.795,136.954,203.78,65.2293,847.033,137.437,204.186,0,0.615538,nan,nan
161,45,39.797,1122.05,76.582,195.026,36.2959,1121.85,76.9008,195.448,0,0.532299,nan,nan
161,31,1216.82,1105.48,462.801,208.783,1216.17,1105.11,463.772,209.186,0,0.379373,424.99,345.727
162,1,106.811,547.129,208.034,232.55,104.121,545.681,208.678,232.87,0,0.845263,nan,nan
162,20,68.587,848.063,137.143,204.176,65.5366,847.043,137.64,204.506,0,0.614181,nan,nan
162,45,39.7631,1122.06,76.6278,195.111,36.3878,1121.51,76.9951,195.472,0,0.520038,nan,nan
162,31,1224.89,1118.64,463.988,199.7,1224.11,1118.11,465.02,200.049,0,0.451295,424.99,345.727
163,1,106.76,547.109,207.876,232.526,103.779,546.044,208.47,233.043,0,0.846497,nan,nan
163,20,68.6197,848.053,137.183,204.382,65.7356,847.65,137.609,204.836,0,0.616894,nan,nan
163,45,39.7609,1121.99,76.6509,195.145,36.9769,1122.19,76.9385,195.584,0,0.514819,nan,nan
163,31,1227.83,1122.83,464.453,196.806,1227.48,1123,465.456,197.229,0,0.456544,424.99,345.727
164,1,106.758,547.084,207.853,232.55,104.071,545.597,208.5,232.874,0,0.845428,nan,nan
164,20,68.6243,848.098,137.184,204.432,65.5751,847.041,137.685,204.769,0,0.610922,nan,nan
164,45,39.7453,1121.94,76.6424,195.185,36.3691,1121.36,77.0133,195.555,0,0.52038,nan,nan
164,31,1228.82,1124.02,464.656,195.97,1228.06,1123.49,465.687,196.328,0,0.453922,424.99,345.727
165,1,106.757,547.116,207.847,232.574,104.011,545.594,208.461,232.918,0,0.845642,nan,nan
165,20,68.624,848.146,137.177,204.342,65.5723,847.065,137.642,204.686,0,0.609742,nan,nan
165,45,39.7853,1122.12,76.6159,195.348,36.4592,1121.51,76.9498,195.716,0,0.51379,nan,nan
165,31,1236.82,1135.47,465.728,208.491,1236.13,1134.95,466.734,208.872,0,0.592389,424.99,345.727
166,1,106.769,547.093,207.867,232.614,104.035,545.573,208.515,232.938,0,0.844855,nan,nan
166,20,68.4616,849.422,136.874,207.327,65.3652,848.322,137.376,207.664,0,0.610296,nan,nan
166,45,39.7643,1122.14,76.5732,195.451,36.3442,1121.5,76.9426,195.812,0,0.5219,nan,nan
166,31,1239.72,1139.39,466.119,213.01,1238.94,1138.86,467.168,213.402,0,0.58133,424.99,345.727
167,1,106.773,547.084,207.882,232.604,104.095,545.602,208.458,232.965,0,0.844872,nan,nan
167,20,68.3786,850.129,136.706,208.603,65.4135,849.094,137.139,208.95,0,0.604352,nan,nan
167,45,39.7295,1122.02,76.45,195.823,36.5133,1121.43,76.7551,196.17,0,0.510825,nan,nan
167,31,1248.57,1149.99,467.397,224.546,1247.8,1149.56,468.371,224.95,0,0.651089,424.99,345.727
168,1,106.756,547.063,207.847,232.619,103.997,545.316,208.438,233.008,0,0.844261,nan,nan
168,20,68.3356,850.326,136.633,209.01,65.2728,849.032,137.081,209.385,0,0.60573,nan,nan
168,45,39.6883,1121.94,76.3989,196.057,36.3588,1121.11,76.7187,196.432,0,0.517384,nan,nan
168,31,1251.78,1153.78,467.87,228.88,1250.97,1153.27,468.878,229.376,0,0.650459,424.99,345.727
169,1,106.752,547.058,207.843,232.605,104.2,545.478,208.362,233.023,0,0.844961,nan,nan
169,20,68.3276,850.416,136.622,209.185,65.5428,849.334,137.004,209.572,0,0.604054,nan,nan
169,45,39.6885,1121.92,76.3806,196.072,36.7032,1121.32,76.6417,196.445,0,0.512157,nan,nan
169,31,1252.84,1154.94,468.049,230.616,1252.16,1154.58,468.951,231.083,0,0.651696,424.99,345.727
170,1,106.725,547.144,207.814,232.683,104.079,545.397,208.404,232.996,0,0.845429,nan,nan
170,20,68.3324,850.896,136.651,209.31,65.3575,849.524,137.11,209.638,0,0.597222,nan,nan
170,45,39.6645,1121.99,76.3271,196.014,36.3983,1121.03,76.6637,196.359,0,0.508668,nan,nan
170,31,1262.88,1165.6,465.57,243.623,1262.17,1164.97,466.598,244.121,0,0.6741,424.99,345.727
171,1,106.733,547.144,207.796,232.69,104.121,545.435,208.35,233.025,0,0.846153,nan,nan
171,20,68.3364,851.068,136.639,209.51,65.452,849.766,137.062,209.853,0,0.593231,nan,nan
171,45,39.7008,1121.96,76.335,195.928,36.5759,1121.09,76.6352,196.282,0,0.500606,nan,nan
171,31,1266.51,1169.45,464.612,248.532,1265.92,1168.87,465.576,249.026,0,0.675125,424.99,345.727
172,1,106.717,547.171,207.777,232.67,104.108,545.587,208.363,232.997,0,0.845661,nan,nan
172,20,68.3098,850.844,136.593,208.966,65.382,849.685,137.049,209.315,0,0.598485,nan,nan
172,45,39.6969,1122.01,76.3197,195.752,36.4867,1121.31,76.6526,196.125,0,0.500033,nan,nan
172,31,1277.05,1179.33,465.557,263.343,1276.47,1178.89,466.575,263.878,0,0.536455,424.99,345.727
173,1,106.723,547.164,207.779,232.663,104.085,545.529,208.386,232.988,0,0.846367,nan,nan
173,20,68.301,850.743,136.567,208.715,65.3441,849.528,137.036,209.06,0,0.596557,nan,nan
173,45,39.7018,1122.03,76.3221,195.659,36.462,1121.28,76.6618,196.027,0,0.49593,nan,nan
173,31,1280.86,1182.94,465.92,268.945,1280.33,1182.41,466.94,269.461,0,0.543365,424.99,345.727
174,1,106.742,547.172,207.818,232.681,104.272,545.605,208.309,233.007,0,0.845482,nan,nan
174,20,68.3018,850.728,136.565,208.466,65.5901,849.592,136.942,208.811,0,0.597302,nan,nan
174,45,39.724,1122.22,76.283,195.518,36.7971,1121.54,76.5531,195.887,0,0.489036,nan,nan
174,31,1291.79,1192.27,463.666,281.355,1291.34,1191.87,464.622,281.936,0,0.506974,424.99,345.727
175,1,106.742,547.163,207.82,232.662,104.234,545.382,208.322,232.978,0,0.845877,nan,nan
175,20,68.2962,850.672,136.557,208.257,65.5166,849.282,136.95,208.596,0,0.593697,nan,nan
175,45,39.762,1122.24,76.3017,195.562,36.74,1121.28,76.5898,195.925,0,0.486195,nan,nan
175,31,1295.73,1195.69,462.844,286.108,1295.2,1195.17,463.832,286.752,0,0.519732,424.99,345.727
176,1,106.744,547.154,207.829,232.672,104.233,545.497,208.321,233.002,0,0.845262,nan,nan
176,20,68.3093,850.614,136.583,208.092,65.5515,849.38,136.963,208.441,0,0.595176,nan,nan
176,45,39.7695,1122.23,76.2873,195.552,36.792,1121.45,76.5605,195.925,0,0.48931,nan,nan
176,31,1297,1196.77,462.54,287.799,1296.53,1196.35,463.514,288.427,0,0.520818,424.99,345.727
177,1,106.742,547.275,207.833,232.53,104.164,545.535,208.347,232.877,0,0.84581,nan,nan
177,20,68.2621,850.783,136.501,208.296,65.4403,849.476,136.894,208.655,0,0.59907,nan,nan
177,45,39.7455,1122.42,76.2365,195.158,36.7076,1121.58,76.5141,195.535,0,0.494788,nan,nan
177,31,1308.7,1204.2,464.287,299.106,1308.29,1203.74,465.273,299.752,0,0.594839,424.99,345.727
178,1,106.753,547.293,207.848,232.504,104.18,545.608,208.367,232.881,0,0.845327,nan,nan
178,20,68.2676,850.837,136.504,208.401,65.4583,849.63,136.899,208.787,0,0.601302,nan,nan
178,45,39.7462,1122.47,76.2154,194.998,36.7282,1121.77,76.4913,195.4,0,0.489521,nan,nan
178,31,1312.91,1206.89,464.941,303.316,1312.57,1206.54,465.922,303.982,0,0.587073,424.99,345.727
179,1,106.802,547.341,207.943,232.474,104.471,545.907,208.415,232.803,0,0.845631,nan,nan
179,20,68.2408,851.073,136.432,208.293,65.6537,850.092,136.802,208.652,0,0.604198,nan,nan
179,45,39.7481,1122.57,76.1523,194.602,36.9321,1122.07,76.4241,194.988,0,0.500966,nan,nan
179,31,1324.8,1215.66,460.419,317.163,1324.43,1215.49,461.368,317.867,0,0.647436,424.99,345.727
180,1,106.818,547.313,207.988,232.505,104.562,545.569,208.498,232.828,0,0.845007,nan,nan
180,20,68.2287,851.143,136.418,208.382,65.6363,849.812,136.836,208.748,0,0.601979,nan,nan
180,45,39.7371,1122.57,76.1338,194.501,36.841,1121.71,76.4576,194.902,0,0.500134,nan,nan
180,31,1329.07,1218.91,458.731,322.387,1328.62,1218.61,459.733,323.216,0,0.647524,424.99,345.727
181,1,106.821,547.325,207.99,232.47,104.442,545.551,208.519,232.81,0,0.845904,nan,nan
181,20,68.2215,851.142,136.405,208.328,65.5133,849.796,136.832,208.703,0,0.60558,nan,nan
181,45,39.729,1122.59,76.1107,194.422,36.7252,1121.72,76.435,194.828,0,0.501352,nan,nan
181,31,1330.43,1219.93,458.09,324.232,1329.97,1219.62,459.098,325.052,0,0.645833,424.99,345.727
182,1,106.814,547.324,208.006,232.5,104.622,545.655,208.503,232.814,0,0.844446,nan,nan
182,20,68.2065,851.229,136.397,208.471,65.6777,849.972,136.806,208.831,0,0.593377,nan,nan
182,45,39.6873,1122.59,76.0382,194.505,36.8548,1121.8,76.3573,194.902,0,0.5075,nan,nan
182,31,1342.23,1226.45,455.327,334.213,1341.79,1226.21,456.31,335.063,0,0.760569,424.99,345.727
183,1,106.805,547.315,207.955,232.495,104.453,545.946,208.455,232.764,0,0.844441,nan,nan
183,20,68.105,851.55,136.193,209.252,65.4545,850.565,136.588,209.555,0,0.578799,nan,nan
183,45,39.6705,1122.64,75.9985,194.368,36.7547,1122.07,76.2928,194.699,0,0.495271,nan,nan
183,31,1346.46,1228.74,454.332,337.855,1345.95,1228.45,455.293,338.506,0,0.759699,424.99,345.727
184,1,106.788,547.359,207.897,232.466,104.391,545.999,208.407,232.709,0,0.844856,nan,nan
184,20,68.085,851.968,136.154,209.978,65.3873,850.967,136.558,210.266,0,0.567576,nan,nan
184,45,39.6132,1122.67,75.9064,194.176,36.6484,1122.07,76.2067,194.498,0,0.495196,nan,nan
184,31,1362.43,1235.42,451.398,351.062,1362,1235.09,452.365,351.719,0,0.74373,424.99,345.727
185,1,106.789,547.372,207.89,232.458,104.337,545.999,208.417,232.704,0,0.844364,nan,nan
185,20,68.0833,852.065,136.151,210.177,65.3339,851.051,136.563,210.458,0,0.569705,nan,nan
185,45,39.5884,1122.67,75.8695,194.13,36.5767,1122.05,76.1704,194.437,0,0.494901,nan,nan
185,31,1368.2,1237.88,450.349,356.037,1367.75,1237.47,451.307,356.638,0,0.742828,424.99,345.727
186,1,106.778,547.369,207.868,232.448,104.293,546.015,208.384,232.652,0,0.844846,nan,nan
186,20,68.0591,852.198,136.106,210.381,65.3046,851.157,136.509,210.634,0,0.567109,nan,nan
186,45,39.5755,1122.75,75.8106,193.914,36.5827,1122.07,76.1004,194.204,0,0.501338,nan,nan
186,31,1382.17,1242.31,443.354,365.252,1381.94,1241.79,444.325,365.845,0,0.820747,424.99,345.727
187,1,106.784,547.366,207.876,232.469,104.293,545.987,208.401,232.762,0,0.844241,nan,nan
187,20,68.0534,852.267,136.094,210.492,65.3129,851.307,136.493,210.81,0,0.56405,nan,nan
187,45,39.5611,1122.76,75.7737,193.852,36.6032,1122.24,76.052,194.19,0,0.500533,nan,nan
187,31,1387.13,1243.83,440.793,368.574,1386.89,1243.48,441.688,369.225,0,0.819741,424.99,345.727
188,1,106.783,547.355,207.875,232.49,104.347,546.092,208.405,232.726,0,0.844613,nan,nan
188,20,68.0585,852.288,136.104,210.566,65.322,851.374,136.522,210.845,0,0.569166,nan,nan
188,45,39.546,1122.76,75.7592,193.831,36.5442,1122.24,76.0644,194.141,0,0.502548,nan,nan
188,31,1388.69,1244.26,439.88,369.705,1388.35,1243.89,440.822,370.351,0,0.820294,424.99,345.727
189,1,106.806,547.396,207.949,232.457,104.265,546.113,208.491,232.772,0,0.844745,nan,nan
189,20,68.0451,852.18,136.09,211.347,65.2431,851.345,136.501,211.687,0,0.554923,nan,nan
189,45,39.5312,1122.78,75.7338,193.783,36.5021,1122.41,76.0201,194.137,0,0.505964,nan,nan
189,31,1401.48,1248.72,434.609,380.708,1401.2,1248.51,435.495,381.412,0,0.725633,424.99,345.727
190,1,106.812,547.419,207.954,232.372,104.307,546.021,208.519,232.613,0,0.845213,nan,nan
190,20,68.0527,852.067,136.104,211.376,65.2183,851.028,136.554,211.669,0,0.558348,nan,nan
190,45,39.5174,1122.77,75.702,193.789,36.3899,1122.15,76.0338,194.118,0,0.507232,nan,nan
190,31,1406,1250.31,432.695,384.764,1405.71,1249.96,433.673,385.473,0,0.728292,424.99,345.727
191,1,106.829,547.397,207.999,232.457,104.294,545.91,208.56,232.73,0,0.844876,nan,nan
191,20,68.0628,851.753,136.126,211.02,65.2208,850.654,136.564,211.331,0,0.563956,nan,nan
191,45,39.4674,1122.74,75.6438,193.96,36.3534,1122.07,75.9614,194.298,0,0.51686,nan,nan
191,31,1422.49,1254.59,425.742,396.343,1422.22,1254.19,426.667,397.061,0,0.784469,424.99,345.727
192,1,106.832,547.395,208.001,232.435,104.328,545.865,208.569,232.716,0,0.844894,nan,nan
192,20,68.0839,851.766,136.166,210.665,65.2558,850.632,136.614,210.987,0,0.564864,nan,nan
192,45,39.4565,1122.72,75.5863,193.999,36.3406,1122.03,75.9153,194.351,0,0.512154,nan,nan
192,31,1428.35,1256.13,423.21,400.597,1428.09,1255.76,424.142,401.367,0,0.791593,424.99,345.727
193,1,106.842,547.379,208.026,232.486,104.331,546.001,208.597,232.776,0,0.844771,nan,nan
193,20,68.0731,851.794,136.141,210.66,65.2596,850.84,136.585,210.988,0,0.561659,nan,nan
193,45,39.4485,1122.71,75.5873,194.038,36.3678,1122.21,75.9057,194.396,0,0.516308,nan,nan
193,31,1430.2,1256.57,422.354,402.058,1430.01,1256.27,423.253,402.818,0,0.791196,424.99,345.727
194,1,106.766,547.409,207.883,232.607,104.338,545.991,208.506,232.876,0,0.844882,nan,nan
194,20,67.9872,851.931,135.974,210.758,65.1675,850.915,136.475,211.08,0,0.561442,nan,nan
194,45,39.4265,1122.89,75.5941,194.164,36.2576,1122.33,75.9715,194.527,0,0.501835,nan,nan
194,31,1443.63,1257.66,417.034,410.873,1443.37,1257.36,417.987,411.679,0,0.806641,424.99,345.727
195,1,106.749,547.386,207.823,232.679,104.335,546.141,208.423,232.958,0,0.844646,nan,nan
195,20,67.9471,852.041,135.889,210.999,65.177,851.2,136.363,211.326,0,0.559093,nan,nan
195,45,39.4339,1122.92,75.6041,194.156,36.3485,1122.53,75.9551,194.513,0,0.503004,nan,nan
195,31,1448.35,1257.97,415.144,414.095,1448.11,1257.69,416.051,414.895,0,0.806578,424.99,345.727
196,1,106.692,547.377,207.734,232.651,104.264,545.767,208.357,232.949,0,0.845795,nan,nan
196,20,67.9266,852.18,135.853,211.265,65.0964,850.986,136.358,211.616,0,0.569812,nan,nan
196,45,39.4304,1122.97,75.6049,194.203,36.2414,1122.26,75.9884,194.591,0,0.504868,nan,nan
196,31,1464.81,1261.14,407.911,426.089,1464.61,1260.86,408.864,427.02,0,0.798207,424.99,345.727
197,1,106.69,547.368,207.709,232.641,104.361,545.881,208.323,232.949,0,0.845227,nan,nan
197,20,67.9174,852.289,135.827,211.4,65.1975,851.248,136.323,211.759,0,0.566936,nan,nan
197,45,39.448,1122.98,75.6099,194.207,36.3801,1122.44,75.9851,194.602,0,0.50395,nan,nan
197,31,1470.65,1262.26,405.347,430.535,1470.51,1262.05,406.254,431.449,0,0.796925,424.99,345.727
198,1,106.678,547.545,207.649,232.495,104.458,546.033,208.225,232.755,0,0.843113,nan,nan
198,20,67.9334,852.758,135.837,212.076,65.2989,851.646,136.315,212.399,0,0.556614,nan,nan
198,45,39.3889,1123.28,75.7023,193.961,36.384,1122.62,76.0755,194.326,0,0.486115,nan,nan
198,31,1486.19,1263.15,393.121,439.315,1485.93,1262.86,394.058,440.271,0,0.841971,424.99,345.727
199,1,106.651,547.557,207.604,232.414,104.386,546.162,208.153,232.671,0,0.842868,nan,nan
199,20,67.9364,852.759,135.857,212.005,65.2987,851.74,136.306,212.309,0,0.557225,nan,nan
199,45,39.3584,1123.33,75.7395,193.91,36.389,1122.74,76.0832,194.245,0,0.484322,nan,nan
199,31,1491.6,1263.34,388.74,442.495,1491.35,1262.99,389.638,443.368,0,0.844592,424.99,345.727
200,1,106.672,547.539,207.66,232.419,104.471,545.864,208.237,232.661,0,0.842319,nan,nan
200,20,67.9262,852.857,135.847,212.381,65.2887,851.54,136.332,212.693,0,0.55013,nan,nan
200,45,39.347,1123.39,75.6959,193.86,36.3191,1122.5,76.0801,194.216,0,0.47544,nan,nan
200,31,1493.25,1263.32,387.264,443.495,1492.97,1262.93,388.217,444.496,0,0.841623,424.99,345.727
201,1,106.67,547.555,207.66,232.366,104.544,545.958,208.264,232.642,0,0.841725,nan,nan
201,20,67.9106,852.703,135.813,211.853,65.304,851.517,136.328,212.203,0,0.559865,nan,nan
201,45,39.3387,1123.33,75.6388,194.02,36.3004,1122.63,76.0525,194.418,0,0.474889,nan,nan
201,31,1508.55,1259.27,377.482,450.261,1508.3,1259.09,378.463,451.382,0,0.616926,424.99,345.727
202,1,106.683,547.551,207.689,232.386,104.475,545.968,208.309,232.664,0,0.842143,nan,nan
202,20,67.9,852.703,135.793,211.911,65.2209,851.539,136.314,212.26,0,0.556062,nan,nan
202,45,39.3412,1123.33,75.6262,194.043,36.2404,1122.65,76.0397,194.439,0,0.474637,nan,nan
202,31,1513.9,1257.66,374.018,452.647,1513.7,1257.43,374.975,453.725,0,0.621572,424.99,345.727
203,1,106.675,547.581,207.672,232.35,104.517,546.01,208.215,232.598,0,0.84192,nan,nan
203,20,67.929,852.595,135.855,211.86,65.3517,851.394,136.316,212.182,0,0.555345,nan,nan
203,45,39.3542,1123.3,75.7041,194.105,36.4005,1122.54,76.0722,194.473,0,0.477275,nan,nan
203,31,1530.14,1257.06,361.818,457.701,1530,1256.85,362.703,458.804,0,0.899038,424.99,345.727
204,1,106.686,547.56,207.686,232.379,104.444,546.052,208.227,232.611,0,0.842288,nan,nan
204,20,67.9236,852.529,135.844,211.943,65.2673,851.374,136.303,212.256,0,0.550086,nan,nan
204,45,39.3536,1123.3,75.7101,194.028,36.3246,1122.57,76.0765,194.391,0,0.484781,nan,nan
204,31,1535.77,1256.77,357.504,459.423,1535.67,1256.6,358.404,460.536,0,0.899615,424.99,345.727
205,1,106.681,547.565,207.672,232.362,104.414,546.133,208.225,232.625,0,0.84182,nan,nan
205,20,67.9321,852.596,135.858,211.852,65.2676,851.571,136.32,212.184,0,0.553369,nan,nan
205,45,39.3364,1123.27,75.7193,194.096,36.3162,1122.71,76.0806,194.475,0,0.483672,nan,nan
205,31,1537.47,1256.63,356.166,459.87,1537.41,1256.49,357.026,460.946,0,0.899388,424.99,345.727
206,1,106.69,547.522,207.687,232.405,104.522,546.15,208.208,232.661,0,0.842241,nan,nan
206,20,67.9481,852.46,135.884,211.807,65.4046,851.477,136.318,212.121,0,0.560739,nan,nan
206,45,39.304,1122.9,75.5878,194.412,36.4242,1122.36,75.9276,194.768,0,0.493263,nan,nan
206,31,1551.47,1252.5,343.777,463.649,1551.42,1252.35,344.579,464.684,0,0.878731,424.99,345.727
207,1,106.677,547.552,207.672,232.376,104.451,546.157,208.184,232.627,0,0.841753,nan,nan
207,20,67.9529,852.466,135.894,211.674,65.3683,851.456,136.319,211.986,0,0.560816,nan,nan
207,45,39.2828,1122.79,75.56,194.632,36.377,1122.22,75.8905,194.988,0,0.493545,nan,nan
207,31,1556.29,1250.9,339.418,464.885,1556.3,1250.73,340.222,465.927,0,0.877797,424.99,345.727
208,1,106.657,547.565,207.654,232.348,104.567,545.765,208.228,232.642,0,0.842297,nan,nan
208,20,67.9568,852.444,135.905,211.732,65.4238,851.02,136.39,212.083,0,0.571653,nan,nan
208,45,39.2997,1122.8,75.5489,194.631,36.3696,1121.82,75.9361,195.016,0,0.495595,nan,nan
208,31,1572.22,1246.71,323.01,468.75,1572.17,1246.48,323.814,469.882,0,0.884705,424.99,345.727
209,1,106.67,547.576,207.672,232.365,104.142,546.489,208.151,232.715,0,0.842006,nan,nan
209,20,67.9823,852.446,135.952,211.676,65.5175,851.814,136.295,212.005,0,0.574307,nan,nan
209,45,39.2829,1122.82,75.5466,194.685,36.8835,1122.61,75.7729,194.995,0,0.496078,nan,nan
209,31,1577.66,1245.13,317.24,470.134,1578.19,1245.02,318.106,470.898,0,0.883995,424.99,345.727
210,1,106.66,547.586,207.65,232.344,104.558,545.831,208.215,232.639,0,0.842216,nan,nan
210,20,67.9804,852.465,135.949,211.781,65.451,851.09,136.424,212.129,0,0.570786,nan,nan
210,45,39.2957,1122.83,75.5477,194.636,36.3829,1121.9,75.9245,195.017,0,0.493087,nan,nan
210,31,1579.28,1244.55,315.435,470.467,1579.25,1244.33,316.21,471.582,0,0.884673,424.99,345.727
211,1,106.667,547.582,207.626,232.341,104.608,545.898,208.181,232.603,0,0.841847,nan,nan
211,20,67.9945,852.42,135.945,211.83,65.4874,851.104,136.421,212.164,0,0.587839,nan,nan
211,45,39.3174,1122.92,75.6181,194.633,36.4069,1122.05,76.004,195.012,0,0.494971,nan,nan
211,31,1593.32,1239.69,304.56,474.087,1593.26,1239.45,305.308,475.234,0,0.902539,424.99,345.727
212,1,106.644,547.573,207.621,232.353,104.54,545.748,208.19,232.643,0,0.842246,nan,nan
212,20,67.9945,852.394,135.966,211.791,65.4309,850.949,136.456,212.149,0,0.594649,nan,nan
212,45,39.32,1123.01,75.6479,194.626,36.3419,1122.02,76.0444,195.027,0,0.49461,nan,nan
212,31,1598.11,1237.83,300.891,475.341,1598.09,1237.62,301.649,476.562,0,0.902281,424.99,345.727
213,1,106.635,547.568,207.599,232.325,104.585,545.854,208.103,232.581,0,0.842385,nan,nan
213,20,68.0136,852.519,136.003,211.859,65.5769,851.154,136.431,212.18,0,0.587695,nan,nan
213,45,39.3644,1123.11,75.7285,194.749,36.5801,1122.16,76.0708,195.109,0,0.48407,nan,nan
213,31,1612.63,1231.49,286.822,475.062,1612.71,1231.19,287.486,476.16,0,0.903592,424.99,345.727
214,1,106.625,547.575,207.59,232.326,104.561,545.711,208.108,232.606,0,0.842775,nan,nan
214,20,68.022,852.65,136.028,212.18,65.546,851.148,136.474,212.527,0,0.586565,nan,nan
214,45,39.3808,1123.16,75.7556,194.765,36.5337,1122.09,76.116,195.152,0,0.479461,nan,nan
214,31,1617.52,1229.14,282.012,474.853,1617.62,1228.87,282.691,476.044,0,0.903853,424.99,345.727
215,1,106.609,547.603,207.519,232.245,104.71,546.105,207.973,232.454,0,0.843944,nan,nan
215,20,68.0427,852.547,136.06,211.966,65.7736,851.361,136.455,212.254,0,0.592399,nan,nan
215,45,39.3882,1123.06,75.7853,194.676,36.7847,1122.26,76.1078,195.015,0,0.48197,nan,nan
215,31,1632.57,1221.1,265.372,476.341,1632.77,1220.88,265.995,477.43,0,0.906287,424.99,345.727
216,1,106.59,547.642,207.49,232.215,104.52,545.719,207.982,232.432,0,0.844245,nan,nan
216,20,68.0503,852.684,136.083,212.176,65.5577,851.033,136.519,212.478,0,0.591639,nan,nan
216,45,39.3911,1123.07,75.7938,194.63,36.5154,1121.79,76.1548,194.983,0,0.482797,nan,nan
216,31,1637.57,1218.12,259.722,476.862,1637.72,1217.79,260.399,478.055,0,0.906504,424.99,345.727
217,1,106.589,547.661,207.493,232.177,104.648,545.791,208.016,232.386,0,0.843966,nan,nan
217,20,68.0413,852.685,136.066,212.1,65.6253,851.096,136.537,212.407,0,0.591546,nan,nan
217,45,39.385,1123.06,75.7886,194.643,36.5382,1121.86,76.1848,195.011,0,0.484387,nan,nan
217,31,1638.98,1217.1,258.024,476.925,1639.12,1216.78,258.69,478.142,0,0.906393,424.99,345.727
218,1,106.575,547.638,207.484,232.247,104.418,545.774,208.026,232.449,0,0.843565,nan,nan
218,20,68.0314,852.284,136.052,211.742,65.4231,850.695,136.528,212.038,0,0.587666,nan,nan
218,45,39.4535,1123.1,75.932,194.668,36.436,1121.9,76.323,195.024,0,0.481333,nan,nan
218,31,1652.3,1210.82,242.876,477.629,1652.53,1210.42,243.521,478.778,0,0.899632,424.99,345.727
219,1,106.581,547.63,207.495,232.269,104.433,545.795,208.072,232.48,0,0.843289,nan,nan
219,20,68.0277,852.042,136.039,211.339,65.4033,850.505,136.544,211.646,0,0.590156,nan,nan
219,45,39.4761,1123.12,75.9792,194.724,36.4189,1121.99,76.394,195.096,0,0.484918,nan,nan
219,31,1656.73,1208.55,237.74,477.824,1656.97,1208.13,238.361,478.967,0,0.899531,424.99,345.727
220,1,106.467,547.642,207.318,232.17,104.477,546.087,207.838,232.398,0,0.844619,nan,nan
220,20,67.9592,851.541,135.918,210.37,65.5857,850.312,136.351,210.655,0,0.616503,nan,nan
220,45,39.5295,1123.03,76.0092,194.767,36.8111,1122.19,76.3518,195.091,0,0.456509,nan,nan
220,31,1669.38,1199.56,220.853,474.762,1669.67,1199.16,221.389,475.714,0,0.892892,424.99,345.727
221,1,106.455,547.643,207.236,232.124,104.394,545.74,207.883,232.322,0,0.844637,nan,nan
221,20,67.9681,851.355,135.913,209.942,65.3447,849.72,136.476,210.231,0,0.621146,nan,nan
221,45,39.5839,1123,76.0361,194.83,36.4495,1121.74,76.5067,195.183,0,0.455071,nan,nan
221,31,1673.53,1196.3,215.222,473.552,1673.73,1195.79,215.867,474.637,0,0.892911,424.99,345.727
222,1,106.484,547.743,207.239,232.21,104.636,546.242,207.732,232.4,0,0.843491,nan,nan
222,20,67.984,851.163,135.894,209.788,65.7129,849.976,136.326,210.065,0,0.616133,nan,nan
222,45,39.6155,1122.8,76.0257,195.083,36.9593,1122.01,76.387,195.427,0,0.441985,nan,nan
222,31,1685.89,1186.12,206.108,471.984,1686.32,1185.75,206.634,473.084,0,0.848114,424.99,345.727
223,1,106.468,547.78,207.235,232.225,104.46,546.05,207.789,232.384,0,0.842783,nan,nan
223,20,67.9788,851.164,135.9,209.788,65.481,849.699,136.391,210.059,0,0.616617,nan,nan
223,45,39.6045,1122.73,76.0332,195.167,36.6591,1121.65,76.4482,195.517,0,0.447993,nan,nan
223,31,1689.89,1182.39,203.307,471.321,1690.29,1181.89,203.867,472.444,0,0.848418,424.99,345.727
224,1,106.46,547.795,207.234,232.238,104.587,546.041,207.781,232.395,0,0.843517,nan,nan
224,20,67.9772,851.09,135.906,209.785,65.5876,849.591,136.399,210.056,0,0.616127,nan,nan
224,45,39.6096,1122.65,76.0372,195.301,36.7468,1121.53,76.4623,195.652,0,0.446427,nan,nan
224,31,1690.99,1181.12,202.648,471.089,1691.32,1180.65,203.208,472.252,0,0.848172,424.99,345.727
225,1,106.5,547.752,207.299,232.14,104.431,545.938,207.917,232.317,0,0.844576,nan,nan
225,20,67.9884,850.6,135.907,209.089,65.3607,849.067,136.456,209.385,0,0.631675,nan,nan
225,45,39.6089,1122.61,76.0806,195.485,36.4687,1121.49,76.5497,195.867,0,0.432797,nan,nan
225,31,1702.17,1172.86,205.924,469.294,1702.57,1172.39,206.519,470.486,0,0.779289,424.99,345.727
226,1,106.484,547.754,207.297,232.104,104.431,546.049,207.91,232.303,0,0.844397,nan,nan
226,20,67.9836,850.5,135.911,208.934,65.3999,849.115,136.447,209.238,0,0.625804,nan,nan
226,45,39.6082,1122.61,76.0959,195.518,36.539,1121.66,76.5473,195.901,0,0.434092,nan,nan
226,31,1705.96,1169.9,207.328,468.63,1706.35,1169.43,207.892,469.771,0,0.787482,424.99,345.727
227,1,106.554,547.583,207.324,232.189,104.277,545.663,207.988,232.394,0,0.844843,nan,nan
227,20,68.091,850.072,136.037,208.113,65.2632,848.447,136.613,208.424,0,0.637287,nan,nan
227,45,39.6744,1122.42,76.0812,195.293,36.3417,1121.23,76.5613,195.686,0,0.442787,nan,nan
227,31,1717.22,1160.04,222.008,468.181,1717.67,1159.48,222.628,469.298,0,0.880904,424.99,345.727
228,1,106.523,547.589,207.324,232.225,104.257,545.73,207.997,232.431,0,0.844919,nan,nan
228,20,68.1054,849.955,136.132,207.716,65.2875,848.399,136.712,208.022,0,0.636064,nan,nan
228,45,39.6613,1122.44,76.0765,195.154,36.3375,1121.32,76.5574,195.54,0,0.442925,nan,nan
228,31,1721.15,1156.54,227.401,468.001,1721.56,1155.95,228.017,469.075,0,0.881649,424.99,345.727
229,1,106.521,547.596,207.343,232.237,104.195,545.683,207.968,232.443,0,0.844474,nan,nan
229,20,68.1056,849.936,136.153,207.485,65.2905,848.309,136.686,207.782,0,0.641348,nan,nan
229,45,39.6624,1122.44,76.0621,195.094,36.3995,1121.21,76.4989,195.462,0,0.441428,nan,nan
229,31,1722.35,1155.4,229.56,467.917,1722.82,1154.78,230.18,468.957,0,0.881488,424.99,345.727
230,1,106.647,547.587,207.488,232.323,104.347,545.656,208.112,232.606,0,0.844475,nan,nan
230,20,68.1545,849.78,136.124,207.264,65.394,848.221,136.648,207.618,0,0.652406,nan,nan
230,45,39.8273,1122.34,76.312,195.125,36.6461,1121.26,76.7349,195.54,0,0.441,nan,nan
230,31,1730.96,1145.04,242.258,465.424,1731.45,1144.51,242.873,466.501,0,0.815385,424.99,345.727
231,1,106.625,547.614,207.543,232.316,104.289,545.694,208.227,232.583,0,0.843942,nan,nan
231,20,68.0978,849.761,136.108,207.229,65.2342,848.21,136.688,207.582,0,0.653051,nan,nan
231,45,39.8143,1122.33,76.3978,195.213,36.4679,1121.26,76.8723,195.639,0,0.443179,nan,nan
231,31,1734.02,1141.33,247.012,464.486,1734.5,1140.75,247.649,465.574,0,0.816412,424.99,345.727
232,1,106.668,547.577,207.604,232.321,103.94,545.78,208.335,232.641,0,0.842852,nan,nan
232,20,68.1163,849.394,136.129,206.648,64.9441,848.025,136.714,207.02,0,0.656193,nan,nan
232,45,39.8369,1122.31,76.5268,195.046,36.2624,1121.46,76.9733,195.473,0,0.45935,nan,nan
232,31,1745.02,1129.41,261.483,463.188,1745.61,1128.79,262.124,464.091,0,0.466043,424.99,345.727
233,1,106.666,547.604,207.633,232.281,104.038,545.929,208.307,232.59,0,0.842758,nan,nan
233,20,68.1048,849.293,136.148,206.27,65.0623,848.038,136.69,206.632,0,0.658289,nan,nan
233,45,39.816,1122.31,76.562,195.013,36.3969,1121.57,76.9776,195.43,0,0.461702,nan,nan
233,31,1749.05,1125.16,266.95,462.71,1749.62,1124.65,267.617,463.635,0,0.471201,424.99,345.727
234,1,106.697,547.555,207.673,232.352,104.011,546.064,208.402,232.675,0,0.84343,nan,nan
234,20,68.1147,848.82,136.159,205.505,64.9933,847.792,136.736,205.872,0,0.668004,nan,nan
234,45,39.8474,1122.25,76.6272,195.118,36.3315,1121.77,77.0659,195.547,0,0.465686,nan,nan
234,31,1757.69,1115.95,280.548,465.323,1758.25,1115.44,281.173,466.204,0,0.560694,424.99,345.727
235,1,106.712,547.562,207.72,232.375,103.988,546.006,208.473,232.729,0,0.843643,nan,nan
235,20,68.1186,848.666,136.184,205.092,64.9451,847.607,136.78,205.489,0,0.669903,nan,nan
235,45,39.8394,1122.24,76.6472,195.276,36.2589,1121.77,77.1015,195.734,0,0.466172,nan,nan
235,31,1760.86,1112.68,285.739,466.304,1761.47,1112.19,286.378,467.232,0,0.557512,424.99,345.727
236,1,106.665,547.564,207.608,232.367,104.004,546.058,208.327,232.681,0,0.84485,nan,nan
236,20,68.1011,848.559,136.153,204.949,64.9782,847.499,136.731,205.319,0,0.667801,nan,nan
236,45,39.8644,1122.29,76.6166,195.208,36.3204,1121.76,77.067,195.642,0,0.462191,nan,nan
236,31,1761.86,1111.68,287.646,466.676,1762.41,1111.26,288.331,467.63,0,0.568393,424.99,345.727
237,1,106.665,547.526,207.567,232.379,103.977,545.999,208.341,232.795,0,0.843944,nan,nan
237,20,68.193,848.519,136.285,205.048,65.0387,847.545,136.896,205.489,0,0.678976,nan,nan
237,45,39.9487,1122.26,76.723,195.313,36.3726,1121.91,77.1883,195.8,0,0.453015,nan,nan
237,31,1769.58,1097.45,299.423,458.756,1770.11,1097.14,300.056,459.705,0,0.589411,424.99,345.727
238,1,106.653,547.51,207.587,232.411,103.972,545.981,208.367,232.802,0,0.843774,nan,nan
238,20,68.1786,848.502,136.291,205.139,65.0233,847.503,136.91,205.564,0,0.673422,nan,nan
238,45,39.9616,1122.28,76.7679,195.308,36.3758,1121.89,77.2413,195.788,0,0.450286,nan,nan
238,31,1772.39,1092.32,303.847,455.793,1772.97,1091.93,304.497,456.714,0,0.593321,424.99,345.727
239,1,106.711,547.508,207.649,232.487,103.71,545.956,208.509,232.909,0,0.842089,nan,nan
239,20,68.2059,848.44,136.297,205.092,64.7203,847.467,136.972,205.547,0,0.678992,nan,nan
239,45,40.0135,1122.09,76.9163,195.44,36.0891,1121.78,77.4227,195.964,0,0.452625,nan,nan
239,31,1780.23,1079.54,316.649,453.814,1780.92,1079.08,317.337,454.73,0,0.616222,424.99,345.727
240,1,106.729,547.516,207.753,232.442,103.721,546.143,208.593,232.82,0,0.842261,nan,nan
240,20,68.2585,848.585,136.45,205.975,64.7434,847.776,137.123,206.425,0,0.657499,nan,nan
240,45,40.0986,1122,77.0066,195.468,36.122,1121.85,77.5231,196.004,0,0.435313,nan,nan
240,31,1783.16,1074.98,321.518,453.092,1783.87,1074.62,322.346,454.097,0,0.599381,424.99,345.727
241,1,106.76,547.517,207.84,232.419,103.743,546.117,208.638,232.799,0,0.842445,nan,nan
241,20,68.2995,848.622,136.553,206.217,64.8314,847.771,137.184,206.65,0,0.661356,nan,nan
241,45,40.1222,1121.99,77.0247,195.405,36.2453,1121.77,77.4986,195.909,0,0.43366,nan,nan
241,31,1784.07,1073.53,323.246,452.856,1784.74,1073.12,324.036,453.782,0,0.600007,424.99,345.727
242,1,106.847,547.486,207.951,232.369,103.762,546.091,208.814,232.756,0,0.842402,nan,nan
242,20,68.3143,848.495,136.514,205.62,64.6985,847.674,137.206,206.074,0,0.669177,nan,nan
242,45,40.1146,1122,77.0858,195.556,36.0155,1121.84,77.6183,196.095,0,0.473344,nan,nan
242,31,1790.18,1060.03,335.174,453.059,1790.73,1059.61,335.945,454.039,0,0.818165,424.99,345.727
243,1,106.842,547.501,208.009,232.36,103.717,546.107,208.862,232.766,0,0.842168,nan,nan
243,20,68.2833,848.427,136.502,205.328,64.6571,847.63,137.179,205.795,0,0.669755,nan,nan
243,45,40.0798,1122.04,77.1392,195.666,35.9986,1121.93,77.6545,196.214,0,0.473665,nan,nan
243,31,1792.37,1055.18,339.616,453.135,1792.95,1054.76,340.402,454.115,0,0.819783,424.99,345.727
244,1,106.943,547.495,208.09,232.281,103.795,546.444,208.949,232.66,0,0.844113,nan,nan
244,20,68.3064,847.836,136.431,203.67,64.6388,847.333,137.115,204.127,0,0.678215,nan,nan
244,45,40.2098,1122.06,77.2519,195.492,36.0675,1122.21,77.78,196.03,0,0.490378,nan,nan
244,31,1797.93,1040.79,350.148,447.266,1798.5,1040.34,350.986,448.245,0,0.700297,424.99,345.727
245,1,106.933,547.508,208.162,232.253,103.653,546.322,209.038,232.649,0,0.844647,nan,nan
245,20,68.2369,847.695,136.384,202.949,64.4725,847.088,137.068,203.417,0,0.679519,nan,nan
245,45,40.1836,1122.07,77.2924,195.511,35.9792,1122.13,77.8076,196.057,0,0.494094,nan,nan
245,31,1799.93,1035.67,354.07,445.091,1800.56,1035.16,354.898,446.018,0,0.701048,424.99,345.727
246,1,107.015,547.474,208.291,232.287,103.73,546.388,209.239,232.715,0,0.843437,nan,nan
246,20,68.2823,847.553,136.438,202.629,64.4099,847.086,137.192,203.136,0,0.678668,nan,nan
246,45,40.2309,1122.01,77.4,195.72,35.8223,1122.27,77.9871,196.315,0,0.490415,nan,nan
246,31,1805.35,1020.44,365.702,442.118,1805.88,1020,366.542,443.145,0,0.778309,424.99,345.727
247,1,107.02,547.487,208.368,232.342,103.484,546.36,209.26,232.819,0,0.843838,nan,nan
247,20,68.2639,847.579,136.457,202.529,64.2798,847.124,137.139,203.058,0,0.681868,nan,nan
247,45,40.1899,1122.02,77.4176,195.818,35.8023,1122.31,77.9183,196.416,0,0.491624,nan,nan
247,31,1807.28,1015.03,370.024,441.063,1807.87,1014.59,370.867,442.044,0,0.780156,424.99,345.727
248,1,107.011,547.494,208.376,232.333,103.726,546.568,209.374,232.764,0,0.84329,nan,nan
248,20,68.2506,847.557,136.448,202.485,64.3391,847.239,137.243,202.999,0,0.681336,nan,nan
248,45,40.1867,1122.05,77.4124,195.758,35.7023,1122.46,78.0341,196.362,0,0.494109,nan,nan
248,31,1807.86,1013.32,371.513,440.747,1808.4,1012.85,372.354,441.76,0,0.778157,424.99,345.727
249,1,107.115,547.459,208.475,232.374,103.302,546.535,209.492,232.902,0,0.843797,nan,nan
249,20,68.3324,847.513,136.498,202.297,63.971,847.308,137.283,202.884,0,0.686332,nan,nan
249,45,40.2568,1122.55,77.7469,195.342,35.3992,1123.16,78.3356,196.004,0,0.504418,nan,nan
249,31,1810.98,999.458,377.019,435.332,1811.55,998.997,377.887,436.4,0,0.728397,424.99,345.727
250,1,107.102,547.494,208.544,232.34,103.34,546.554,209.597,232.854,0,0.843555,nan,nan
250,20,68.311,847.514,136.536,202.315,63.9383,847.285,137.361,202.901,0,0.687152,nan,nan
250,45,40.2438,1122.76,77.8925,195.165,35.3153,1123.36,78.5235,195.835,0,0.506331,nan,nan
250,31,1812.05,994.549,378.981,433.335,1812.59,994.08,379.867,434.417,0,0.726761,424.99,345.727
251,1,107.132,547.457,208.583,232.344,103.334,546.654,209.642,232.878,0,0.842873,nan,nan
251,20,68.3098,847.277,136.506,201.67,63.927,847.187,137.325,202.262,0,0.685884,nan,nan
251,45,40.2964,1122.73,78.0223,195.282,35.3837,1123.45,78.6412,195.95,0,0.508533,nan,nan
251,31,1816.49,978.448,386.192,429.676,1817.06,977.912,387.05,430.716,0,0.67311,424.99,345.727
252,1,107.109,547.495,208.581,232.302,103.321,546.618,209.612,232.833,0,0.842652,nan,nan
252,20,68.2753,847.148,136.48,201.525,63.9268,846.992,137.278,202.118,0,0.684223,nan,nan
252,45,40.3072,1122.74,78.0909,195.255,35.4496,1123.41,78.693,195.928,0,0.515537,nan,nan
252,31,1818.08,972.738,388.794,428.372,1818.67,972.205,389.678,429.415,0,0.671965,424.99,345.727
253,1,107.126,547.498,208.629,232.286,103.314,546.718,209.647,232.801,0,0.843106,nan,nan
253,20,68.2624,847.134,136.467,201.494,63.9206,847.03,137.247,202.059,0,0.684332,nan,nan
253,45,40.2912,1122.77,78.0917,195.308,35.4707,1123.43,78.6719,195.941,0,0.51929,nan,nan
253,31,1818.53,970.927,389.576,427.967,1819.1,970.281,390.411,428.928,0,0.668623,424.99,345.727
254,1,107.187,547.491,208.612,232.207,103.245,546.846,209.734,232.765,0,0.841796,nan,nan
254,20,68.3127,846.965,136.421,201.307,63.7485,847.047,137.29,201.926,0,0.686648,nan,nan
254,45,40.4306,1122.6,78.128,195.196,35.3007,1123.53,78.7872,195.893,0,0.534717,nan,nan
254,31,1820.34,955.197,395.126,424.491,1820.92,954.585,396,425.535,0,0.761875,424.99,345.727
255,1,107.151,547.505,208.647,232.19,103.254,546.871,209.766,232.742,0,0.842128,nan,nan
255,20,68.2776,847.021,136.451,201.268,63.7562,847.105,137.317,201.879,0,0.688121,nan,nan
255,45,40.4085,1122.61,78.124,195.156,35.32,1123.52,78.7817,195.843,0,0.535076,nan,nan
255,31,1820.91,949.635,397.115,423.28,1821.47,949.004,397.98,424.301,0,0.760827,424.99,345.727
256,1,107.15,547.278,208.531,232.256,103.202,546.648,209.52,232.818,0,0.843061,nan,nan
256,20,68.5095,846.462,136.78,201.026,64.0783,846.567,137.535,201.633,0,0.673573,nan,nan
256,45,40.5792,1122.35,78.0851,194.968,35.7106,1123.28,78.6382,195.642,0,0.522669,nan,nan
256,31,1823.01,933.018,404.601,419.076,1823.55,932.519,405.535,420.079,0,0.627975,424.99,345.727
257,1,107.065,547.28,208.525,232.254,103.09,546.662,209.552,232.786,0,0.843581,nan,nan
257,20,68.5161,846.415,136.946,200.632,63.9859,846.502,137.744,201.225,0,0.672938,nan,nan
257,45,40.5448,1122.35,78.0477,194.923,35.5081,1123.26,78.6488,195.598,0,0.511033,nan,nan
257,31,1823.68,927.181,407.298,417.581,1824.18,926.67,408.277,418.592,0,0.627798,424.99,345.727
258,1,107.023,547.423,208.463,232.267,103.09,546.984,209.432,232.864,0,0.843738,nan,nan
258,20,68.4461,846.397,136.839,200.183,64.033,846.713,137.583,200.818,0,0.671027,nan,nan
258,45,40.5413,1122.51,77.9843,194.82,35.6907,1123.68,78.5329,195.522,0,0.526638,nan,nan
258,31,1824.77,909.38,411.29,413.357,1825.31,908.84,412.29,414.439,0,0.661034,424.99,345.727
259,1,106.991,547.469,208.442,232.242,103.044,547.017,209.444,232.856,0,0.844178,nan,nan
259,20,68.4355,846.368,136.848,199.861,63.9704,846.698,137.622,200.518,0,0.664837,nan,nan
259,45,40.5175,1122.57,77.9295,194.775,35.5788,1123.79,78.5076,195.506,0,0.526146,nan,nan
259,31,1825.09,903.039,412.637,411.868,1825.63,902.51,413.642,412.984,0,0.665033,424.99,345.727
260,1,106.98,547.459,208.428,232.263,103.1,547.067,209.408,232.857,0,0.84386,nan,nan
260,20,68.3972,846.379,136.779,199.928,64.0048,846.733,137.536,200.56,0,0.669633,nan,nan
260,45,40.5258,1122.56,77.9711,194.85,35.6661,1123.77,78.5373,195.55,0,0.526285,nan,nan
260,31,1825.16,901.03,413.038,411.333,1825.65,900.469,414.003,412.415,0,0.652701,424.99,345.727
261,1,107,547.448,208.425,232.253,103.115,546.991,209.343,232.87,0,0.84436,nan,nan
261,20,68.4531,846.519,136.86,200.068,64.1598,846.825,137.548,200.694,0,0.665093,nan,nan
261,45,40.614,1122.46,78.0454,195.075,35.9547,1123.59,78.5366,195.745,0,0.507143,nan,nan
261,31,1826.17,884.972,417.101,406.986,1826.67,884.37,417.991,407.994,0,0.668656,424.99,345.727
262,1,106.986,547.466,208.409,232.242,103.129,547,209.295,232.839,0,0.844455,nan,nan
262,20,68.4403,846.595,136.851,200.311,64.1834,846.87,137.518,200.92,0,0.67147,nan,nan
262,45,40.646,1122.45,78.0874,195.109,36.0302,1123.54,78.5663,195.765,0,0.510289,nan,nan
262,31,1826.5,879.319,418.535,405.389,1826.99,878.727,419.486,406.398,0,0.669079,424.99,345.727
263,1,107.055,547.453,208.417,232.285,103.592,546.201,209.255,232.704,0,0.845497,nan,nan
263,20,68.6004,846.603,137.063,200.317,64.6984,845.96,137.716,200.807,0,0.648101,nan,nan
263,45,40.7455,1122.26,78.2279,195.197,36.442,1122.33,78.719,195.776,0,0.500143,nan,nan
263,31,1825.02,860.236,421.477,402.058,1825.41,859.337,422.421,402.804,0,0.416644,424.99,345.727
264,1,107.014,547.494,208.422,232.293,103.059,546.947,209.35,232.907,0,0.845995,nan,nan
264,20,68.5778,846.583,137.102,200.398,64.231,846.806,137.799,201.037,0,0.653001,nan,nan
264,45,40.7417,1122.28,78.2987,195.118,36.0431,1123.36,78.7933,195.812,0,0.503579,nan,nan
264,31,1824.38,853.484,422.457,400.906,1824.98,852.736,423.456,401.88,0,0.425831,424.99,345.727
265,1,106.997,547.477,208.421,232.344,102.995,546.797,209.344,232.981,0,0.845639,nan,nan
265,20,68.5924,846.543,137.161,200.14,64.2198,846.681,137.85,200.799,0,0.650921,nan,nan
265,45,40.7526,1122.27,78.3426,195.164,36.0488,1123.3,78.8256,195.881,0,0.492635,nan,nan
265,31,1824.08,851.331,422.721,400.543,1824.68,850.652,423.719,401.527,0,0.417954,424.99,345.727
266,1,107.041,547.438,208.44,232.312,102.991,547.019,209.334,232.977,0,0.845826,nan,nan
266,20,68.5779,846.787,137.091,200.296,64.1931,847.176,137.751,200.96,0,0.646513,nan,nan
266,45,40.758,1122.18,78.3174,195.252,36.0767,1123.43,78.7709,195.954,0,0.513119,nan,nan
266,31,1823.92,834.969,425.986,398.002,1824.46,834.21,426.959,399.012,0,0.740332,424.99,345.727
267,1,107.024,547.447,208.454,232.307,103.034,546.922,209.378,232.978,0,0.845883,nan,nan
267,20,68.5788,846.899,137.133,200.317,64.2214,847.207,137.822,200.999,0,0.642672,nan,nan
267,45,40.7164,1122.16,78.2861,195.334,36.0313,1123.36,78.7672,196.065,0,0.512947,nan,nan
267,31,1823.83,829.171,427.136,397.137,1824.42,828.389,428.113,398.152,0,0.733921,424.99,345.727
268,1,107.192,547.437,208.664,232.371,103.207,546.797,209.565,232.978,0,0.845497,nan,nan
268,20,68.6799,846.699,137.23,199.962,64.3203,846.825,137.908,200.596,0,0.63563,nan,nan
268,45,40.7871,1122.08,78.3573,195.234,36.0907,1123.06,78.838,195.93,0,0.538143,nan,nan
268,31,1821.79,810.424,429.679,396.766,1822.28,809.546,430.715,397.702,0,0.678464,424.99,345.727
269,1,107.193,547.478,208.745,232.403,103.594,546.662,209.511,232.95,0,0.846142,nan,nan
269,20,68.6396,846.739,137.241,200.061,64.7149,846.631,137.823,200.637,0,0.636215,nan,nan
269,45,40.7394,1122.08,78.3827,195.231,36.5203,1122.76,78.7988,195.869,0,0.536252,nan,nan
269,31,1820.95,803.811,430.618,396.705,1821.37,802.926,431.661,397.608,0,0.684957,424.99,345.727
270,1,107.294,547.479,208.884,232.425,103.426,546.747,209.696,233.004,0,0.845089,nan,nan
270,20,68.6866,846.665,137.258,199.782,64.5086,846.66,137.858,200.366,0,0.63636,nan,nan
270,45,40.8939,1122.05,78.5693,195.408,36.4413,1122.82,78.984,196.034,0,0.531287,nan,nan
270,31,1815.66,784.261,429.583,395.564,1815.96,783.352,430.491,396.413,0,0.591459,424.99,345.727
271,1,107.282,547.471,208.947,232.48,103.342,546.741,209.83,233.07,0,0.845164,nan,nan
271,20,68.6413,846.767,137.247,199.766,64.3247,846.781,137.907,200.369,0,0.631905,nan,nan
271,45,40.8947,1122.09,78.6292,195.402,36.2416,1122.91,79.098,196.055,0,0.523808,nan,nan
271,31,1813.62,777.335,429.118,395.207,1813.93,776.388,430.009,396.07,0,0.596873,424.99,345.727
272,1,107.271,547.479,208.954,232.459,103.453,546.753,209.787,233.023,0,0.845038,nan,nan
272,20,68.6423,846.725,137.272,199.681,64.4751,846.711,137.895,200.26,0,0.635106,nan,nan
272,45,40.8862,1122.07,78.6366,195.46,36.4073,1122.84,79.0782,196.089,0,0.529025,nan,nan
272,31,1812.87,775.14,428.896,395.104,1813.17,774.203,429.807,395.944,0,0.588384,424.99,345.727
273,1,107.301,547.439,208.965,232.49,103.533,546.628,209.78,233.026,0,0.845644,nan,nan
273,20,68.6612,846.716,137.275,199.289,64.497,846.615,137.906,199.87,0,0.63914,nan,nan
273,45,40.8647,1121.98,78.5742,195.535,36.3394,1122.69,79.0429,196.198,0,0.532947,nan,nan
273,31,1810.12,756.843,427.756,393.073,1810.33,755.924,428.807,393.947,0,0.587438,424.99,345.727
274,1,107.289,547.479,208.969,232.484,103.549,546.563,209.684,232.995,0,0.845373,nan,nan
274,20,68.6304,846.736,137.239,199.177,64.6132,846.495,137.777,199.717,0,0.641979,nan,nan
274,45,40.8309,1121.98,78.5209,195.549,36.565,1122.49,78.8992,196.155,0,0.539442,nan,nan
274,31,1809.05,750.354,427.272,392.339,1809.26,749.384,428.342,393.142,0,0.590488,424.99,345.727
275,1,107.425,547.466,209.139,232.457,103.338,546.71,210.144,233.006,0,0.845227,nan,nan
275,20,68.776,846.658,137.43,199.423,65.0369,846.51,138.158,199.867,0,0.653815,nan,nan
275,45,40.974,1121.76,78.6681,195.787,37.5814,1122.13,79.2084,196.177,0,0.55414,nan,nan
275,31,1802.93,731.876,424.234,392.106,1802.93,730.788,425.265,392.742,0,0.851343,424.99,345.727
276,1,107.412,547.499,209.229,232.44,103.642,546.774,209.909,232.979,0,0.844335,nan,nan
276,20,68.7694,846.73,137.538,199.374,64.7548,846.696,138.046,199.931,0,0.64877,nan,nan
276,45,40.9489,1121.71,78.6943,195.867,36.7155,1122.44,79.0473,196.484,0,0.553287,nan,nan
276,31,1800.65,725.355,423.123,392.08,1800.77,724.425,424.208,392.924,0,0.850375,424.99,345.727
277,1,107.403,547.51,209.254,232.447,103.688,546.841,209.984,232.995,0,0.845353,nan,nan
277,20,68.7901,846.761,137.58,199.475,64.7649,846.799,138.138,200.052,0,0.650028,nan,nan
277,45,40.953,1121.71,78.7351,195.924,36.6465,1122.54,79.1369,196.569,0,0.550897,nan,nan
277,31,1799.83,723.313,422.631,392.113,1799.96,722.402,423.676,392.979,0,0.853665,424.99,345.727
278,1,107.409,547.505,209.255,232.43,103.898,547.644,210.003,233.163,0,0.845376,nan,nan
278,20,68.8107,846.6,137.621,199.716,65.5119,847.544,138.175,200.365,0,0.642167,nan,nan
278,45,40.9243,1121.66,78.6712,195.965,37.8343,1123.4,79.0779,196.597,0,0.565407,nan,nan
278,31,1796.09,704.169,425.94,393.074,1796.18,703.435,427.235,394.249,0,0.608426,424.99,345.727
279,1,107.401,547.52,209.244,232.41,103.85,546.666,209.951,232.902,0,0.846071,nan,nan
279,20,68.8269,846.557,137.654,199.734,64.9566,846.354,138.196,200.261,0,0.642122,nan,nan
279,45,40.8951,1121.69,78.6442,195.966,36.7336,1122.22,79.0401,196.562,0,0.56816,nan,nan
279,31,1794.76,697.349,427.24,393.475,1794.82,696.354,428.217,394.24,0,0.603338,424.99,345.727
280,1,107.484,547.474,209.394,232.407,103.718,546.38,210.126,232.9,0,0.845117,nan,nan
280,20,68.8025,846.643,137.605,199.753,64.725,846.243,138.165,200.296,0,0.633681,nan,nan
280,45,40.9054,1121.73,78.6852,196.245,36.5454,1122.12,79.0888,196.873,0,0.564828,nan,nan
280,31,1789.01,678.254,426.458,396.708,1789.05,677.261,427.513,397.438,0,0.615234,424.99,345.727
281,1,107.487,547.465,209.422,232.411,103.889,546.382,210.175,232.868,0,0.845797,nan,nan
281,20,68.7757,846.676,137.551,199.763,64.7935,846.244,138.14,200.281,0,0.634502,nan,nan
281,45,40.897,1121.84,78.7111,196.213,36.5629,1122.16,79.1556,196.824,0,0.564527,nan,nan
281,31,1786.92,671.455,426.18,397.967,1786.91,670.429,427.176,398.672,0,0.610482,424.99,345.727
282,1,107.51,547.44,209.444,232.406,103.876,546.382,210.144,232.88,0,0.845739,nan,nan
282,20,68.761,846.664,137.522,199.593,64.8052,846.264,138.062,200.113,0,0.624045,nan,nan
282,45,40.8895,1121.89,78.698,195.992,36.6399,1122.25,79.0951,196.594,0,0.570061,nan,nan
282,31,1778.38,650.582,425.66,400.922,1778.3,649.513,426.673,401.646,0,0.390605,424.99,345.727
283,1,107.492,547.464,209.43,232.395,103.911,546.396,210.168,232.882,0,0.846349,nan,nan
283,20,68.7503,846.697,137.501,199.515,64.7996,846.309,138.075,200.052,0,0.625587,nan,nan
283,45,40.8807,1121.96,78.7141,195.948,36.5923,1122.35,79.145,196.571,0,0.568009,nan,nan
283,31,1775.23,643.071,425.404,402.085,1775.15,641.995,426.353,402.816,0,0.393663,424.99,345.727
284,1,107.5,547.477,209.455,232.383,103.682,546.518,210.231,232.914,0,0.845953,nan,nan
284,20,68.7558,846.7,137.512,199.554,64.5979,846.46,138.101,200.122,0,0.625415,nan,nan
284,45,40.8769,1121.94,78.7038,195.972,36.4125,1122.5,79.1296,196.614,0,0.573677,nan,nan
284,31,1774.17,640.677,425.375,402.535,1774.13,639.617,426.322,403.278,0,0.364336,424.99,345.727
285,1,107.476,547.403,209.283,232.257,103.328,546.539,210.094,232.785,0,0.847338,nan,nan
285,20,68.6012,846.863,137.138,198.25,64.1451,846.71,137.744,198.818,0,0.643818,nan,nan
285,45,40.8978,1121.62,78.6736,196.058,36.1667,1122.26,79.0989,196.705,0,0.544869,nan,nan
285,31,1767.3,623.395,426.505,402.35,1767.23,622.342,427.543,403.024,0,0.761591,424.99,345.727
286,1,107.425,547.458,209.204,232.168,103.365,546.516,209.879,232.686,0,0.847103,nan,nan
286,20,68.5303,847.057,137.004,197.718,64.3135,846.803,137.487,198.249,0,0.642418,nan,nan
286,45,40.9195,1121.57,78.7035,196.051,36.5704,1122.06,79.0118,196.641,0,0.543128,nan,nan
286,31,1764.76,617.272,426.956,402.278,1764.64,616.19,428.011,402.924,0,0.757923,424.99,345.727
287,1,107.581,547.464,209.343,232.073,103.754,546.5,209.969,232.51,0,0.848674,nan,nan
287,20,68.6259,847.269,137.044,197.755,64.5658,846.904,137.521,198.239,0,0.627602,nan,nan
287,45,40.9845,1121.55,78.7455,195.887,36.7143,1121.88,79.0835,196.454,0,0.554771,nan,nan
287,31,1756.17,596.521,422.03,404.476,1755.84,595.339,423.155,405.113,0,0.779581,424.99,345.727
288,1,107.56,547.513,209.409,232.033,103.734,546.377,210.105,232.452,0,0.847902,nan,nan
288,20,68.6062,847.413,137.117,197.66,64.4694,846.883,137.658,198.149,0,0.625208,nan,nan
288,45,40.9193,1121.6,78.7417,195.806,36.4982,1121.79,79.1416,196.398,0,0.552595,nan,nan
288,31,1752.98,589.092,420.191,405.31,1752.67,587.855,421.296,405.895,0,0.784231,424.99,345.727
289,1,107.546,547.555,209.413,232.002,103.674,546.491,210.117,232.478,0,0.849381,nan,nan
289,20,68.5939,847.422,137.133,197.639,64.4174,847.033,137.677,198.176,0,0.626536,nan,nan
289,45,40.9085,1121.54,78.7452,195.927,36.4553,1121.94,79.1441,196.565,0,0.548615,nan,nan
289,31,1751.92,586.717,419.496,405.587,1751.63,585.532,420.608,406.258,0,0.779148,424.99,345.727
290,1,107.622,547.607,209.417,231.918,103.612,546.666,210.155,232.451,0,0.850002,nan,nan
290,20,68.7258,847.735,137.28,197.9,64.431,847.517,137.836,198.469,0,0.616036,nan,nan
290,45,41.0504,1121.49,78.9625,195.769,36.5007,1122.07,79.356,196.415,0,0.583511,nan,nan
290,31,1742.18,566.849,420.209,407.949,1741.77,565.669,421.156,408.617,0,0.399701,424.99,345.727
291,1,107.565,547.652,209.381,231.874,103.807,546.531,210.569,232.537,0,0.850554,nan,nan
291,20,68.6922,847.787,137.309,197.9,65.6437,847.425,138.178,198.34,0,0.617185,nan,nan
291,45,41.043,1121.52,79.0562,195.662,38.6753,1121.67,79.7602,195.988,0,0.582514,nan,nan
291,31,1738.58,559.747,420.474,408.833,1737.99,558.72,421.323,409.692,0,0.403849,424.99,345.727
292,1,107.669,547.604,209.539,231.753,103.897,546.388,210.256,232.221,0,0.850366,nan,nan
292,20,68.8231,847.943,137.558,198.92,64.7023,847.409,138.118,199.451,0,0.594267,nan,nan
292,45,41.0412,1121.33,79.1063,195.998,36.6036,1121.58,79.5257,196.625,0,0.579513,nan,nan
292,31,1726.75,538.85,419.194,414.1,1726.2,537.588,420.085,414.717,0,0.709852,424.99,345.727
293,1,107.665,547.621,209.57,231.707,104.01,547.548,210.532,232.31,0,0.851041,nan,nan
293,20,68.8565,848.034,137.673,199.179,65.8811,848.526,138.385,199.555,0,0.59346,nan,nan
293,45,41.0534,1121.33,79.1684,196.072,38.7238,1122.17,79.7642,196.302,0,0.575103,nan,nan
293,31,1722.43,531.331,418.785,416.071,1721.56,530.315,419.794,417.134,0,0.704951,424.99,345.727
294,1,107.672,547.628,209.605,231.713,104.357,546.918,210.154,232.16,0,0.850064,nan,nan
294,20,68.8693,848.046,137.713,199.323,65.2807,847.927,138.148,199.807,0,0.592616,nan,nan
294,45,41.0426,1121.34,79.1695,196.117,37.2031,1121.89,79.4999,196.672,0,0.577024,nan,nan
294,31,1720.95,528.928,418.624,416.8,1720.32,527.78,419.507,417.493,0,0.705716,424.99,345.727
295,1,107.712,547.37,209.604,232.029,103.536,546.164,210.197,232.494,0,0.848817,nan,nan
295,20,68.9878,848.219,137.857,199.13,64.6743,847.672,138.292,199.634,0,0.565635,nan,nan
295,45,41.152,1121.15,79.2688,196.119,36.719,1121.33,79.5508,196.697,0,0.545834,nan,nan
295,31,1711.24,509.532,413.167,421.007,1710.41,508.241,414.22,421.58,0,0.500512,424.99,345.727
296,1,107.68,547.334,209.63,232.162,103.611,546.01,210.265,232.617,0,0.848166,nan,nan
296,20,69.0021,848.402,137.953,199.09,64.7071,847.746,138.439,199.599,0,0.562878,nan,nan
296,45,41.1412,1121.17,79.2944,196.029,36.6416,1121.27,79.6369,196.635,0,0.5472,nan,nan
296,31,1707.7,502.591,411.158,422.537,1706.88,501.263,412.21,423.113,0,0.488575,424.99,345.727
297,1,107.667,547.358,209.569,232.174,103.766,546.029,210.203,232.708,0,0.852337,nan,nan
297,20,69.0593,848.531,138.063,199.757,65.155,847.932,138.519,200.277,0,0.583399,nan,nan
297,45,41.2369,1121.15,79.6195,196.576,37.3396,1121.29,79.919,197.15,0,0.556889,nan,nan
297,31,1696.18,481.003,407.211,425.476,1695.35,479.675,408.228,426.16,0,0.623314,424.99,345.727
298,1,107.655,547.388,209.566,232.179,103.557,545.831,210.261,232.725,0,0.852439,nan,nan
298,20,69.0692,848.595,138.114,199.989,64.725,847.795,138.643,200.556,0,0.587704,nan,nan
298,45,41.2566,1121.17,79.7305,196.764,36.6905,1121.21,80.1029,197.428,0,0.559821,nan,nan
298,31,1692.04,473.221,405.78,426.542,1691.23,471.79,406.746,427.194,0,0.619747,424.99,345.727
299,1,107.804,547.317,209.766,232.164,103.523,545.779,210.412,232.721,0,0.852568,nan,nan
299,20,69.1608,848.693,138.198,200.036,64.708,847.93,138.684,200.616,0,0.576232,nan,nan
299,45,41.3233,1120.89,79.8789,197.109,36.7164,1120.99,80.2062,197.787,0,0.57557,nan,nan
299,31,1676.01,452.458,396.537,431.701,1674.99,451.012,397.613,432.363,0,0.428986,424.99,345.727
300,1,107.808,547.353,209.861,232.134,103.684,545.913,210.551,232.654,0,0.852599,nan,nan
300,20,69.0908,848.873,138.13,200.108,64.7164,848.192,138.662,200.683,0,0.578229,nan,nan
300,45,41.2891,1120.82,79.9261,197.309,36.6882,1120.99,80.306,197.999,0,0.576933,nan,nan
300,31,1670.15,445.036,393.142,433.642,1669.17,443.589,394.143,434.226,0,0.423926,424.99,345.727
301,1,107.802,547.351,209.875,232.17,103.616,545.972,210.489,232.706,0,0.852486,nan,nan
301,20,69.0967,848.827,138.165,200.086,64.7668,848.214,138.622,200.655,0,0.581539,nan,nan
301,45,41.2896,1120.82,79.9605,197.278,36.8326,1121.04,80.2625,197.941,0,0.576637,nan,nan
301,31,1668.24,442.688,391.947,434.287,1667.21,441.281,392.99,434.914,0,0.424227,424.99,345.727
302,1,107.832,547.284,209.909,232.244,103.87,546.057,210.495,232.765,0,0.852753,nan,nan
302,20,69.1424,848.778,138.231,200.072,65.0821,848.292,138.654,200.628,0,0.593501,nan,nan
302,45,41.3198,1120.84,80.0209,197.136,37.1763,1121.16,80.2849,197.776,0,0.584373,nan,nan
302,31,1657.05,421.963,389.095,436.024,1655.99,420.611,390.103,436.616,0,0.704902,424.99,345.727
303,1,107.809,547.293,209.883,232.247,103.956,545.99,210.452,232.739,0,0.85295,nan,nan
303,20,69.1956,848.776,138.356,200.052,65.1814,848.185,138.789,200.586,0,0.592863,nan,nan
303,45,41.3099,1120.89,80.009,197.057,37.1498,1121.08,80.3051,197.687,0,0.583521,nan,nan
303,31,1653.06,414.528,388.066,436.61,1651.97,413.155,389.019,437.182,0,0.710295,424.99,345.727
304,1,107.866,547.189,209.919,232.365,103.95,545.791,210.52,232.823,0,0.853599,nan,nan
304,20,69.262,848.684,138.417,200.173,65.0863,847.946,138.896,200.684,0,0.601763,nan,nan
304,45,41.3234,1120.79,80.0198,197.235,36.9086,1120.82,80.3757,197.855,0,0.592524,nan,nan
304,31,1637.57,393.141,383.911,440.619,1636.34,391.737,384.867,441.172,0,0.570217,424.99,345.727
305,1,107.853,547.16,209.945,232.46,103.885,545.771,210.519,232.921,0,0.852596,nan,nan
305,20,69.2374,848.663,138.414,200.138,65.0599,847.929,138.862,200.641,0,0.60391,nan,nan
305,45,41.2944,1120.8,80.0139,197.276,36.9246,1120.82,80.336,197.879,0,0.593656,nan,nan
305,31,1632.03,385.465,382.47,442.057,1630.78,384.067,383.454,442.615,0,0.562719,424.99,345.727
306,1,107.849,547.137,209.949,232.532,103.639,545.7,210.57,233.029,0,0.853082,nan,nan
306,20,69.2588,848.683,138.469,200.259,64.8572,847.943,138.943,200.788,0,0.6059,nan,nan
306,45,41.2966,1120.74,80.0286,197.375,36.7215,1120.78,80.3568,198.003,0,0.596185,nan,nan
306,31,1630.24,383.019,382.006,442.546,1629,381.599,383.018,443.114,0,0.573544,424.99,345.727
307,1,107.936,547.05,210.029,232.605,103.768,545.523,210.767,233.099,0,0.852777,nan,nan
307,20,69.3282,848.516,138.514,200.038,64.8473,847.716,139.102,200.609,0,0.622155,nan,nan
307,45,41.3849,1120.68,80.0897,196.977,36.615,1120.74,80.5262,197.688,0,0.60378,nan,nan
307,31,1615.39,368.785,378.031,431.654,1614.09,367.308,378.984,432.074,0,0.749899,424.99,345.727
308,1,107.913,547.07,210.057,232.643,103.675,545.565,210.729,233.142,0,0.85295,nan,nan
308,20,69.3459,848.52,138.617,200.039,64.8678,847.733,139.144,200.596,0,0.617344,nan,nan
308,45,41.3738,1120.71,80.1166,196.781,36.6738,1120.77,80.495,197.463,0,0.601645,nan,nan
308,31,1610.03,363.879,376.631,427.402,1608.64,362.408,377.631,427.869,0,0.744891,424.99,345.727
309,1,108.042,547.061,210.259,232.591,103.967,545.604,210.848,233.074,0,0.851936,nan,nan
309,20,69.3969,848.435,138.639,200.022,65.1068,847.666,139.106,200.557,0,0.615564,nan,nan
309,45,41.4269,1120.72,80.0548,196.538,36.9369,1120.76,80.3924,197.188,0,0.586262,nan,nan
309,31,1592.76,349.774,371.057,403.698,1591.25,348.295,372.007,404.18,0,0.668248,424.99,345.727
310,1,108.038,547.071,210.345,232.568,103.867,545.702,210.934,233.051,0,0.851837,nan,nan
310,20,69.3426,848.407,138.605,200.001,64.9818,847.727,139.062,200.528,0,0.617122,nan,nan
310,45,41.4148,1120.79,80.0757,196.405,36.8805,1120.9,80.3965,197.038,0,0.585656,nan,nan
310,31,1586.59,345.044,369.06,394.738,1585.06,343.612,369.974,395.205,0,0.661439,424.99,345.727
311,1,108.007,546.981,210.304,232.402,103.603,545.648,210.955,232.904,0,0.853218,nan,nan
311,20,69.4419,848.606,138.823,200.146,64.8612,847.969,139.313,200.67,0,0.603572,nan,nan
311,45,41.3846,1120.91,80.0233,196.275,36.6455,1121.05,80.3516,196.891,0,0.557859,nan,nan
311,31,1570.35,332.743,367.38,368.15,1568.84,331.4,368.21,368.575,0,0.88482,424.99,345.727
312,1,107.974,546.995,210.256,232.334,103.472,545.615,210.877,232.832,0,0.853307,nan,nan
312,20,69.4457,848.719,138.848,200.195,64.8007,848.016,139.31,200.705,0,0.604129,nan,nan
312,45,41.3919,1121.02,80.0403,196.149,36.6203,1121.06,80.342,196.742,0,0.55356,nan,nan
312,31,1564.61,328.849,366.866,358.474,1563.01,327.478,367.724,358.906,0,0.885261,424.99,345.727
313,1,107.972,546.998,210.249,232.291,103.684,545.733,210.858,232.739,0,0.853427,nan,nan
313,20,69.45,848.74,138.857,200.136,64.9761,848.114,139.324,200.623,0,0.604297,nan,nan
313,45,41.3724,1121.05,80.002,196.154,36.7296,1121.15,80.323,196.738,0,0.559253,nan,nan
313,31,1562.81,327.832,366.734,355.297,1561.22,326.519,367.555,355.66,0,0.884646,424.99,345.727
314,1,107.971,547.038,210.214,232.413,103.571,545.731,210.871,232.907,0,0.853255,nan,nan
314,20,69.4815,848.891,138.898,200.478,64.8846,848.289,139.395,201.006,0,0.614236,nan,nan
314,45,41.3744,1120.95,80.0505,196.364,36.601,1121.13,80.3888,196.986,0,0.546885,nan,nan
314,31,1549.48,317.322,360.576,333.361,1547.92,315.894,361.34,333.745,0,0.726323,424.99,345.727
315,1,107.954,547.032,210.195,232.484,103.68,545.702,210.907,233.009,0,0.853236,nan,nan
315,20,69.4926,848.935,138.934,200.596,64.9887,848.355,139.474,201.159,0,0.613429,nan,nan
315,45,41.3642,1120.91,80.0774,196.47,36.6535,1121.15,80.45,197.132,0,0.545128,nan,nan
315,31,1544.82,313.915,358.345,325.618,1543.38,312.474,359.029,325.989,0,0.728121,424.99,345.727
316,1,108.031,546.965,210.239,232.506,103.43,545.372,211.095,233.098,0,0.853725,nan,nan
316,20,69.6628,849.079,139.193,201.247,64.7369,848.3,139.859,201.88,0,0.580821,nan,nan
316,45,41.5494,1120.63,80.3446,196.854,36.3279,1120.79,80.8214,197.612,0,0.524219,nan,nan
316,31,1533.67,299.512,344.959,296.582,1532.11,298.053,345.612,296.924,0,0.82308,424.99,345.727
317,1,108,547.025,210.234,232.443,103.381,545.494,211.106,233.027,0,0.85381,nan,nan
317,20,69.5817,849.482,139.144,199.841,64.6337,848.769,139.82,200.467,0,0.581817,nan,nan
317,45,41.5474,1120.6,80.4301,196.983,36.3016,1120.82,80.9135,197.743,0,0.524066,nan,nan
317,31,1529.83,294.882,340.051,286.573,1528.29,293.44,340.68,286.885,0,0.824637,424.99,345.727
318,1,107.998,547.025,210.254,232.468,103.393,545.542,211.096,233.034,0,0.853616,nan,nan
318,20,69.5724,849.657,139.145,199.367,64.6484,848.972,139.8,199.98,0,0.586166,nan,nan
318,45,41.5624,1120.56,80.4638,197.062,36.3493,1120.79,80.9342,197.81,0,0.525683,nan,nan
318,31,1528.73,293.611,338.411,283.566,1527.13,292.199,339.057,283.866,0,0.820736,424.99,345.727
319,1,108.073,547.015,210.382,232.514,103.467,545.68,211.194,233.112,0,0.854319,nan,nan
319,20,69.6087,849.41,139.217,198.558,64.7357,848.911,139.837,199.181,0,0.595906,nan,nan
319,45,41.5527,1120.67,80.4185,196.749,36.4394,1121.1,80.8492,197.496,0,0.504128,nan,nan
319,31,1522.05,280.974,320.123,258.876,1520.41,279.622,320.695,259.193,0,0.801448,424.99,345.727
320,1,108.087,547.026,210.423,232.551,103.577,545.696,211.242,233.124,0,0.854105,nan,nan
320,20,69.6093,849.357,139.219,198.329,64.8015,848.84,139.851,198.942,0,0.592064,nan,nan
320,45,41.5592,1120.75,80.4181,196.616,36.4816,1121.15,80.8679,197.362,0,0.503835,nan,nan
320,31,1519.94,276.92,313.423,250.582,1518.31,275.575,313.964,250.856,0,0.804195,424.99,345.727
321,1,108.084,547.008,210.431,232.509,103.414,545.597,211.263,233.066,0,0.854076,nan,nan
321,20,69.5976,849.511,139.195,198.4,64.616,848.865,139.839,198.988,0,0.583207,nan,nan
321,45,41.5505,1120.72,80.381,196.674,36.2859,1120.96,80.8413,197.39,0,0.484285,nan,nan
321,31,1512.63,263.233,292.759,222.35,1510.92,261.921,293.281,222.595,0,0.836168,424.99,345.727
322,1,108.085,547.022,210.419,232.506,103.516,545.634,211.265,233.045,0,0.853861,nan,nan
322,20,69.5759,849.607,139.152,198.511,64.6696,848.979,139.813,199.1,0,0.579892,nan,nan
322,45,41.5551,1120.71,80.3837,196.711,36.3415,1120.97,80.8643,197.439,0,0.490376,nan,nan
322,31,1510.35,259.005,285.465,213.251,1508.67,257.709,285.958,213.456,0,0.836411,424.99,345.727
323,1,108.066,547.066,210.385,232.414,103.536,545.506,211.139,232.982,0,0.854133,nan,nan
323,20,69.6039,849.773,139.208,198.83,64.8435,848.971,139.783,199.412,0,0.582506,nan,nan
323,45,41.5426,1120.89,80.4438,196.937,36.5738,1120.96,80.8412,197.634,0,0.460116,nan,nan
323,31,1501.7,244.861,267.775,183.265,1499.96,243.416,268.246,183.5,0,0.706726,424.99,345.727
324,1,108.066,547.064,210.383,232.411,103.543,545.572,211.108,232.978,0,0.853836,nan,nan
324,20,69.6159,849.801,139.232,198.99,64.9,849.072,139.78,199.569,0,0.576475,nan,nan
324,45,41.5456,1120.89,80.4475,197.08,36.6558,1121.02,80.8173,197.77,0,0.463864,nan,nan
324,31,1498.92,240.634,261.849,174.07,1497.16,239.198,262.313,174.299,0,0.705248,424.99,345.727
325,1,108.063,547.068,210.375,232.388,103.515,545.511,211.171,232.97,0,0.853965,nan,nan
325,20,69.6344,849.811,139.269,199.024,64.8165,849.037,139.88,199.623,0,0.579849,nan,nan
325,45,41.5365,1120.93,80.4486,197.123,36.4752,1121.05,80.8772,197.84,0,0.463071,nan,nan
325,31,1498.16,239.576,260.066,171.716,1496.45,238.125,260.494,171.943,0,0.706301,424.99,345.727
326,1,108.123,547.005,210.395,232.438,103.579,545.472,211.181,233.025,0,0.853812,nan,nan
326,20,69.6989,849.937,139.355,199.329,64.8895,849.228,139.961,199.951,0,0.548564,nan,nan
326,45,41.5958,1120.63,80.4091,196.893,36.5459,1120.84,80.8344,197.642,0,0.421006,nan,nan
326,31,1490.44,224.791,241.689,143.41,1488.65,223.206,242.064,143.602,0,0.711349,424.99,345.727
327,1,108.101,547.04,210.411,232.437,103.618,545.612,211.146,233.006,0,0.853988,nan,nan
327,20,69.7186,850.038,139.436,199.403,65.0186,849.423,140,200.013,0,0.557391,nan,nan
327,45,41.596,1120.58,80.3983,196.87,36.6992,1120.87,80.7856,197.606,0,0.413609,nan,nan
327,31,1487.89,220.301,235.467,134.8,1486.07,218.753,235.842,134.973,0,0.71185,424.99,345.727
328,1,108.151,546.978,210.426,232.527,103.666,545.495,211.144,233.107,0,0.855621,nan,nan
328,20,69.6459,849.961,139.253,199.369,64.9409,849.291,139.809,199.987,0,0.563986,nan,nan
328,45,41.5982,1120.58,80.3774,196.606,36.6925,1120.83,80.7638,197.35,0,0.427527,nan,nan
328,31,1476.86,203.154,217.256,101.121,1474.87,201.609,217.561,101.274,0,0.617097,424.99,345.727
329,1,108.138,547.018,210.429,232.498,103.59,545.589,211.157,233.091,0,0.856112,nan,nan
329,20,69.582,849.923,139.164,199.179,64.8343,849.327,139.72,199.803,0,0.562218,nan,nan
329,45,41.5702,1120.66,80.3549,196.457,36.6418,1120.99,80.7325,197.203,0,0.42925,nan,nan
329,31,1473.18,198.582,211.295,92.0117,1471.22,197.045,211.591,92.1617,0,0.617648,424.99,345.727
330,1,108.133,547.015,210.449,232.506,103.567,545.517,211.223,233.097,0,0.855732,nan,nan
330,20,69.4858,850.088,138.972,199.264,64.6462,849.427,139.576,199.903,0,0.562129,nan,nan
330,45,41.5985,1120.67,80.4585,196.594,36.5102,1120.97,80.8899,197.37,0,0.427563,nan,nan
330,31,1472.13,197.602,209.575,90.05,1470.13,196.037,209.852,90.19,0,0.618631,424.99,345.727
331,1,108.141,546.96,210.47,232.509,103.53,545.592,211.237,233.111,0,0.855861,nan,nan
331,20,69.4039,850.206,138.808,199.356,64.5497,849.695,139.397,199.998,0,0.565493,nan,nan
331,45,41.5467,1120.53,80.4184,197.015,36.4733,1120.97,80.829,197.788,0,0.418553,nan,nan
332,1,108.15,546.968,210.495,232.523,103.585,545.594,211.221,233.1,0,0.855652,nan,nan
332,20,69.3577,850.255,138.715,199.387,64.5731,849.702,139.273,200.006,0,0.564835,nan,nan
332,45,41.5292,1120.47,80.4049,197.173,36.5469,1120.83,80.792,197.921,0,0.415165,nan,nan
333,1,108.163,547.012,210.515,232.432,103.673,545.574,211.281,233.034,0,0.855358,nan,nan
333,20,69.4076,850.457,138.815,199.752,64.6537,849.869,139.411,200.398,0,0.53603,nan,nan
333,45,41.3547,1120.28,79.7945,197.329,36.3617,1120.65,80.2151,198.11,0,0.425713,nan,nan
334,1,108.149,547.047,210.502,232.362,103.539,545.542,211.279,232.974,0,0.856055,nan,nan
334,20,69.3951,850.443,138.79,199.662,64.5162,849.787,139.391,200.306,0,0.547613,nan,nan
334,45,41.265,1120.22,79.5974,197.445,36.143,1120.52,80.0197,198.217,0,0.41845,nan,nan
335,1,108.202,546.962,210.574,232.378,103.588,545.707,211.291,232.887,0,0.855257,nan,nan
335,20,69.4944,850.386,138.964,199.853,64.6329,849.88,139.527,200.432,0,0.545275,nan,nan
335,45,41.215,1120.1,79.4841,197.657,36.1269,1120.47,79.8826,198.377,0,0.419192,nan,nan
336,1,108.202,546.981,210.608,232.363,103.623,545.658,211.333,232.89,0,0.855071,nan,nan
336,20,69.4732,850.397,138.946,199.915,64.6096,849.834,139.524,200.509,0,0.538643,nan,nan
336,45,41.1718,1120.1,79.4212,197.733,36.0456,1120.43,79.8411,198.469,0,0.417391,nan,nan
337,1,108.217,546.96,210.645,232.422,103.699,545.927,211.332,232.898,0,0.855429,nan,nan
337,20,69.5347,850.415,139.069,200.065,64.8073,850.107,139.606,200.641,0,0.541726,nan,nan
337,45,41.1764,1120.08,79.4459,197.844,36.2556,1120.62,79.8184,198.554,0,0.419815,nan,nan
338,1,108.329,546.98,210.77,232.431,103.689,545.769,211.417,232.875,0,0.857522,nan,nan
338,20,69.6043,850.947,139.169,201.002,64.7443,850.391,139.683,201.523,0,0.47956,nan,nan
338,45,41.2191,1120.24,79.3742,197.776,36.1552,1120.47,79.7381,198.429,0,0.433729,nan,nan
339,1,108.346,546.997,210.833,232.45,103.635,545.766,211.481,232.935,0,0.857257,nan,nan
339,20,69.6685,851.133,139.337,201.408,64.7703,850.596,139.843,201.953,0,0.480931,nan,nan
339,45,41.1958,1120.33,79.3326,197.713,36.1242,1120.61,79.6794,198.381,0,0.432699,nan,nan
340,1,108.406,547.043,210.917,232.623,103.595,545.772,211.586,233.107,0,0.858806,nan,nan
340,20,69.7848,851.372,139.51,201.747,64.7639,850.788,140.034,202.288,0,0.443062,nan,nan
340,45,41.2058,1120.45,79.2827,197.798,35.9911,1120.67,79.6452,198.46,0,0.415483,nan,nan
341,1,108.392,547.048,210.952,232.699,103.492,545.684,211.656,233.22,0,0.858543,nan,nan
341,20,69.7419,851.505,139.482,201.92,64.6257,850.863,140.03,202.488,0,0.438581,nan,nan
341,45,41.1716,1120.51,79.2692,197.835,35.8573,1120.71,79.6459,198.524,0,0.410981,nan,nan
342,1,108.383,547.04,210.956,232.773,103.619,545.627,211.593,233.277,0,0.858798,nan,nan
342,20,69.6983,851.47,139.397,201.822,64.7614,850.747,139.892,202.37,0,0.435664,nan,nan
342,45,41.1788,1120.54,79.2402,197.806,36.0821,1120.62,79.5754,198.463,0,0.40619,nan,nan
343,1,108.429,547.039,210.996,232.766,103.625,545.536,211.729,233.331,0,0.858494,nan,nan
343,20,69.6171,851.414,139.209,201.448,64.5655,850.674,139.782,202.051,0,0.431263,nan,nan
343,45,41.3092,1120.78,79.3056,196.983,36.0313,1120.93,79.7064,197.699,0,0.414007,nan,nan
344,1,108.415,547.044,211.007,232.765,103.652,545.557,211.743,233.318,0,0.858477,nan,nan
344,20,69.5643,851.457,139.129,201.392,64.5437,850.72,139.705,201.987,0,0.429354,nan,nan
344,45,41.3343,1120.88,79.3316,196.689,36.0791,1121.02,79.7377,197.4,0,0.415148,nan,nan
345,1,108.41,547.013,211.019,232.764,103.592,545.636,211.775,233.278,0,0.85839,nan,nan
345,20,69.5687,851.765,139.137,202.084,64.4641,851.137,139.742,202.683,0,0.415301,nan,nan
345,45,41.3106,1120.91,79.3767,196.581,35.9428,1121.18,79.8124,197.325,0,0.403307,nan,nan
346,1,108.406,547.048,211.018,232.735,103.592,545.596,211.764,233.232,0,0.858177,nan,nan
346,20,69.576,851.904,139.152,202.291,64.4737,851.163,139.75,202.868,0,0.415043,nan,nan
346,45,41.3217,1120.95,79.3917,196.5,35.955,1121.08,79.8239,197.217,0,0.4001,nan,nan
347,1,108.406,547.021,211.013,232.757,103.521,545.623,211.77,233.29,0,0.858189,nan,nan
347,20,69.5424,851.861,139.085,202.31,64.4164,851.219,139.674,202.903,0,0.394379,nan,nan
347,45,41.2996,1120.99,79.3427,196.279,35.9542,1121.22,79.75,196.998,0,0.381076,nan,nan
348,1,108.411,547.061,211.012,232.733,103.475,545.638,211.808,233.29,0,0.85803,nan,nan
348,20,69.5312,851.864,139.062,202.318,64.3372,851.233,139.681,202.937,0,0.384857,nan,nan
348,45,41.301,1121.04,79.3395,196.228,35.8731,1121.32,79.7679,196.977,0,0.383479,nan,nan
349,1,108.419,547.053,211.023,232.753,103.594,545.71,211.721,233.268,0,0.858377,nan,nan
349,20,69.516,851.866,139.032,202.294,64.48,851.255,139.577,202.871,0,0.39286,nan,nan
349,45,41.3089,1121.07,79.3288,196.19,36.0796,1121.31,79.7046,196.89,0,0.380959,nan,nan
350,1,108.446,547.04,211.06,232.807,103.589,545.646,211.792,233.324,0,0.857297,nan,nan
350,20,69.5216,852.357,139.043,203.053,64.4203,851.697,139.617,203.634,0,0.339355,nan,nan
350,45,41.2925,1121.16,79.245,196.072,35.9688,1121.36,79.6454,196.775,0,0.369028,nan,nan
351,1,108.454,547.042,211.077,232.829,103.626,545.606,211.828,233.365,0,0.857757,nan,nan
351,20,69.5249,852.571,139.05,203.324,64.4359,851.893,139.64,203.924,0,0.339636,nan,nan
351,45,41.2948,1121.19,79.2001,195.996,35.9686,1121.4,79.6142,196.718,0,0.366389,nan,nan
352,1,108.472,547.033,211.127,232.861,105.001,545.608,212.363,233.475,0,0.857366,nan,nan
352,20,69.5066,852.557,139.013,203.439,66.9332,851.743,139.973,203.856,0,0.364051,nan,nan
352,45,41.309,1121.11,79.2687,196.107,39.5446,1120.75,80.0669,196.421,0,0.396119,nan,nan
353,1,108.485,547.043,211.14,232.854,103.591,545.395,211.931,233.443,0,0.85807,nan,nan
353,20,69.4827,852.593,138.965,203.455,64.3389,851.71,139.576,204.075,0,0.364637,nan,nan
353,45,41.3123,1121.08,79.2482,196.111,35.9443,1121.08,79.6673,196.828,0,0.398116,nan,nan
354,1,108.529,547.033,211.222,232.919,103.321,545.561,212.14,233.499,0,0.857809,nan,nan
354,20,69.5254,853.016,139.051,204.345,63.9768,852.361,139.768,204.994,0,0.316576,nan,nan
354,45,41.3289,1120.97,79.2775,196.123,35.4752,1121.26,79.7829,196.904,0,0.359043,nan,nan
355,1,108.552,547.005,211.249,232.922,103.297,545.609,212.128,233.452,0,0.858132,nan,nan
355,20,69.5073,852.763,139.015,203.854,63.9353,852.159,139.709,204.491,0,0.365864,nan,nan
355,45,41.2724,1120.81,79.2261,196.374,35.413,1121.15,79.7179,197.166,0,0.366664,nan,nan
356,1,108.549,547.022,211.258,232.906,103.294,545.641,212.112,233.425,0,0.857869,nan,nan
356,20,69.5067,852.691,139.013,203.656,63.9513,852.088,139.688,204.282,0,0.366905,nan,nan
356,45,41.2717,1120.77,79.2214,196.457,35.4437,1121.1,79.6972,197.237,0,0.366305,nan,nan
357,1,108.523,546.996,211.188,232.896,103.213,545.505,212.018,233.466,0,0.858075,nan,nan
357,20,69.555,852.786,139.105,203.7,63.9827,852.119,139.756,204.358,0,0.36815,nan,nan
357,45,41.2656,1120.78,79.2288,196.505,35.4545,1121.08,79.6801,197.308,0,0.351014,nan,nan
358,1,108.503,547.01,211.168,232.882,103.134,545.491,211.996,233.442,0,0.858025,nan,nan
358,20,69.5068,852.835,139.014,203.696,63.8798,852.13,139.663,204.348,0,0.363677,nan,nan
358,45,41.2602,1120.8,79.2277,196.534,35.398,1121.05,79.6774,197.334,0,0.35135,nan,nan
359,1,108.566,547.003,211.331,232.889,103.408,545.448,212.147,233.476,0,0.858064,nan,nan
359,20,69.5482,852.333,139.096,202.693,64.1182,851.592,139.741,203.35,0,0.436257,nan,nan
359,45,41.2456,1120.7,79.231,196.718,35.5664,1120.93,79.6834,197.519,0,0.384355,nan,nan
360,1,108.601,547.016,211.393,232.883,103.391,545.459,212.223,233.487,0,0.857838,nan,nan
360,20,69.5601,852.133,139.12,202.273,64.0828,851.408,139.769,202.934,0,0.437186,nan,nan
360,45,41.2421,1120.66,79.2294,196.785,35.5206,1120.91,79.6801,197.586,0,0.381146,nan,nan
361,1,108.603,547.011,211.391,232.898,103.364,545.421,212.228,233.509,0,0.857921,nan,nan
361,20,69.5654,852.038,139.131,202.092,64.0536,851.285,139.786,202.76,0,0.436574,nan,nan
361,45,41.2408,1120.65,79.2283,196.797,35.4796,1120.89,79.6854,197.607,0,0.379734,nan,nan
362,1,108.619,547.065,211.406,233.081,103.483,545.517,212.129,233.659,0,0.856792,nan,nan
362,20,69.7585,851.783,139.496,201.793,64.413,851.03,140.067,202.431,0,0.428707,nan,nan
362,45,41.2083,1120.44,79.1946,197.321,35.6669,1120.64,79.5882,198.097,0,0.346491,nan,nan
363,1,108.609,547.093,211.408,233.115,103.5,545.733,212.159,233.632,0,0.857072,nan,nan
363,20,69.7945,851.735,139.584,201.618,64.4434,851.138,140.182,202.229,0,0.432347,nan,nan
363,45,41.1896,1120.38,79.196,197.551,35.6127,1120.7,79.6153,198.321,0,0.340655,nan,nan
364,1,108.574,546.993,211.378,233.038,103.281,545.46,212.188,233.612,0,0.858395,nan,nan
364,20,69.5833,851.745,139.094,204.37,64.0466,850.995,139.727,205.008,0,0.389271,nan,nan
364,45,41.1382,1120.4,79.0973,197.385,35.378,1120.59,79.532,198.156,0,0.323853,nan,nan
365,1,108.595,547.022,211.38,233.011,103.247,545.533,212.188,233.581,0,0.85858,nan,nan
365,20,69.5447,851.823,138.951,205.404,63.9722,851.11,139.575,206.033,0,0.394294,nan,nan
365,45,41.1396,1120.48,79.0603,197.372,35.3624,1120.68,79.482,198.126,0,0.322462,nan,nan
366,1,108.589,547.033,211.361,232.98,103.202,545.575,212.234,233.589,0,0.85825,nan,nan
366,20,69.5164,851.858,138.869,205.847,63.8588,851.248,139.545,206.527,0,0.38991,nan,nan
366,45,41.1454,1120.49,79.076,197.344,35.2427,1120.86,79.5397,198.156,0,0.314379,nan,nan
